date,SaturatedThickness
1995-9-25,177.65999999999985
1995-9-30,177.67999999999984
1995-10-5,177.59000000000015
1995-10-10,177.6199999999999
1995-10-15,177.69999999999982
1995-10-20,177.76999999999998
1995-10-25,177.84000000000015
1995-10-30,177.82000000000016
1995-11-5,178.01000000000022
1995-11-10,178.23999999999978
1995-11-15,178.23999999999978
1995-11-20,178.23999999999978
1995-11-25,178.23999999999978
1995-11-30,178.19000000000005
1995-12-5,178.23999999999978
1995-12-10,178.23999999999978
1995-12-15,178.23999999999978
1995-12-20,178.23999999999978
1995-12-25,178.23999999999978
1995-12-30,178.4699999999998
1996-1-5,178.07000000000016
1996-1-10,178.57999999999993
1996-1-15,178.51000000000022
1996-1-20,178.5
1996-1-25,178.76999999999998
1996-1-30,178.55000000000018
1996-2-5,178.6300000000001
1996-2-10,178.61000000000013
1996-2-15,178.48999999999978
1996-2-20,178.65999999999985
1996-2-25,178.8699999999999
1996-2-29,178.88999999999987
1996-3-5,179
1996-3-10,178.90999999999985
1996-3-15,178.8800000000001
1996-3-20,178.88999999999987
1996-3-25,178.51999999999998
1996-3-30,179
1996-4-5,178.61000000000013
1996-4-10,178.98999999999978
1996-4-15,178.6500000000001
1996-4-20,178.8800000000001
1996-4-25,179.09000000000015
1996-4-30,178.88999999999987
1996-5-5,178.42999999999984
1996-5-10,178.48999999999978
1996-5-15,178.36000000000013
1996-5-20,178.36000000000013
1996-5-25,178.36000000000013
1996-5-30,178.36000000000013
1996-6-5,178.3800000000001
1996-6-10,178.32000000000016
1996-6-15,178.17000000000007
1996-6-20,177.98999999999978
1996-6-25,177.86000000000013
1996-6-30,177.80000000000018
1996-7-5,177.7800000000002
1996-7-10,177.57000000000016
1996-7-15,177.67999999999984
1996-7-20,177.5999999999999
1996-7-25,177.57999999999993
1996-7-30,177.51999999999998
1996-8-5,177.51999999999998
1996-8-10,177.44999999999982
1996-8-15,177.32999999999993
1996-8-20,177.25
1996-8-25,177.42000000000007
1996-8-30,177.32999999999993
1996-9-5,177.30999999999995
1996-9-10,177.21000000000004
1996-9-15,177.5300000000002
1996-9-20,177.36000000000013
1996-9-25,177.67000000000007
1996-9-30,177.48999999999978
1996-10-5,177.5300000000002
1996-10-10,177.3499999999999
1996-10-15,177.55999999999995
1996-10-20,177.8499999999999
1996-10-25,177.8800000000001
1996-10-30,177.63999999999987
1996-11-5,177.86000000000013
1996-11-10,177.80000000000018
1996-11-15,178.05999999999995
1996-11-20,177.96000000000004
1996-11-25,177.7800000000002
1996-11-30,178.0999999999999
1996-12-5,178.23000000000002
1996-12-10,178.15999999999985
1996-12-15,177.92000000000007
1996-12-20,178.3499999999999
1996-12-25,178.38999999999987
1996-12-30,178.0300000000002
1997-1-5,177.94000000000005
1997-1-10,178.17000000000007
1997-1-15,178.53999999999996
1997-1-20,178.48999999999978
1997-1-25,178.34000000000015
1997-1-30,178.44000000000005
1997-2-5,178.2800000000002
1997-2-10,178.30000000000018
1997-2-15,178.30999999999995
1997-2-20,178.4699999999998
1997-2-25,178.36000000000013
1997-2-28,178.19999999999982
1997-3-5,177.59000000000015
1997-3-10,178.3499999999999
1997-3-15,178.30000000000018
1997-3-20,178.51999999999998
1997-3-25,178.15999999999985
1997-3-30,178.34000000000015
1997-4-5,178.7800000000002
1997-4-10,178.40999999999985
1997-4-15,178.34000000000015
1997-4-20,178.42999999999984
1997-4-25,178.1500000000001
1997-4-30,178.48000000000002
1997-5-5,178.07999999999993
1997-5-10,178.3499999999999
1997-5-15,178.21000000000004
1997-5-20,178.2800000000002
1997-5-25,178.5
1997-5-30,178.2800000000002
1997-6-5,178.48000000000002
1997-6-10,178.19999999999982
1997-6-15,178.3499999999999
1997-6-20,178.26000000000022
1997-6-25,177.90999999999985
1997-6-30,177.86000000000013
1997-7-5,177.7199999999998
1997-7-10,177.5300000000002
1997-7-15,177.30999999999995
1997-7-20,177.15999999999985
1997-7-25,177.17999999999984
1997-7-30,176.9699999999998
1997-8-5,176.98999999999978
1997-8-10,176.92000000000007
1997-8-15,177.1199999999999
1997-8-20,176.8800000000001
1997-8-25,176.90999999999985
1997-8-30,176.8499999999999
1997-9-5,176.92999999999984
1997-12-15,177.82999999999993
1997-12-20,177.73999999999978
1997-12-25,177.5300000000002
1997-12-30,177.67999999999984
1998-1-5,177.82000000000016
1998-1-10,177.82000000000016
1998-1-15,177.98000000000002
1998-1-20,178.1199999999999
1998-1-25,177.92999999999984
1998-1-30,177.8800000000001
1998-2-5,177.57999999999993
1998-2-10,177.3800000000001
1998-2-15,177.86000000000013
1998-2-20,177.80999999999995
1998-2-25,178.15999999999985
1998-2-28,177.67000000000007
1998-3-5,177.84000000000015
1998-3-10,177.92999999999984
1998-3-15,178.15999999999985
1998-3-20,177.92999999999984
1998-3-25,178.21000000000004
1998-3-30,178.21000000000004
1998-4-5,178.30000000000018
1998-4-10,178.30000000000018
1998-4-15,178.30000000000018
1998-4-20,178.30000000000018
1998-4-25,178.5300000000002
1998-4-30,178.34000000000015
1998-5-5,178.4000000000001
1998-5-10,178.30000000000018
1998-5-15,178.30000000000018
1998-5-20,178.30000000000018
1998-5-25,178.30000000000018
1998-5-30,178.30000000000018
1998-6-5,178.30000000000018
1998-6-10,178.30000000000018
1998-6-15,178.30000000000018
1998-6-20,178.30000000000018
1998-6-25,178.30000000000018
1998-6-30,178.30000000000018
1998-7-5,178.30000000000018
1998-7-10,178.30000000000018
1998-7-15,178.30000000000018
1998-7-20,178.30000000000018
1998-7-25,178.30000000000018
1998-7-30,178.30000000000018
1998-8-5,177.25
1998-8-10,177.2800000000002
1998-8-15,176.48999999999978
1998-8-20,176.21000000000004
1998-8-25,176.34000000000015
1998-8-30,176.36000000000013
1998-9-5,176.23000000000002
1998-9-10,176.30000000000018
1998-9-15,176.19000000000005
1998-9-20,176.51999999999998
1998-9-25,176.51999999999998
1998-9-30,176.38999999999987
1998-10-5,176.4699999999998
1998-10-10,176.6199999999999
1998-10-15,176.71000000000004
1998-10-20,176.3699999999999
1998-10-25,176.67999999999984
1998-10-30,176.59000000000015
1998-11-5,176.67000000000007
1998-11-10,176.67999999999984
1998-11-15,176.90999999999985
1998-11-20,176.61000000000013
1998-11-25,176.80999999999995
1998-11-30,176.84000000000015
1998-12-5,176.92000000000007
1998-12-10,176.59000000000015
1998-12-15,176.86000000000013
1998-12-20,177.03999999999996
1998-12-25,177.0300000000002
1998-12-30,177.21000000000004
1999-1-5,177.1500000000001
1999-1-10,177.1500000000001
1999-1-15,177.3800000000001
1999-1-20,177.2800000000002
1999-1-25,176.98999999999978
1999-1-30,177.1199999999999
1999-2-5,177.2199999999998
1999-2-10,177.53999999999996
1999-2-15,177.5300000000002
1999-2-20,177.15999999999985
1999-2-25,177.40999999999985
1999-2-28,177.32000000000016
1999-3-5,177.48999999999978
1999-3-10,177.4000000000001
1999-3-15,177.44999999999982
1999-3-20,177.2800000000002
1999-3-25,177.32999999999993
1999-3-30,177.63999999999987
1999-4-5,177.59000000000015
1999-4-10,177.57000000000016
1999-4-15,177.25
1999-4-20,177.84000000000015
1999-4-25,177.7199999999998
1999-4-30,177.51000000000022
1999-5-5,177.55999999999995
1999-5-10,177.67000000000007
1999-5-15,177.59000000000015
1999-5-20,177.5999999999999
1999-5-25,177.53999999999996
1999-5-30,177.55000000000018
1999-6-5,177.44000000000005
1999-6-10,177.42999999999984
1999-6-15,177.44999999999982
1999-6-20,177.15999999999985
1999-6-25,177.19000000000005
1999-6-30,177.07999999999993
1999-7-5,176.73999999999978
1999-7-10,176.4699999999998
1999-7-15,176.6199999999999
1999-7-20,176.42999999999984
1999-7-25,176.34000000000015
1999-7-30,176.34000000000015
1999-8-5,176.23000000000002
1999-8-10,176.13999999999987
1999-8-15,176.05999999999995
1999-8-20,176.01999999999998
1999-8-25,175.94000000000005
1999-8-30,175.88999999999987
1999-9-5,175.71000000000004
1999-9-10,175.8699999999999
1999-9-15,175.69000000000005
1999-9-20,175.53999999999996
1999-9-25,175.84000000000015
1999-9-30,175.84000000000015
1999-10-5,175.78999999999996
1999-10-10,175.63999999999987
1999-10-15,176.01000000000022
1999-10-20,175.8499999999999
1999-10-25,175.9000000000001
1999-10-30,175.73000000000002
1999-11-5,175.98000000000002
1999-11-10,175.94999999999982
1999-11-15,176.07999999999993
1999-11-20,176.32000000000016
1999-11-25,176.2800000000002
1999-11-30,176.2800000000002
1999-12-5,176.01999999999998
1999-12-10,176.2800000000002
1999-12-15,176.11000000000013
1999-12-20,176.07000000000016
1999-12-25,176.19000000000005
1999-12-30,176.57000000000016
2000-1-5,176.5
2000-1-10,176.46000000000004
2000-1-15,176.53999999999996
2000-1-20,176.51000000000022
2000-1-25,176.44000000000005
2000-1-30,176.51000000000022
2000-2-5,176.69999999999982
2000-2-10,176.80000000000018
2000-2-15,176.57000000000016
2000-2-20,176.57999999999993
2000-2-25,176.8800000000001
2000-2-29,176.84000000000015
2000-3-5,176.9000000000001
2000-3-10,176.61000000000013
2000-3-15,176.8800000000001
2000-3-20,177.09000000000015
2000-3-25,176.67000000000007
2000-3-30,176.65999999999985
2000-4-5,177.07000000000016
2000-4-10,177.07999999999993
2000-4-15,177.1300000000001
2000-4-20,176.6199999999999
2000-4-25,176.67999999999984
2000-4-30,176.92000000000007
2000-5-5,176.88999999999987
2000-5-10,176.9699999999998
2000-5-15,176.92000000000007
2000-5-20,176.75
2000-5-25,176.71000000000004
2000-5-30,176.71000000000004
2000-6-5,176.53999999999996
2000-6-10,176.5
2000-6-15,176.71000000000004
2000-6-20,176.36000000000013
2000-6-25,176.11000000000013
2000-6-30,176.0999999999999
2000-7-5,175.92999999999984
2000-7-10,175.9000000000001
2000-7-15,175.88999999999987
2000-7-20,175.88999999999987
2000-7-25,175.88999999999987
2000-7-30,175.88999999999987
2000-8-5,175.88999999999987
2000-8-10,175.88999999999987
2000-8-15,175.8800000000001
2000-8-20,175.8800000000001
2000-8-25,175.8800000000001
2000-8-30,175.8800000000001
2000-9-5,175.8800000000001
2000-9-10,175.8800000000001
2000-9-15,175.8800000000001
2000-9-20,175.8800000000001
2000-9-25,175.8800000000001
2000-9-30,175.8800000000001
2000-10-5,175.8800000000001
2000-10-10,175.8800000000001
2000-10-15,175.8800000000001
2000-10-20,175.8800000000001
2000-10-25,175.8800000000001
2000-10-30,175.8800000000001
2000-11-5,175.8800000000001
2000-11-10,175.8800000000001
2000-11-15,175.6500000000001
2000-11-20,175.26999999999998
2000-11-25,175.42999999999984
2000-11-30,175.6300000000001
2000-12-5,175.76999999999998
2000-12-10,175.6199999999999
2000-12-15,175.8499999999999
2000-12-20,175.9699999999998
2000-12-25,175.57000000000016
2000-12-30,175.75
2001-1-5,175.84000000000015
2001-1-10,175.88999999999987
2001-1-15,175.65999999999985
2001-1-20,175.94999999999982
2001-1-25,176.11000000000013
2001-1-30,176.0999999999999
2001-2-5,176.15999999999985
2001-2-10,175.92000000000007
2001-2-15,175.98999999999978
2001-2-20,175.9699999999998
2001-2-25,175.7800000000002
2001-2-28,176.11000000000013
2001-3-5,175.88999999999987
2001-3-10,176.36000000000013
2001-3-15,176.03999999999996
2001-3-20,176.09000000000015
2001-3-25,176.1300000000001
2001-3-30,176.21000000000004
2001-4-5,176.17000000000007
2001-4-10,176.5300000000002
2001-4-15,176.0999999999999
2001-4-20,176.44000000000005
2001-4-25,176.2199999999998
2001-4-30,176.26000000000022
2001-5-5,176.23999999999978
2001-5-10,176.32000000000016
2001-5-15,176.3800000000001
2001-5-20,176.32000000000016
2001-5-25,176.1500000000001
2001-5-30,176.2199999999998
2001-6-5,176.34000000000015
2001-6-10,176.34000000000015
2001-6-15,176.03999999999996
2001-6-20,176.1300000000001
2001-6-25,176.23999999999978
2001-6-30,176.17000000000007
2001-7-5,176.05999999999995
2001-7-10,175.92999999999984
2001-7-15,176.01999999999998
2001-7-20,175.73000000000002
2001-7-25,175.6500000000001
2001-7-30,175.6500000000001
2001-8-5,175.57999999999993
2001-8-10,175.42000000000007
2001-8-15,175.6300000000001
2001-8-20,175.48999999999978
2001-8-25,175.46000000000004
2001-8-30,175.4699999999998
2001-9-5,175.21000000000004
2001-9-10,175.09000000000015
2001-9-15,175.32999999999993
2001-9-20,175.25
2001-9-25,175.17000000000007
2001-9-30,175.05000000000018
2001-10-5,175.21000000000004
2001-10-10,175.2199999999998
2001-10-15,175.2199999999998
2001-10-20,175.19000000000005
2001-10-25,174.94999999999982
2001-10-30,175.01000000000022
2001-11-5,175.01000000000022
2001-11-10,175.1300000000001
2001-11-15,175.11000000000013
2001-11-20,175.01000000000022
2001-11-25,175.17999999999984
2001-11-30,175.63999999999987
2001-12-5,175.40999999999985
2001-12-10,175.48999999999978
2001-12-15,175.53999999999996
2001-12-20,175.32999999999993
2001-12-25,175.30999999999995
2001-12-30,175.34000000000015
2002-1-5,175.48000000000002
2002-1-10,175.61000000000013
2002-1-15,175.51999999999998
2002-1-20,175.71000000000004
2002-1-25,175.32000000000016
2002-1-30,175.55000000000018
2002-2-5,175.23000000000002
2002-2-10,175.17000000000007
2002-2-15,175.67000000000007
2002-2-20,175.57999999999993
2002-2-25,175.57999999999993
2002-2-28,175.57999999999993
2002-3-5,175.71000000000004
2002-3-10,175.2800000000002
2002-3-15,175.59000000000015
2002-3-20,175.51999999999998
2002-3-25,175.63999999999987
2002-3-30,175.67000000000007
2002-4-5,175.61000000000013
2002-4-10,175.51999999999998
2002-4-15,175.8699999999999
2002-4-20,175.5
2002-4-25,175.23000000000002
2002-4-30,175.48999999999978
2002-5-5,175.2800000000002
2002-5-10,175.40999999999985
2002-5-15,175.3800000000001
2002-5-20,175.19000000000005
2002-5-25,174.92999999999984
2002-5-30,175.07999999999993
2002-6-5,174.69000000000005
2002-6-10,174.92999999999984
2002-6-15,174.73000000000002
2002-6-20,174.57999999999993
2002-6-25,174.6500000000001
2002-6-30,174.51000000000022
2002-7-5,174.40999999999985
2002-7-10,174.32999999999993
2002-7-15,174.23000000000002
2002-7-20,174.19000000000005
2002-7-25,174.0999999999999
2002-7-30,173.82000000000016
2002-8-5,173.96000000000004
2002-8-10,173.96000000000004
2002-8-15,173.96000000000004
2002-8-20,173.96000000000004
2002-8-25,173.96000000000004
2002-8-30,173.53999999999996
2002-9-5,173.36000000000013
2002-9-10,173.36000000000013
2002-9-15,173.44999999999982
2002-9-20,173.3499999999999
2002-9-25,173.48000000000002
2002-9-30,173.4699999999998
2002-10-5,173.32000000000016
2002-10-10,173.48000000000002
2002-10-15,173.6199999999999
2002-10-20,173.3699999999999
2002-10-25,173.63999999999987
2002-10-30,173.48000000000002
2002-11-5,173.98000000000002
2002-11-10,173.86000000000013
2002-11-15,173.96000000000004
2002-11-20,173.6500000000001
2002-11-25,173.57000000000016
2002-11-30,173.96000000000004
2002-12-5,173.75
2002-12-10,173.96000000000004
2002-12-15,173.96000000000004
2002-12-20,173.71000000000004
2002-12-25,173.8800000000001
2002-12-30,174.26000000000022
2003-1-5,173.9000000000001
2003-1-10,173.86000000000013
2003-1-15,174.01999999999998
2003-1-20,174.19999999999982
2003-1-25,174.0999999999999
2003-1-30,174
2003-2-5,174.1500000000001
2003-2-10,174.0999999999999
2003-2-15,174.25
2003-2-20,174.03999999999996
2003-2-25,173.88999999999987
2003-2-28,173.88999999999987
2003-3-5,174.19999999999982
2003-3-10,174.13999999999987
2003-3-15,174.4000000000001
2003-3-20,174.01000000000022
2003-3-25,174.30000000000018
2003-3-30,174.07999999999993
2003-4-5,174.3499999999999
2003-4-10,174.44999999999982
2003-4-15,174.46000000000004
2003-4-20,174.09000000000015
2003-4-25,174.28999999999996
2003-4-30,174.55999999999995
2003-5-5,174.48999999999978
2003-5-10,174.51000000000022
2003-5-15,174.34000000000015
2003-5-20,173.94999999999982
2003-5-25,174.26000000000022
2003-5-30,174.32000000000016
2003-6-5,174.05999999999995
2003-6-10,174.17999999999984
2003-6-15,173.7199999999998
2003-6-20,173.73000000000002
2003-6-25,173.6300000000001
2003-6-30,173.5
2003-7-5,173.32000000000016
2003-7-10,173.09000000000015
2003-7-15,172.8699999999999
2003-7-20,172.82999999999993
2003-7-25,172.80000000000018
2003-7-30,172.26999999999998
2003-8-5,172.26999999999998
2003-8-10,172.26000000000022
2003-8-15,172.25
2003-8-20,172.25
2003-8-25,172.25
2003-8-30,172.25
2003-9-5,172.25
2003-9-10,172.25
2003-9-15,172.25
2003-9-20,172.25
2003-9-25,170.1300000000001
2003-9-30,170.28999999999996
2003-10-5,170.2199999999998
2003-10-10,170.23999999999978
2003-10-15,170.23000000000002
2003-10-20,170.2800000000002
2003-10-25,170.1199999999999
2003-10-30,170.59000000000015
2003-11-5,170.26000000000022
2003-11-10,170.44999999999982
2003-11-15,170.69000000000005
2003-11-20,170.4000000000001
2003-11-25,170.73999999999978
2003-11-30,170.75
2003-12-5,170.30999999999995
2003-12-10,170.42000000000007
2003-12-15,170.94999999999982
2003-12-20,170.7800000000002
2003-12-25,170.92999999999984
2003-12-30,170.84000000000015
2004-1-5,170.63999999999987
2004-1-10,170.73000000000002
2004-1-15,171
2004-2-15,171.25
2004-2-20,171.42000000000007
2004-2-25,171.19999999999982
2004-2-28,171.19999999999982
2004-2-29,171.63999999999987
2004-3-5,171.67000000000007
2004-3-10,171.5
2004-3-15,171.48999999999978
2004-3-20,171.44999999999982
2004-3-25,171.59000000000015
2004-3-30,171.42000000000007
2004-4-5,171.57000000000016
2004-4-10,171.59000000000015
2004-4-15,171.82000000000016
2004-4-20,171.80000000000018
2004-4-25,171.65999999999985
2004-4-30,171.6199999999999
2004-5-5,171.67999999999984
2004-5-10,171.55000000000018
2004-5-15,171.1199999999999
2004-5-20,171.1300000000001
2004-5-25,171.1199999999999
2004-5-30,170.84000000000015
2004-6-5,170.3800000000001
2004-6-10,170.07999999999993
2004-6-15,169.8699999999999
2004-6-20,169.7199999999998
2004-6-25,169.44999999999982
2004-6-30,169.57999999999993
2004-7-5,169.40999999999985
2004-7-10,169.05000000000018
2004-7-15,169
2004-7-20,169
2004-7-25,168.98999999999978
2004-7-30,168.98999999999978
2004-8-5,168.07000000000016
2004-8-10,168.01999999999998
2004-8-15,167.94999999999982
2004-8-20,168.05000000000018
2004-8-25,168.05000000000018
2004-8-30,168.11000000000013
2004-9-5,167.94000000000005
2004-9-10,167.92999999999984
2004-9-15,167.94000000000005
2004-9-20,167.67999999999984
2004-9-25,167.4699999999998
2004-9-30,167.80000000000018
2004-10-5,167.71000000000004
2004-10-10,167.73000000000002
2004-10-15,167.7199999999998
2004-10-20,167.5999999999999
2004-10-25,167.6199999999999
2004-10-30,167.67000000000007
2004-11-5,167.36000000000013
2004-11-10,167.90999999999985
2004-11-15,167.59000000000015
2004-11-20,167.90999999999985
2004-11-25,167.86000000000013
2004-11-30,167.94000000000005
2004-12-5,168.19999999999982
2004-12-10,168.17000000000007
2004-12-15,168.15999999999985
2004-12-20,167.88999999999987
2004-12-25,168.36000000000013
2004-12-30,168.44000000000005
2005-1-5,168.40999999999985
2005-1-10,168.3499999999999
2005-1-15,168.19000000000005
2005-1-20,168.51000000000022
2005-1-25,168.7199999999998
2005-1-30,168.6199999999999
2005-2-5,168.78999999999996
2005-2-10,168.51000000000022
2005-2-15,168.8499999999999
2005-2-20,168.94000000000005
2005-2-25,168.76999999999998
2005-2-28,168.76999999999998
2005-3-5,168.82999999999993
2005-3-10,168.67999999999984
2005-3-15,168.48999999999978
2005-3-20,168.4699999999998
2005-3-25,168.67000000000007
2005-3-30,169.1199999999999
2005-4-5,169.36000000000013
2005-4-10,169.38999999999987
2005-4-15,169.11000000000013
2005-4-20,169.30999999999995
2005-4-25,169.55000000000018
2005-4-30,169.11000000000013
2005-5-5,169.3699999999999
2005-5-10,169.42000000000007
2005-5-15,168.98999999999978
2005-5-20,169.05000000000018
2005-5-25,169.01999999999998
2005-5-30,168.8699999999999
2005-8-10,166.34000000000015
2005-8-15,166.13999999999987
2005-8-20,166.0999999999999
2005-8-25,166.09000000000015
2005-8-30,166
2005-9-5,165.9699999999998
2005-9-10,165.9699999999998
2005-9-15,165.9699999999998
2005-9-20,165.96000000000004
2005-9-25,165.96000000000004
2005-9-30,165.9699999999998
2005-10-5,165.80000000000018
2005-10-10,165.98999999999978
2005-10-15,165.8800000000001
2005-10-20,165.82000000000016
2005-10-25,165.92999999999984
2005-10-30,165.90999999999985
2005-11-5,166.15999999999985
2005-11-10,166.0300000000002
2005-11-15,166.21000000000004
2005-11-20,166.03999999999996
2005-11-25,166.2199999999998
2005-11-30,166.30000000000018
2005-12-5,166.19000000000005
2005-12-10,166.26000000000022
2005-12-15,166.23999999999978
2005-12-20,166.28999999999996
2005-12-25,166.5
2005-12-30,166.51000000000022
2006-1-5,166.17999999999984
2006-1-10,166.53999999999996
2006-1-15,166.80999999999995
2006-1-20,166.71000000000004
2006-1-25,166.57000000000016
2006-1-30,166.7800000000002
2006-2-5,166.96000000000004
2006-2-10,166.7800000000002
2006-2-15,167.11000000000013
2006-2-20,167.0300000000002
2006-2-25,166.9000000000001
2006-2-28,167.05999999999995
2006-3-5,166.98999999999978
2006-3-10,167.09000000000015
2006-3-15,166.84000000000015
2006-3-20,167.23999999999978
2006-3-25,167.1300000000001
2006-3-30,167.34000000000015
2006-4-5,167.2199999999998
2006-4-10,167.13999999999987
2006-4-15,167.28999999999996
2006-4-20,166.90999999999985
2006-4-25,166.7199999999998
2006-4-30,166.80000000000018
2006-5-5,166.71000000000004
2006-5-10,166.69000000000005
2006-5-15,166.5300000000002
2006-5-20,166.67000000000007
2006-5-25,166.26999999999998
2006-5-30,166.05000000000018
2006-6-5,166.17999999999984
2006-6-10,165.88999999999987
2006-6-15,165.7199999999998
2006-6-20,165.42999999999984
2006-6-25,165.42000000000007
2006-6-30,165.42000000000007
2006-7-5,165.40999999999985
2006-7-10,165.40999999999985
2006-7-15,165.40999999999985
2006-7-20,165.40999999999985
2006-7-25,165.40999999999985
2006-7-30,165.40999999999985
2006-8-5,165.40999999999985
2006-8-10,165.40999999999985
2006-8-15,165.40999999999985
2006-8-20,165.40999999999985
2006-8-25,164.01000000000022
2006-9-5,163.8499999999999
2006-9-10,163.80000000000018
2006-9-15,163.86000000000013
2006-9-20,163.7199999999998
2006-9-25,164.09000000000015
2006-10-5,164.07999999999993
2006-10-10,164.07999999999993
2006-10-15,164.07999999999993
2006-10-20,163.57000000000016
2006-10-25,163.86000000000013
2006-10-30,163.9699999999998
2006-11-5,163.71000000000004
2006-11-10,163.76000000000022
2006-11-15,163.73000000000002
2006-11-20,163.57000000000016
2006-11-25,163.84000000000015
2006-11-30,163.69000000000005
2006-12-5,163.9699999999998
2006-12-10,163.98999999999978
2006-12-15,163.98999999999978
2006-12-20,164.21000000000004
2006-12-25,163.96000000000004
2006-12-30,164.09000000000015
2007-1-5,164.44999999999982
2007-1-10,164.01999999999998
2007-1-15,164.01999999999998
2007-1-20,164.01999999999998
2007-1-25,164.01999999999998
2007-1-30,164.01999999999998
2007-2-5,164.01999999999998
2007-2-10,164.01999999999998
2007-2-15,164.01999999999998
2007-2-20,164.01999999999998
2007-2-25,164.01999999999998
2007-2-28,164.01999999999998
2007-3-5,164.01999999999998
2007-3-10,164.01999999999998
2007-3-15,164.01999999999998
2007-3-20,164.01999999999998
2007-3-25,164.01999999999998
2007-3-30,164.01999999999998
2007-4-10,164.01999999999998
2007-4-15,164.01999999999998
2007-4-20,164.01999999999998
2007-4-25,164.01999999999998
2007-4-30,164.76999999999998
2007-5-5,164.94999999999982
2007-5-10,164.76000000000022
2007-5-15,164.80999999999995
2007-5-20,164.48999999999978
2007-5-25,164.3499999999999
2007-5-30,164.4699999999998
2007-6-5,164.15999999999985
2007-6-10,164.55999999999995
2007-6-15,164.55999999999995
2007-6-20,164.55999999999995
2007-6-25,164.55999999999995
2007-6-30,164.55999999999995
2007-7-5,164.55000000000018
2007-7-10,164.55000000000018
2007-7-15,164.55000000000018
2007-7-20,164.55000000000018
2007-7-25,164.55000000000018
2007-7-30,164.55000000000018
2007-8-10,164.55000000000018
2007-8-20,164.55000000000018
2007-9-5,164.55000000000018
2007-9-10,164.55000000000018
2007-9-15,161.5
2007-9-20,161.5
2007-9-25,161.51000000000022
2007-9-30,161.44000000000005
2007-10-5,161.3699999999999
2007-10-10,161.3499999999999
2007-10-15,161.05999999999995
2007-10-20,161.4000000000001
2007-10-25,161.11000000000013
2007-10-30,161.26000000000022
2007-11-5,161.17999999999984
2007-11-10,161.32999999999993
2007-11-15,160.7199999999998
2007-11-20,161.32999999999993
2007-11-25,161.2199999999998
2007-11-30,161.36000000000013
2007-12-5,161.44999999999982
2007-12-10,161.1199999999999
2007-12-15,161.3699999999999
2007-12-20,161.44999999999982
2007-12-25,161.5999999999999
2007-12-30,161.44999999999982
2008-1-5,161.75
2008-1-10,161.6500000000001
2008-1-15,161.46000000000004
2008-1-20,161.6199999999999
2008-1-25,161.69999999999982
2008-1-30,161.76999999999998
2008-2-5,161.7800000000002
2008-2-10,161.57999999999993
2008-2-15,161.57000000000016
2008-2-20,161.94999999999982
2008-2-25,161.94000000000005
2008-2-28,161.94000000000005
2008-2-29,161.8800000000001
2008-3-5,162.0999999999999
2008-3-10,161.76000000000022
2008-3-15,161.9699999999998
2008-3-20,161.80999999999995
2008-3-25,162.11000000000013
2008-3-30,162
2008-4-5,162.2199999999998
2008-4-10,162.07999999999993
2008-4-15,161.88999999999987
2008-4-20,161.69999999999982
2008-4-25,161.73999999999978
2008-4-30,161.94000000000005
2008-5-5,161.4699999999998
2008-5-10,161.5999999999999
2008-5-15,161.30000000000018
2008-5-20,161.5
2008-5-25,161.05000000000018
2008-5-30,161.26999999999998
2008-6-5,161.30000000000018
2008-6-10,160.88999999999987
2008-6-15,160.84000000000015
2008-6-20,160.65999999999985
2008-6-25,160.65999999999985
2008-6-30,160.36000000000013
2008-7-5,160.44000000000005
2008-7-10,160.32000000000016
2008-7-15,160.30999999999995
2008-7-20,160.11000000000013
2008-7-25,160.0300000000002
2008-7-30,159.8699999999999
2008-8-5,159.78999999999996
2008-8-10,159.7800000000002
2008-8-15,159.51999999999998
2008-8-20,159.5999999999999
2008-8-25,159.5300000000002
2008-8-30,159.38999999999987
2008-9-5,159.38999999999987
2008-9-10,159.38999999999987
2008-9-15,159.01999999999998
2008-9-20,159.32000000000016
2008-9-25,159.21000000000004
2008-9-30,159.40999999999985
2008-10-5,159.44000000000005
2008-10-10,159.55000000000018
2008-10-15,159.36000000000013
2008-10-20,159.55999999999995
2008-10-25,159.5999999999999
2008-10-30,159.69000000000005
2008-11-5,159.92000000000007
2008-11-10,159.88999999999987
2008-11-15,159.23000000000002
2008-11-20,159.80000000000018
2008-11-25,159.76999999999998
2008-11-30,159.9699999999998
2008-12-5,159.65999999999985
2008-12-10,159.8499999999999
2008-12-15,159.7800000000002
2008-12-20,160.1300000000001
2008-12-25,160.3499999999999
2008-12-30,160.19000000000005
2009-1-5,159.94999999999982
2009-1-10,159.94999999999982
2009-1-15,160.23000000000002
2009-1-20,160.3499999999999
2009-1-25,160.51999999999998
2009-1-30,160.40999999999985
2009-2-5,160.5300000000002
2009-2-10,160.80999999999995
2009-2-15,160.69000000000005
2009-2-20,161.01000000000022
2009-2-25,160.98000000000002
2009-2-28,161.01000000000022
2009-3-5,161.0300000000002
2009-3-10,161.01000000000022
2009-3-15,161.23999999999978
2009-3-20,161.19000000000005
2009-3-25,161.25
2009-3-30,161.42999999999984
2009-4-5,161.3699999999999
2009-4-10,161.09000000000015
2009-4-15,161.21000000000004
2009-4-30,161.19000000000005
2009-5-5,160.98999999999978
2009-5-10,160.76999999999998
2009-5-15,160.76999999999998
2009-5-20,160.80000000000018
2009-5-25,160.6500000000001
2009-5-30,160.40999999999985
2009-6-5,160.34000000000015
2009-6-10,160.09000000000015
2009-6-15,159.92999999999984
2009-6-20,159.76000000000022
2009-6-25,159.6300000000001
2009-6-30,159.57000000000016
2009-7-5,159.26999999999998
2009-7-10,159.1300000000001
2009-7-15,159.15999999999985
2009-7-20,158.98000000000002
2009-7-25,158.76999999999998
2009-7-30,158.73999999999978
2009-8-15,158.32000000000016
2009-8-20,158.2199999999998
2009-8-25,157.94999999999982
2009-8-30,157.7800000000002
2009-9-5,157.82000000000016
2009-9-10,157.67999999999984
2009-9-15,157.82999999999993
2009-9-20,157.8699999999999
2009-9-25,157.78999999999996
2009-9-30,157.92000000000007
2009-10-5,157.80999999999995
2009-10-10,157.75
2009-10-15,157.8699999999999
2009-10-20,158.07999999999993
2009-10-25,158.03999999999996
2009-10-30,157.86000000000013
2009-11-5,157.78999999999996
2009-11-10,157.76999999999998
2009-11-15,158.26999999999998
2009-11-20,157.92999999999984
2009-11-25,158.01999999999998
2009-11-30,158.01999999999998
2009-12-5,158.4699999999998
2009-12-10,158.5300000000002
2009-12-15,158.5300000000002
2009-12-20,158.4699999999998
2009-12-25,158.40999999999985
2009-12-30,158.82999999999993
2010-1-5,158.55999999999995
2010-1-10,158.55000000000018
2010-1-15,158.59000000000015
2010-1-20,158.88999999999987
2010-1-25,159
2010-1-30,159
2010-2-5,159.01999999999998
2010-2-10,159.01000000000022
2010-2-15,159.1500000000001
2010-2-20,159.1500000000001
2010-2-25,159.34000000000015
2010-2-28,159.34000000000015
2010-3-5,159.36000000000013
2010-3-10,159.44000000000005
2010-3-15,159.11000000000013
2010-3-20,159.26999999999998
2010-3-25,159.28999999999996
2010-3-30,159.69000000000005
2010-4-5,159.48999999999978
2010-4-10,159.55000000000018
2010-4-15,159.4699999999998
2010-4-20,159.73000000000002
2010-4-25,159.38999999999987
2010-4-30,159.84000000000015
2010-5-5,159.75
2010-5-10,159.9699999999998
2010-5-15,159.63999999999987
2010-5-20,159.84000000000015
2010-5-25,159.73000000000002
2010-5-30,159.94000000000005
2010-6-5,159.82999999999993
2010-6-10,159.69000000000005
2010-6-15,159.3800000000001
2010-6-20,159.25
2010-6-25,159.1199999999999
2010-8-20,157.96000000000004
2010-8-25,157.40999999999985
2010-8-30,157.5999999999999
2010-9-5,157.6500000000001
2010-9-10,157.57000000000016
2010-9-15,157.42000000000007
2010-9-20,157.32999999999993
2010-9-25,157.11000000000013
2010-9-30,157.2199999999998
2010-10-5,157.2800000000002
2010-10-10,157.32000000000016
2010-10-15,157.32000000000016
2010-10-20,157.30999999999995
2010-10-25,157.48000000000002
2010-10-30,157.46000000000004
2010-11-5,157.34000000000015
2010-11-10,157.53999999999996
2010-11-15,157.65999999999985
2010-11-20,157.4699999999998
2010-11-25,157.40999999999985
2010-11-30,157.1199999999999
2010-12-5,157.28999999999996
2010-12-10,157.61000000000013
2010-12-15,157.98999999999978
2010-12-20,157.90999999999985
2010-12-25,157.48000000000002
2010-12-30,158.30999999999995
2011-1-5,157.8800000000001
2011-1-10,157.84000000000015
2011-1-15,157.84000000000015
2011-1-20,157.76999999999998
2011-1-25,157.76000000000022
2011-1-30,158.05999999999995
2011-2-5,158.38999999999987
2011-2-10,158.05999999999995
2011-2-15,158.32000000000016
2011-2-20,158.51999999999998
2011-2-25,158.1500000000001
2011-3-5,158.01999999999998
2011-3-10,158.05999999999995
2011-3-15,158.51000000000022
2011-3-20,158.65999999999985
2011-3-25,158.67999999999984
2011-3-30,158.32999999999993
2011-4-5,158.4000000000001
2011-4-10,158.67999999999984
2011-4-15,158.59000000000015
2011-4-20,158.32000000000016
2011-4-25,158.6300000000001
2011-4-30,158.71000000000004
2011-5-5,158.3499999999999
2011-5-10,158.57999999999993
2011-5-15,158.05000000000018
2011-5-20,158.4699999999998
2011-5-25,158.01000000000022
2011-5-30,158.15999999999985
2011-6-25,157.2800000000002
2011-6-30,157.1500000000001
2011-7-5,156.9699999999998
2011-7-10,156.80000000000018
2011-7-15,156.7199999999998
2011-7-20,156.61000000000013
2011-7-25,156.26000000000022
2011-8-5,156.07000000000016
2011-8-10,156.03999999999996
2011-8-15,156.03999999999996
2011-8-20,156.03999999999996
2011-8-25,156.03999999999996
2011-9-15,154.3699999999999
2011-9-20,154.44999999999982
2011-9-25,154.51999999999998
2011-9-30,154.01000000000022
2011-10-5,154.36000000000013
2011-10-10,154.17999999999984
2011-10-15,154.23999999999978
2011-10-20,154.3800000000001
2011-10-25,154.4000000000001
2011-10-30,154.4699999999998
2011-11-5,154.55000000000018
2011-11-10,154.05000000000018
2011-11-15,154.44000000000005
2011-11-20,154.26000000000022
2011-11-25,154.5999999999999
2011-11-30,154.44000000000005
2011-12-5,154.40999999999985
2011-12-10,154.3499999999999
2011-12-15,154.57000000000016
2011-12-20,154.78999999999996
2011-12-25,154.57999999999993
2011-12-30,154.8800000000001
2012-1-5,154.80000000000018
2012-1-15,154.92000000000007
2012-1-20,155.21000000000004
2012-1-25,155
2012-1-30,155.09000000000015
2012-2-5,154.82999999999993
2012-2-10,155.26999999999998
2012-2-15,155.36000000000013
2012-2-20,155.51999999999998
2012-2-25,154.9699999999998
2012-2-28,154.9699999999998
2012-3-10,155.2800000000002
2012-3-15,155.48000000000002
2012-3-20,155.63999999999987
2012-3-25,155.51999999999998
2012-3-30,155.63999999999987
2012-4-5,155.57999999999993
2012-4-10,155.7199999999998
2012-4-15,155.92000000000007
2012-4-20,155.67999999999984
2012-4-25,156.01000000000022
2012-4-30,155.65999999999985
2012-5-5,155.67999999999984
2012-5-10,155.76999999999998
2012-5-15,155.71000000000004
2012-5-20,155.69999999999982
2012-5-25,155.44000000000005
2012-5-30,155.26000000000022
2012-6-5,155.19999999999982
2012-6-10,155.42000000000007
2012-6-15,155.23000000000002
2012-6-20,155.21000000000004
2012-6-28,154.92000000000007
2012-6-30,155.01999999999998
2012-7-5,154.82999999999993
2012-7-10,154.59000000000015
2012-7-15,154.51999999999998
2012-7-20,154.26000000000022
2012-7-25,154.3699999999999
2012-8-20,153.42999999999984
2012-8-25,153.5300000000002
2012-8-30,153.3800000000001
2012-9-5,153.26000000000022
2012-9-10,153.17000000000007
2012-9-15,153.03999999999996
2012-9-20,153.1199999999999
2012-9-25,153.21000000000004
2012-9-30,153.03999999999996
2012-10-5,153.03999999999996
2012-10-10,153.09000000000015
2012-10-15,152.8499999999999
2012-10-20,153.09000000000015
2012-10-25,153.11000000000013
2012-10-30,153.0300000000002
2012-11-5,152.90999999999985
2012-11-10,153.1300000000001
2012-11-15,153.07999999999993
2012-11-25,153.3800000000001
2012-11-30,153.2199999999998
2012-12-4,152.92000000000007
2012-12-5,153.1199999999999
2012-12-10,153.17999999999984
2012-12-15,153.59000000000015
2012-12-20,153.03999999999996
2012-12-25,153.69000000000005
2012-12-30,153.4000000000001
2013-1-5,153.7199999999998
2013-1-10,153.6500000000001
2013-1-15,153.8800000000001
2013-1-25,153.73000000000002
2013-1-30,153.84000000000015
2013-2-5,154.1199999999999
2013-2-10,154.30999999999995
2013-2-15,153.7800000000002
2013-2-20,154.19000000000005
2013-2-25,154.15999999999985
2013-2-28,154.15999999999985
2013-3-5,153.92000000000007
2013-3-10,154.21000000000004
2013-3-15,154.26000000000022
2013-3-20,154.03999999999996
2013-3-25,154.07999999999993
2013-3-30,154.40999999999985
2013-4-5,154.32000000000016
2013-4-10,154.0300000000002
2013-4-15,154.40999999999985
2013-4-20,154.42999999999984
2013-4-25,154.28999999999996
2013-4-30,154.73000000000002
2013-5-5,154.30999999999995
2013-5-10,154.09000000000015
2013-5-15,154.5
2013-5-20,154.32000000000016
2013-5-25,154.1500000000001
2013-5-30,154.30000000000018
2013-6-5,153.92999999999984
2013-6-10,153.8800000000001
2013-6-15,153.71000000000004
2013-6-20,153.82000000000016
2013-6-25,153.4000000000001
2013-6-30,152.98999999999978
2013-7-5,153.0300000000002
2013-7-10,152.75
2013-7-15,152.5300000000002
2013-7-20,152.80000000000018
2013-7-25,152.5300000000002
2013-9-25,151.34000000000015
2013-9-30,151.44000000000005
2013-10-5,151.07000000000016
2013-10-10,151.48000000000002
2013-10-15,151.25
2013-10-20,151.3499999999999
2013-10-25,151.01999999999998
2013-10-30,151.28999999999996
2013-11-5,151.23000000000002
2013-11-10,151.13999999999987
2013-11-15,151.5300000000002
2013-11-20,151.55999999999995
2013-11-25,151.67999999999984
2013-11-30,151.51000000000022
2013-12-5,151.19999999999982
2013-12-10,151.30999999999995
2013-12-11,151.19999999999982
2013-12-15,151.40999999999985
2013-12-20,151.80000000000018
2013-12-25,151.51999999999998
2013-12-30,151.67999999999984
2014-1-5,151.67999999999984
2014-1-10,152.07999999999993
2014-1-15,151.5
2014-1-20,152.07999999999993
2014-1-25,152.05000000000018
2014-1-30,152.40999999999985
2014-2-5,151.76999999999998
2014-2-10,151.94000000000005
2014-2-15,152.15999999999985
2014-2-20,152.05000000000018
2014-2-25,152.19999999999982
2014-2-28,152.44999999999982
2014-3-5,152.55999999999995
2014-3-10,152.6500000000001
2014-3-15,152.3499999999999
2014-3-20,152.51999999999998
2014-3-25,152.4699999999998
2014-3-30,152.5
2014-4-5,152.34000000000015
2014-4-8,151.8499999999999
2014-4-10,152.28999999999996
2014-4-15,152.38999999999987
2014-4-20,152.23999999999978
2014-4-25,152.2800000000002
2014-4-30,151.82999999999993
2014-5-5,152.19000000000005
2014-5-10,152.17000000000007
2014-5-15,151.8499999999999
2014-5-20,151.9000000000001
2014-5-25,151.84000000000015
2014-5-30,151.82000000000016
2014-6-5,151.8800000000001
2014-6-10,151.8800000000001
2014-6-15,151.92000000000007
2014-6-20,151.6199999999999
2014-6-25,151.73999999999978
2014-6-30,151.61000000000013
2014-7-5,151.44000000000005
2014-7-10,151.32000000000016
2014-7-15,151.17000000000007
2014-7-20,151.05000000000018
2014-7-25,151.01999999999998
2014-7-30,150.86000000000013
2014-8-5,150.71000000000004
2014-8-10,150.42999999999984
2014-8-15,150.46000000000004
2014-8-20,150.26999999999998
2014-8-25,150.17000000000007
2014-8-30,150.1500000000001
2014-9-5,149.7199999999998
2014-9-10,150.07999999999993
2014-9-15,149.90999999999985
2014-9-20,149.9000000000001
2014-9-25,149.82000000000016
2014-9-30,150.05000000000018
2014-10-5,149.94999999999982
2014-10-10,149.80000000000018
2014-10-15,149.94999999999982
2014-10-20,149.8699999999999
2014-10-25,149.90999999999985
2014-10-30,149.92000000000007
2014-11-5,149.88999999999987
2014-11-10,150.48000000000002
2014-11-15,150.3499999999999
2014-11-20,150.23000000000002
2014-11-25,150.19999999999982
2014-11-30,150.36000000000013
2014-12-5,150.32000000000016
2014-12-8,150.32000000000016
2014-12-10,150.3699999999999
2014-12-15,150.38999999999987
2014-12-20,150.4699999999998
2014-12-25,150.73000000000002
2014-12-30,150.13999999999987
2015-1-5,150.61000000000013
2015-1-10,150.86000000000013
2015-1-15,150.61000000000013
2015-1-20,150.75
2015-1-25,150.76999999999998
2015-1-30,150.82999999999993
2015-2-5,150.76999999999998
2015-2-10,150.94000000000005
2015-2-15,151.07999999999993
2015-2-20,151.3499999999999
2015-2-25,151.28999999999996
2015-2-28,151.1199999999999
2015-3-5,150.9000000000001
2015-3-10,151.21000000000004
2015-3-15,151.17999999999984
2015-3-20,151.13999999999987
2015-3-25,151.36000000000013
2015-3-30,151.3699999999999
2015-4-5,151.63999999999987
2015-4-10,151.32000000000016
2015-4-15,151.63999999999987
2015-4-20,151.3800000000001
2015-4-25,151.51999999999998
2015-4-30,151.51000000000022
2015-5-5,151.59000000000015
2015-5-10,151.48000000000002
2015-5-15,151.69000000000005
2015-5-20,151.5300000000002
2015-5-25,151.69999999999982
2015-5-30,151.42000000000007
2015-6-5,151.5
2015-6-10,151.73999999999978
2015-6-15,151.40999999999985
2015-6-20,151.3800000000001
2015-6-25,151.21000000000004
2015-6-30,151.11000000000013
2015-7-5,150.92999999999984
2015-7-10,150.73999999999978
2015-7-15,150.6500000000001
2015-7-20,150.4699999999998
2015-7-25,150.48000000000002
2015-7-30,150.13999999999987
2015-8-5,150.19000000000005
2015-8-10,149.92999999999984
2015-8-15,149.9699999999998
2015-8-20,149.8499999999999
2015-8-25,149.65999999999985
2015-8-30,149.6500000000001
2015-9-5,149.42000000000007
2015-9-10,149.48000000000002
2015-9-15,149.38999999999987
2015-9-20,149.4000000000001
2015-9-25,149.30000000000018
2015-9-30,149.34000000000015
2015-10-5,149.26999999999998
2015-10-10,149.48999999999978
2015-10-15,149.3800000000001
2015-10-20,149.51000000000022
2015-10-25,149.3699999999999
2015-10-30,149.6300000000001
2015-11-5,149.51000000000022
2015-11-10,149.7800000000002
2015-11-15,149.80999999999995
2015-11-20,149.71000000000004
2015-11-25,149.82000000000016
2015-11-30,149.90999999999985
2015-12-5,149.8699999999999
2015-12-10,150.13999999999987
2015-12-15,150.07999999999993
2015-12-20,150.2199999999998
2015-12-25,150.11000000000013
2015-12-30,149.94000000000005
2016-1-5,150.3699999999999
2016-1-10,150.05000000000018
2016-1-15,150.34000000000015
2016-1-20,150.48000000000002
2016-1-25,150.51000000000022
2016-1-30,150.73999999999978
2016-2-5,150.3499999999999
2016-2-10,150.59000000000015
2016-2-15,150.69999999999982
2016-2-20,150.5
2016-2-25,150.42999999999984
2016-3-5,150.5300000000002
2016-3-10,150.48999999999978
2016-3-15,150.76000000000022
2016-3-20,150.6300000000001
2016-3-25,150.98999999999978
2016-3-30,151.05000000000018
2016-4-5,151.07999999999993
2016-4-10,151.11000000000013
2016-4-15,151.25
2016-4-20,151.07000000000016
2016-4-25,151.23000000000002
2016-4-30,151.0300000000002
2016-5-5,151.17999999999984
2016-5-10,151.17000000000007
2016-5-15,151.32000000000016
2016-5-20,151.32999999999993
2016-5-25,151.26999999999998
2016-5-30,151.36000000000013
2016-6-5,151.07000000000016
2016-6-10,150.92000000000007
2016-6-15,150.9000000000001
2016-6-20,150.5
2016-6-25,150.55000000000018
2016-6-30,150.5
2016-7-5,150.3800000000001
2016-7-10,150.32999999999993
2016-7-15,150
2016-7-20,149.8499999999999
2016-7-25,149.71000000000004
2016-7-30,149.75
2016-8-5,149.48999999999978
2016-8-10,149.38999999999987
2016-8-15,149.28999999999996
2016-8-20,149.13999999999987
2016-8-25,148.94000000000005
