date,average_water_level
2018-02-01,317.16
2018-01-31,317.17
2018-01-30,317.16
2018-01-29,317.12
2018-01-28,317.17
2018-01-27,317.16
2018-01-26,317.19
2018-01-25,317.16
2018-01-24,317.13
2018-01-23,317.16
2018-01-22,317.17
2018-01-21,317.23
2018-01-20,317.24
2018-01-19,317.25
2018-01-18,317.23
2018-01-17,317.23
2018-01-16,317.18
2018-01-15,317.22
2018-01-14,317.23
2018-01-13,317.21
2018-01-12,317.25
2018-01-11,317.25
2018-01-10,317.29
2018-01-09,317.25
2018-01-08,317.28
2018-01-07,317.33
2018-01-06,317.33
2018-01-05,317.42
2018-01-04,317.43
2018-01-03,317.5
2018-01-02,317.54
2018-01-01,317.55
2017-12-31,317.59
2017-12-30,317.64
2017-12-29,317.67
2017-12-28,317.71
2017-12-27,317.74
2017-12-26,317.77
2017-12-25,317.78
2017-12-24,317.75
2017-12-23,317.73
2017-12-22,317.73
2017-12-21,317.79
2017-12-20,317.79
2017-12-19,317.79
2017-12-18,317.78
2017-12-17,317.8
2017-12-16,317.78
2017-12-15,317.75
2017-12-14,317.82
2017-12-13,317.82
2017-12-12,317.78
2017-12-11,317.78
2017-12-10,317.76
2017-12-09,317.76
2017-12-08,317.75
2017-12-07,317.71
2017-12-06,317.69
2017-12-05,317.69
2017-12-04,317.77
2017-12-03,317.75
2017-12-02,317.73
2017-12-01,317.74
2017-11-30,317.75
2017-11-29,317.74
2017-11-28,317.8
2017-11-27,317.81
2017-11-26,317.78
2017-11-25,317.79
2017-11-24,317.8
2017-11-23,317.78
2017-11-22,317.74
2017-11-21,317.85
2017-11-20,317.89
2017-11-19,317.83
2017-11-18,317.81
2017-11-17,317.84
2017-11-16,317.81
2017-11-15,317.78
2017-11-14,317.87
2017-11-13,317.85
2017-11-12,317.86
2017-11-11,317.84
2017-11-10,317.81
2017-11-09,317.81
2017-11-08,317.75
2017-11-07,317.76
2017-11-06,317.82
2017-11-05,317.82
2017-11-04,317.82
2017-11-03,317.8
2017-11-02,317.82
2017-11-01,317.84
2017-10-31,317.85
2017-10-30,317.91
2017-10-29,317.92
2017-10-28,317.86
2017-10-27,317.8
2017-10-26,317.86
2017-10-25,317.86
2017-10-24,317.83
2017-10-23,317.86
2017-10-22,317.85
2017-10-21,317.93
2017-10-20,317.97
2017-10-19,317.96
2017-07-31,319.79
2017-07-30,319.74
2017-07-29,319.67
2017-07-28,319.62
2017-07-27,319.56
2017-07-26,319.53
2017-07-25,319.53
2017-07-24,319.54
2017-07-23,319.54
2017-07-22,319.54
2017-07-21,319.52
2017-07-20,319.55
2017-07-19,319.62
2017-07-18,319.7
2017-07-17,319.85
2017-07-16,320.03
2017-07-15,320.21
2017-07-14,320.08
2017-07-13,320.06
2017-07-12,320.19
2017-07-11,320.05
2017-07-10,320.01
2017-07-09,320.06
2017-07-08,320.11
2017-07-07,320.16
2017-07-06,320.23
2017-07-05,320.4
2017-07-04,320.58
2017-07-03,320.61
2017-07-02,320.58
2017-07-01,320.57
2017-06-30,320.49
2017-06-29,320.32
2017-06-28,320.25
2017-06-27,320.29
2017-06-26,320.36
2017-06-25,320.44
2017-06-24,320.58
2017-06-23,320.7
2017-06-22,320.61
2017-06-21,320.57
2017-06-20,320.48
2017-06-19,320.34
2017-06-18,320.23
2017-06-17,320.09
2017-06-16,319.79
2017-06-15,319.82
2017-06-14,319.98
2017-06-13,319.89
2017-06-12,319.83
2017-06-11,319.76
2017-06-10,319.71
2017-06-09,319.67
2017-06-08,319.6
2017-06-07,319.49
2017-06-06,319.38
2017-06-05,319.31
2017-06-04,319.32
2017-06-03,319.45
2017-06-02,319.34
2017-06-01,319.34
2017-05-31,319.4
2017-05-30,319.5
2017-05-29,319.55
2017-05-28,319.46
2017-05-27,319.43
2017-05-26,319.32
2017-05-25,319.16
2017-05-24,319.09
2017-05-23,319.09
2017-05-22,319.17
2017-05-21,319.31
2017-05-20,319.44
2017-05-19,319.44
2017-05-18,319.31
2017-05-17,319.29
2017-05-16,319.2
2017-05-15,319.22
2017-05-14,319.19
2017-05-13,319.14
2017-05-12,319.17
2017-05-11,319.08
2017-05-10,319.06
2017-05-09,318.94
2017-05-08,319.0
2017-05-07,319.02
2017-05-06,318.97
2017-05-05,318.92
2017-05-04,318.81
2017-05-03,318.8
2017-05-02,318.64
2017-05-01,318.49
2017-04-30,318.41
2017-04-29,318.46
2017-04-28,318.42
2017-04-27,318.26
2017-04-26,318.28
2017-04-25,318.13
2017-04-24,318.06
2017-04-23,318.02
2017-04-22,318.01
2017-04-21,317.89
2017-04-20,317.93
2017-04-19,317.96
2017-04-18,317.85
2017-04-17,317.94
2017-04-16,317.98
2017-04-15,318.01
2017-04-14,318.05
2017-04-13,318.08
2017-04-12,318.08
2017-04-11,318.01
2017-04-10,317.99
2017-04-09,317.94
2017-04-08,317.92
2017-04-07,317.89
2017-04-06,317.88
2017-04-05,317.91
2017-04-04,317.81
2017-04-03,317.78
2017-04-02,317.8
2017-04-01,317.85
2017-03-31,317.77
2017-03-30,317.76
2017-03-29,317.81
2017-03-28,317.77
2017-03-27,317.81
2017-03-26,317.75
2017-03-25,317.72
2017-03-24,317.68
2017-03-23,317.64
2017-03-22,317.68
2017-03-21,317.59
2017-03-20,317.52
2017-03-19,317.5
2017-03-18,317.46
2017-03-17,317.41
2017-03-16,317.37
2017-03-15,317.37
2017-03-14,317.33
2017-03-13,317.31
2017-03-12,317.3
2017-03-11,317.32
2017-03-10,317.35
2017-03-09,317.33
2017-03-08,317.31
2017-03-07,317.3
2017-03-06,317.22
2017-03-05,317.21
2017-03-04,317.22
2017-03-03,317.27
2017-03-02,317.3
2017-03-01,317.32
2017-02-28,317.26
2017-02-27,317.25
2017-02-26,317.24
2017-02-25,317.21
2017-02-24,317.23
2017-02-23,317.15
2017-02-22,317.17
2017-02-21,317.16
2017-02-20,317.16
2017-02-19,317.13
2017-02-18,317.14
2017-02-17,317.13
2017-02-16,317.18
2017-02-15,317.23
2017-02-14,317.25
2017-02-13,317.24
2017-02-12,317.28
2017-02-11,317.28
2017-02-10,317.26
2017-02-09,317.25
2017-02-08,317.24
2017-02-07,317.17
2017-02-06,317.1
2017-02-05,317.09
2017-02-04,317.1
2017-02-03,317.14
2017-02-02,317.15
2017-02-01,317.13
2017-01-31,317.08
2017-01-30,317.09
2017-01-29,317.11
2017-01-28,317.11
2017-01-27,317.11
2017-01-26,317.1
2017-01-25,317.1
2017-01-24,316.98
2017-01-23,316.93
2017-01-21,316.9
2017-01-20,316.93
2017-01-19,316.93
2017-01-18,316.97
2017-01-17,316.98
2017-01-16,316.99
2017-01-15,316.96
2017-01-14,316.99
2017-01-13,317.01
2017-01-12,316.98
2017-01-11,316.95
2017-01-10,316.95
2017-01-09,316.93
2017-01-08,316.98
2017-01-07,316.97
2017-01-06,316.88
2017-01-05,316.84
2017-01-04,316.82
2017-01-03,316.86
2017-01-02,316.83
2017-01-01,316.78
2016-12-31,316.77
2016-12-30,316.82
2016-12-29,316.87
2016-12-28,316.79
2016-12-27,316.78
2016-12-26,316.78
2016-12-25,316.71
2016-12-24,316.71
2016-12-22,316.74
2016-12-21,316.71
2016-12-20,316.7
2016-12-19,316.72
2016-12-18,316.67
2016-12-17,316.58
2016-12-16,316.53
2016-12-15,316.58
2016-12-14,316.59
2016-12-13,316.58
2016-12-12,316.57
2016-12-11,316.53
2016-12-10,316.55
2016-12-09,316.52
2016-12-08,316.52
2016-12-07,316.48
2016-12-06,316.48
2016-12-05,316.44
2016-12-04,316.48
2016-12-03,316.47
2016-12-02,316.48
2016-12-01,316.5
2016-11-30,316.56
2016-11-29,316.44
2016-11-28,316.42
2016-11-27,316.41
2016-11-26,316.48
2016-11-25,316.52
2016-11-24,316.52
2016-11-23,316.56
2016-11-22,316.47
2016-11-21,316.45
2016-11-20,316.46
2016-11-19,316.53
2016-11-18,316.57
2016-11-17,316.39
2016-11-16,316.42
2016-11-15,316.46
2016-11-14,316.44
2016-11-13,316.46
2016-11-12,316.5
2016-11-11,316.5
2016-11-10,316.53
2016-11-09,316.56
2016-11-08,316.52
2016-11-07,316.52
2016-11-06,316.55
2016-11-05,316.58
2016-11-04,316.69
2016-11-03,316.65
2016-11-02,316.59
2016-11-01,316.61
2016-10-31,316.58
2016-10-30,316.54
2016-10-29,316.5
2016-10-28,316.5
2016-10-27,316.47
2016-10-26,316.5
2016-10-25,316.44
2016-10-24,316.39
2016-10-23,316.38
2016-10-22,316.39
2016-10-21,316.39
2016-10-20,316.31
2016-10-19,316.32
2016-10-18,316.25
2016-10-17,316.19
2016-10-16,316.14
2016-10-15,316.09
2016-10-14,316.04
2016-10-13,316.02
2016-10-12,315.98
2016-10-11,315.95
2016-10-10,315.96
2016-10-09,315.98
2016-10-08,316.02
2016-10-07,316.05
2016-10-06,316.04
2016-10-05,316.06
2016-10-04,316.06
2016-10-03,316.07
2016-10-02,316.12
2016-10-01,316.16
2016-09-30,316.21
2016-09-29,316.27
2016-09-28,316.3
2016-09-27,316.36
2016-09-26,316.44
2016-09-25,316.52
2016-09-24,316.54
2016-09-23,316.55
2016-09-22,316.51
2016-09-21,316.49
2016-09-20,316.45
2016-09-19,316.4
2016-09-18,316.34
2016-09-17,316.31
2016-09-16,316.35
2016-09-15,316.35
2016-09-14,316.45
2016-09-13,316.34
2016-09-12,316.31
2016-09-11,316.29
2016-09-10,316.27
2016-09-09,316.31
2016-09-08,316.22
2016-09-07,316.24
2016-09-06,316.17
2016-09-05,316.12
2016-09-04,316.12
2016-09-03,316.1
2016-09-02,316.15
2016-09-01,316.15
2016-08-31,316.22
2016-08-30,316.22
2016-08-29,316.28
2016-08-28,316.41
2016-08-27,316.45
2016-08-26,316.43
2016-08-25,316.32
2016-08-24,316.29
2016-08-23,316.23
2016-08-22,316.27
2016-08-21,316.32
2016-08-20,316.36
2016-08-19,316.44
2016-08-18,316.47
2016-08-17,316.5
2016-08-16,316.36
2016-08-15,316.36
2016-08-14,316.38
2016-08-13,316.42
2016-08-12,316.51
2016-08-11,316.51
2016-08-10,316.52
2016-08-09,316.4
2016-08-08,316.32
2016-08-07,316.24
2016-08-06,316.09
2016-08-05,316.2
2016-08-04,316.2
2016-08-03,316.13
2016-08-02,316.02
2016-08-01,315.94
2016-07-31,315.9
2016-07-30,315.9
2016-07-29,315.92
2016-07-28,315.87
2016-07-27,315.85
2016-07-26,315.81
2016-07-25,315.78
2016-07-24,315.76
2016-07-23,315.72
2016-07-22,315.74
2016-07-21,315.65
2016-07-20,315.67
2016-07-19,315.61
2016-07-18,315.57
2016-07-17,315.54
2016-07-16,315.52
2016-07-15,315.55
2016-07-14,315.51
2016-07-13,315.55
2016-07-12,315.53
2016-07-11,315.6
2016-07-10,315.67
2016-07-09,315.81
2016-07-08,315.93
2016-07-07,316.04
2016-07-06,316.21
2016-07-05,316.38
2016-07-04,316.62
2016-07-03,316.87
2016-07-02,317.18
2016-07-01,317.56
2016-06-30,318.0
2016-06-29,318.67
2016-06-28,319.1
2016-06-27,319.44
2016-06-26,319.83
2016-06-25,319.56
2016-06-24,319.45
2016-06-23,319.19
2016-06-22,318.92
2016-06-21,318.62
2016-06-20,318.2
2016-06-19,318.24
2016-06-18,318.24
2016-06-17,318.24
2016-06-16,318.12
2016-06-15,318.06
2016-06-14,317.99
2016-06-13,317.97
2016-06-12,318.01
2016-06-11,318.08
2016-06-10,318.13
2016-06-09,318.03
2016-06-08,318.01
2016-06-07,317.89
2016-06-06,317.85
2016-06-05,317.83
2016-06-04,317.83
2016-06-03,317.89
2016-06-02,317.88
2016-06-01,317.96
2016-05-31,317.93
2016-05-30,317.96
2016-05-29,318.0
2016-05-28,317.98
2016-05-27,318.0
2016-05-26,317.9
2016-05-25,317.97
2016-05-24,317.95
2016-05-23,317.98
2016-05-22,318.01
2016-05-21,318.08
2016-05-20,318.15
2016-05-19,318.3
2016-05-18,318.26
2016-05-17,318.22
2016-05-16,318.17
2016-05-15,318.13
2016-05-14,318.19
2016-05-13,318.2
2016-05-12,318.25
2016-05-11,318.3
2016-05-10,318.2
2016-05-09,318.13
2016-05-08,318.08
2016-05-07,318.11
2016-05-06,318.17
2016-05-05,318.11
2016-05-04,318.14
2016-05-03,318.06
2016-05-02,318.1
2016-05-01,318.15
2016-04-30,318.21
2016-04-29,318.21
2016-04-28,318.27
2016-04-27,318.21
2016-04-26,318.03
2016-04-25,317.96
2016-04-24,317.99
2016-04-23,318.07
2016-04-22,318.15
2016-04-21,318.2
2016-04-20,318.26
2016-04-19,318.35
2016-04-18,318.49
2016-04-17,318.52
2016-04-16,318.53
2016-04-15,318.55
2016-04-14,318.56
2016-04-13,318.63
2016-04-12,318.69
2016-04-11,318.7
2016-04-10,318.65
2016-04-09,318.65
2016-04-08,318.72
2016-04-07,318.62
2016-04-06,318.64
2016-04-05,318.54
2016-04-04,318.51
2016-04-03,318.45
2016-04-02,318.44
2016-04-01,318.49
2016-03-31,318.4
2016-03-30,318.39
2016-03-29,318.23
2016-03-28,318.24
2016-03-27,318.26
2016-03-26,318.21
2016-03-25,318.21
2016-03-24,318.21
2016-03-23,318.17
2016-03-22,318.1
2016-03-21,318.14
2016-03-20,318.17
2016-03-19,318.18
2016-03-18,318.19
2016-03-17,318.15
2016-03-16,318.19
2016-03-15,318.18
2016-03-14,318.14
2016-03-13,318.15
2016-03-12,318.18
2016-03-11,318.24
2016-03-10,318.24
2016-03-09,318.24
2016-03-08,318.23
2016-03-07,318.26
2016-03-06,318.32
2016-03-05,318.37
2016-03-04,318.37
2016-03-03,318.34
2016-03-02,318.3
2016-03-01,318.28
2016-02-29,318.27
2016-02-28,318.23
2016-02-27,318.23
2016-02-26,318.28
2016-02-25,318.3
2016-02-24,318.32
2016-02-23,318.33
2016-02-22,318.34
2016-02-21,318.43
2016-02-20,318.44
2016-02-19,318.46
2016-02-18,318.41
2016-02-17,318.45
2016-02-16,318.4
2016-02-15,318.35
2016-02-14,318.32
2016-02-13,318.33
2016-02-12,318.34
2016-02-11,318.26
2016-02-10,318.27
2016-02-09,318.27
2016-02-08,318.28
2016-02-07,318.19
2016-02-06,318.22
2016-02-05,318.22
2016-02-04,318.21
2016-02-03,318.24
2016-02-02,318.17
2016-02-01,318.09
2016-01-31,318.08
2016-01-30,318.04
2016-01-29,318.05
2016-01-28,318.09
2016-01-27,318.14
2016-01-26,318.14
2016-01-25,318.1
2016-01-24,318.08
2016-01-23,318.1
2016-01-22,318.16
2016-01-21,318.1
2016-01-20,318.07
2016-01-19,318.09
2016-01-18,318.11
2016-01-17,318.06
2016-01-16,318.09
2016-01-15,318.08
2016-01-14,318.04
2016-01-13,318.16
2016-01-12,318.11
2016-01-11,317.97
2016-01-10,317.98
2016-01-09,317.99
2016-01-08,317.96
2016-01-07,317.98
2016-01-06,318.01
2016-01-05,318.04
2016-01-04,318.04
2016-01-03,318.05
2016-01-02,318.05
2016-01-01,318.1
2015-12-31,318.09
2015-12-30,318.09
2015-12-29,318.06
2015-12-28,318.1
2015-12-27,318.11
2015-12-26,318.08
2015-12-25,318.16
2015-12-24,318.16
2015-12-23,318.11
2015-12-22,318.05
2015-12-21,318.12
2015-12-20,318.08
2015-12-19,318.11
2015-12-18,318.13
2015-12-17,318.05
2015-12-16,318.04
2015-12-15,318.03
2015-12-14,318.01
2015-12-13,318.04
2015-12-12,318.06
2015-12-11,318.11
2015-12-10,318.07
2015-12-09,318.06
2015-12-08,318.01
2015-12-07,318.01
2015-12-06,318.03
2015-12-05,318.01
2015-12-04,318.02
2015-12-03,318.01
2015-12-02,317.99
2015-12-01,317.96
2015-11-30,317.97
2015-11-29,317.99
2015-11-28,318.05
2015-11-27,318.09
2015-11-26,318.04
2015-11-25,318.07
2015-11-24,317.98
2015-11-23,317.97
2015-11-22,318.0
2015-11-21,318.09
2015-11-20,318.03
2015-11-19,318.05
2015-11-18,317.99
2015-11-17,317.98
2015-11-16,317.94
2015-11-15,318.01
2015-11-14,318.08
2015-11-13,318.14
2015-11-12,318.13
2015-11-11,318.1
2015-11-10,318.08
2015-11-09,318.1
2015-11-08,318.12
2015-11-07,318.19
2015-11-06,318.23
2015-11-05,318.23
2015-11-04,318.25
2015-11-03,318.28
2015-11-02,318.29
2015-11-01,318.36
2015-10-31,318.43
2015-10-30,318.46
2015-10-29,318.5
2015-10-28,318.6
2015-10-27,318.63
2015-10-26,318.72
2015-10-25,318.76
2015-10-24,318.87
2015-10-23,318.92
2015-10-22,318.98
2015-10-21,319.09
2015-10-20,319.11
2015-10-19,319.13
2015-10-18,319.14
2015-10-17,319.16
2015-10-16,319.24
2015-10-15,319.14
2015-10-14,319.36
2015-10-13,319.41
2015-10-12,319.4
2015-10-11,319.43
2015-10-10,319.54
2015-10-09,319.7
2015-10-08,319.74
2015-10-07,319.85
2015-10-06,319.86
2015-10-05,319.84
2015-10-04,319.85
2015-10-03,319.85
2015-10-02,319.97
2015-10-01,319.88
2015-09-30,319.85
2015-09-29,319.74
2015-09-28,319.67
2015-09-27,319.65
2015-09-26,319.74
2015-09-25,319.81
2015-09-24,319.68
2015-09-23,319.66
2015-09-22,319.57
2015-09-21,319.58
2015-09-20,319.66
2015-09-19,319.8
2015-09-18,319.84
2015-09-17,319.78
2015-09-16,319.8
2015-09-15,319.72
2015-09-14,319.68
2015-09-13,319.62
2015-09-12,319.62
2015-09-11,319.67
2015-09-10,319.7
2015-09-09,319.91
2015-09-08,319.84
2015-09-07,319.81
2015-09-06,319.72
2015-09-05,319.76
2015-09-04,319.78
2015-09-03,319.66
2015-09-02,319.68
2015-09-01,319.65
2015-08-31,319.56
2015-08-30,319.55
2015-08-29,319.6
2015-08-28,319.59
2015-08-27,319.47
2015-08-26,319.5
2015-08-25,319.46
2015-08-24,319.42
2015-08-23,319.34
2015-08-22,319.33
2015-08-21,319.28
2015-08-20,319.21
2015-08-19,319.31
2015-08-18,319.24
2015-08-17,319.18
2015-08-16,319.1
2015-08-15,319.16
2015-08-14,319.34
2015-08-13,319.26
2015-08-12,319.37
2015-08-11,319.28
2015-08-10,319.15
2015-08-09,319.03
2015-08-08,319.04
2015-08-07,319.02
2015-08-06,318.93
2015-08-05,318.87
2015-08-04,318.75
2015-08-03,318.64
2015-08-02,318.52
2015-08-01,318.5
2015-07-31,318.53
2015-07-30,318.44
2015-07-29,318.36
2015-07-28,318.26
2015-07-27,318.19
2015-07-26,318.08
2015-07-25,318.04
2015-07-24,318.04
2015-07-23,317.94
2015-07-22,317.93
2015-07-21,317.82
2015-07-20,317.67
2015-07-19,317.6
2015-07-18,317.58
2015-07-17,317.6
2015-07-16,317.52
2015-07-15,317.51
2015-07-14,317.43
2015-07-13,317.39
2015-07-12,317.37
2015-07-11,317.33
2015-07-10,317.33
2015-07-09,317.31
2015-07-08,317.35
2015-07-07,317.42
2015-07-06,317.48
2015-07-05,317.43
2015-07-04,317.42
2015-07-03,317.48
2015-07-02,317.37
2015-07-01,317.35
2015-06-30,317.35
2015-06-29,317.39
2015-06-28,317.4
2015-06-27,317.44
2015-06-26,317.54
2015-06-25,317.44
2015-06-24,317.46
2015-06-23,317.38
2015-06-22,317.42
2015-06-21,317.42
2015-06-20,317.43
2015-06-19,317.51
2015-06-18,317.48
2015-06-17,317.54
2015-06-16,317.59
2015-06-15,317.7
2015-06-14,317.77
2015-06-13,317.8
2015-06-12,317.89
2015-06-11,317.78
2015-06-10,317.78
2015-06-09,317.75
2015-06-08,317.65
2015-06-07,317.54
2015-06-06,317.58
2015-06-05,317.61
2015-06-04,317.56
2015-06-03,317.55
2015-06-02,317.58
2015-06-01,317.61
2015-05-31,317.7
2015-05-30,317.82
2015-05-29,317.93
2015-05-28,318.04
2015-05-27,318.16
2015-05-26,318.24
2015-05-25,318.32
2015-05-24,318.45
2015-05-23,318.64
2015-05-22,318.88
2015-05-21,319.06
2015-05-20,319.25
2015-05-19,319.45
2015-05-18,319.68
2015-05-17,319.85
2015-05-16,320.04
2015-05-15,320.18
2015-05-14,320.23
2015-05-13,320.38
2015-05-12,320.49
2015-05-11,320.57
2015-05-10,320.58
2015-05-09,320.58
2015-05-08,320.59
2015-05-07,320.37
2015-05-06,320.33
2015-05-05,320.31
2015-05-04,320.48
2015-05-03,320.53
2015-05-02,320.5
2015-05-01,320.51
2015-04-30,320.37
2015-04-29,320.33
2015-04-28,320.27
2015-04-27,320.29
2015-04-26,320.18
2015-04-25,320.07
2015-04-24,320.08
2015-04-23,320.02
2015-04-22,320.03
2015-04-21,319.93
2015-04-20,319.96
2015-04-19,319.86
2015-04-18,319.78
2015-04-17,319.85
2015-04-16,319.81
2015-04-15,319.85
2015-04-14,319.79
2015-04-13,319.85
2015-04-12,319.9
2015-04-11,319.87
2015-04-10,319.99
2015-04-09,319.88
2015-04-08,319.83
2015-04-07,319.85
2015-04-06,319.86
2015-04-05,319.82
2015-04-04,319.87
2015-04-03,320.07
2015-04-02,319.92
2015-04-01,319.91
2015-03-31,319.84
2015-03-30,319.89
2015-03-29,319.74
2015-03-28,319.62
2015-03-27,319.61
2015-03-26,319.56
2015-03-25,319.54
2015-03-24,319.5
2015-03-23,319.55
2015-03-22,319.57
2015-03-21,319.54
2015-03-20,319.68
2015-03-19,319.63
2015-03-18,319.67
2015-03-17,319.68
2015-03-16,319.7
2015-03-15,319.7
2015-03-14,319.67
2015-03-13,319.68
2015-03-12,319.64
2015-03-11,319.63
2015-03-10,319.49
2015-03-09,319.47
2015-03-08,319.45
2015-03-07,319.52
2015-03-06,319.57
2015-03-05,319.58
2015-03-04,319.54
2015-03-03,319.53
2015-03-02,319.58
2015-03-01,319.64
2015-02-28,319.57
2015-02-27,319.56
2015-02-26,319.48
2015-02-25,319.46
2015-02-24,319.43
2015-02-23,319.52
2015-02-22,319.55
2015-02-21,319.48
2015-02-20,319.49
2015-02-19,319.5
2015-02-18,319.53
2015-02-17,319.43
2015-02-16,319.4
2015-02-15,319.45
2015-02-14,319.49
2015-02-13,319.6
2015-02-12,319.54
2015-02-11,319.56
2015-02-10,319.45
2015-02-09,319.49
2015-02-08,319.39
2015-02-07,319.31
2015-02-06,319.4
2015-02-05,319.45
2015-02-04,319.4
2015-02-03,319.41
2015-02-02,319.45
2015-02-01,319.48
2015-01-31,319.43
2015-01-30,319.54
2015-01-29,319.55
2015-01-28,319.52
2015-01-27,319.52
2015-01-26,319.54
2015-01-25,319.58
2015-01-24,319.59
2015-01-23,319.63
2015-01-22,319.66
2015-01-21,319.72
2015-01-20,319.77
2015-01-19,319.74
2015-01-18,319.76
2015-01-17,319.73
2015-01-16,319.76
2015-01-15,319.69
2015-01-14,319.71
2015-01-13,319.77
2015-01-12,319.86
2015-01-11,319.85
2015-01-10,319.85
2015-01-09,320.0
2015-01-08,319.9
2015-01-07,320.02
2015-01-06,319.87
2015-01-05,319.94
2015-01-04,319.95
2015-01-03,319.89
2015-01-02,319.92
2015-01-01,319.89
2014-12-31,320.0
2014-12-30,319.99
2014-12-29,320.0
2014-12-28,320.09
2014-12-27,320.14
2014-12-26,320.22
2014-12-25,320.22
2014-12-24,320.41
2014-12-23,320.49
2014-12-22,320.56
2014-12-21,320.72
2014-12-20,320.92
2014-12-19,321.43
2014-12-18,321.39
2014-12-17,321.27
2014-12-16,321.15
2014-12-15,321.09
2014-12-14,320.85
2014-12-13,320.74
2014-12-12,320.51
2014-12-11,320.03
2014-12-10,319.85
2014-12-09,319.83
2014-12-08,319.86
2014-12-07,319.9
2014-12-06,319.95
2014-12-05,319.97
2014-12-04,319.92
2014-12-03,319.97
2014-12-02,320.02
2014-12-01,320.06
2014-11-30,320.06
2014-11-29,319.93
2014-11-28,319.92
2014-11-27,320.04
2014-11-26,320.1
2014-11-25,320.01
2014-11-24,320.1
2014-11-23,320.04
2014-11-22,319.98
2014-11-21,320.09
2014-11-20,320.08
2014-11-19,320.11
2014-11-18,320.09
2014-11-17,320.15
2014-11-16,320.16
2014-11-15,320.15
2014-11-14,320.23
2014-11-13,320.25
2014-11-12,320.28
2014-11-11,320.3
2014-11-10,320.3
2014-11-09,320.39
2014-11-08,320.47
2014-11-07,320.58
2014-11-06,320.68
2014-11-05,320.75
2014-11-04,320.79
2014-11-03,320.85
2014-11-02,320.88
2014-11-01,320.9
2014-10-31,321.04
2014-10-30,321.0
2014-10-29,321.04
2014-10-28,321.01
2014-10-27,321.02
2014-10-26,321.05
2014-10-25,321.1
2014-10-24,321.26
2014-10-23,321.27
2014-10-22,321.22
2014-10-21,321.23
2014-10-20,321.31
2014-10-19,321.42
2014-10-18,321.43
2014-10-17,321.51
2014-10-16,321.41
2014-10-15,321.48
2014-10-14,321.39
2014-10-13,321.28
2014-10-12,321.2
2014-10-11,321.31
2014-10-10,321.44
2014-10-09,321.33
2014-10-08,321.35
2014-10-07,321.31
2014-10-06,321.27
2014-10-05,321.07
2014-10-04,320.99
2014-10-03,321.15
2014-10-02,321.05
2014-10-01,321.01
2014-09-30,320.95
2014-09-29,320.94
2014-09-28,320.86
2014-09-27,320.88
2014-09-26,320.97
2014-09-25,321.01
2014-09-24,321.05
2014-09-23,321.08
2014-09-22,321.08
2014-09-21,321.08
2014-09-20,321.19
2014-09-19,321.3
2014-09-18,321.34
2014-09-17,321.29
2014-09-16,321.25
2014-09-15,321.22
2014-09-14,321.24
2014-09-13,321.35
2014-09-12,321.5
2014-09-11,321.56
2014-09-10,321.62
2014-09-09,321.52
2014-09-08,321.53
2014-09-07,321.6
2014-09-06,321.74
2014-09-05,321.9
2014-09-04,321.98
2014-09-03,322.03
2014-09-02,322.05
2014-09-01,322.02
2014-08-31,321.86
2014-08-30,321.9
2014-08-29,322.06
2014-08-28,321.95
2014-08-27,321.96
2014-08-26,321.8
2014-08-25,321.74
2014-08-24,321.65
2014-08-23,321.68
2014-08-22,321.7
2014-08-21,321.57
2014-08-20,321.5
2014-08-19,321.41
2014-08-18,321.44
2014-08-17,321.49
2014-08-16,321.62
2014-08-15,321.69
2014-08-14,321.58
2014-08-13,321.58
2014-08-12,321.56
2014-08-11,321.67
2014-08-10,321.57
2014-08-09,321.56
2014-08-08,321.65
2014-08-07,321.48
2014-08-06,321.46
2014-08-05,321.33
2014-08-04,321.27
2014-08-03,321.09
2014-08-02,321.14
2014-08-01,321.22
2014-07-31,321.26
2014-07-30,321.24
2014-07-29,321.13
2014-07-28,321.02
2014-07-27,320.9
2014-07-26,320.89
2014-07-25,320.97
2014-07-24,320.85
2014-06-16,323.33
2014-06-15,323.39
2014-06-14,323.61
2014-06-13,323.87
2014-06-12,323.89
2014-06-11,323.74
2014-06-10,323.55
2014-06-09,323.44
2014-06-08,323.38
2014-06-07,323.74
2014-06-06,323.63
2014-06-05,323.58
2014-06-04,323.59
2014-06-03,323.62
2014-06-02,323.6
2014-06-01,323.59
2014-05-31,323.54
2014-05-30,323.65
2014-05-29,323.6
2014-05-28,323.57
2014-05-27,323.66
2014-05-26,323.74
2014-05-25,323.9
2014-05-24,324.21
2014-05-23,324.42
2014-05-22,324.18
2014-05-21,324.31
2014-05-20,324.24
2014-05-19,324.06
2014-05-18,323.96
2014-05-17,324.03
2014-05-16,323.98
2014-05-15,323.85
2014-05-14,323.76
2014-05-13,323.82
2014-05-12,323.89
2014-05-11,323.69
2014-05-10,323.8
2014-05-09,323.45
2014-05-08,323.18
2014-05-07,323.14
2014-05-06,323.11
2014-05-05,323.23
2014-05-04,323.35
2014-05-03,323.23
2014-05-02,323.23
2014-05-01,323.2
2014-04-30,323.21
2014-04-29,323.13
2014-04-28,323.09
2014-04-27,322.91
2014-04-26,322.92
2014-04-25,322.98
2014-04-24,322.84
2014-04-23,322.8
2014-04-22,322.77
2014-04-21,322.62
2014-04-20,322.46
2014-04-19,322.65
2014-04-18,322.65
2014-04-17,322.46
2014-04-16,322.44
2014-04-15,322.44
2014-04-14,322.51
2014-04-13,322.4
2014-04-12,322.46
2014-04-11,322.47
2014-04-10,322.37
2014-04-09,322.32
2014-04-08,322.22
2014-04-07,322.21
2014-04-06,322.12
2014-04-05,322.16
2014-04-04,322.14
2014-04-03,322.02
2014-04-02,322.02
2014-04-01,321.91
2014-03-31,321.88
2014-03-30,321.76
2014-03-29,321.83
2014-03-28,321.76
2014-03-27,321.67
2014-03-26,321.65
2014-03-25,321.68
2014-03-24,321.66
2014-03-23,321.54
2014-03-22,321.62
2014-03-21,321.62
2014-03-20,321.53
2014-03-19,321.53
2014-03-18,321.38
2014-03-17,321.27
2014-03-16,321.25
2014-03-15,321.2
2014-03-14,321.24
2014-03-13,321.27
2014-03-12,321.29
2014-03-11,321.2
2014-03-10,321.23
2014-03-09,321.26
2014-03-08,321.25
2014-03-07,321.24
2014-03-06,321.26
2014-03-05,321.21
2014-03-04,321.21
2014-03-03,321.27
2014-03-02,321.26
2014-03-01,321.28
2014-02-28,321.22
2014-02-27,321.2
2014-02-26,321.27
2014-02-25,321.32
2014-02-24,321.33
2014-02-23,321.29
2014-02-22,321.21
2014-02-21,321.23
2014-02-20,321.27
2014-02-19,321.21
2014-02-18,321.23
2014-02-17,321.27
2014-02-16,321.22
2014-02-15,321.15
2014-02-14,321.14
2014-02-13,321.1
2014-02-12,321.12
2014-02-11,321.11
2014-02-10,321.12
2014-02-09,321.08
2014-02-08,321.06
2014-02-07,321.1
2014-02-06,321.04
2014-02-05,321.14
2014-02-04,321.12
2014-02-03,320.98
2014-02-02,321.05
2014-02-01,321.03
2014-01-31,321.02
2014-01-30,320.97
2014-01-29,321.03
2014-01-28,321.09
2014-01-27,321.08
2014-01-26,321.04
2014-01-25,321.07
2014-01-24,321.1
2014-01-23,321.15
2014-01-22,321.08
2014-01-21,321.14
2014-01-20,321.09
2014-01-19,321.1
2014-01-18,321.1
2014-01-17,321.14
2014-01-16,321.12
2014-01-15,321.12
2014-01-14,321.06
2014-01-13,321.08
2014-01-12,321.06
2014-01-11,321.02
2014-01-10,320.99
2014-01-09,321.01
2014-01-08,321.01
2014-01-07,321.04
2014-01-06,321.03
2014-01-05,321.04
2014-01-04,320.84
2014-01-03,320.88
2014-01-02,320.96
2014-01-01,320.87
2013-12-31,320.94
2013-12-30,320.91
2013-12-29,320.88
2013-12-28,320.89
2013-12-27,320.99
2013-12-26,320.98
2013-12-25,320.98
2013-12-24,320.97
2013-12-23,321.02
2013-12-22,320.93
2013-12-21,320.88
2013-12-20,320.92
2013-12-19,320.97
2013-12-18,321.02
2013-12-17,321.06
2013-12-16,321.03
2013-12-15,321.03
2013-12-14,321.01
2013-12-13,321.01
2013-12-12,321.03
2013-12-11,320.95
2013-12-10,321.01
2013-12-09,321.01
2013-12-08,320.97
2013-12-07,320.84
2013-12-06,320.83
2013-12-05,320.85
2013-12-04,320.79
2013-12-03,320.81
2013-11-27,320.66
2013-11-26,320.67
2013-11-25,320.65
2013-11-24,320.77
2013-11-23,320.92
2013-11-22,320.66
2013-11-21,320.64
2013-11-20,320.67
2013-11-19,320.79
2013-11-18,320.88
2013-11-17,320.91
2013-11-16,320.96
2013-11-15,321.1
2013-11-14,321.22
2013-11-13,321.33
2013-11-12,321.32
2013-11-11,321.41
2013-11-10,321.25
2013-11-09,321.07
2013-11-08,321.07
2013-11-07,321.16
2013-11-06,321.18
2013-11-05,321.38
2013-11-04,321.55
2013-11-03,321.53
2013-11-02,321.64
2013-11-01,321.66
2013-10-31,321.71
2013-10-30,321.61
2013-10-29,321.67
2013-10-28,321.72
2013-10-27,321.7
2013-10-26,321.71
2013-10-25,321.79
2013-10-24,321.81
2013-10-23,321.84
2013-10-22,321.89
2013-10-21,322.07
2013-10-20,322.11
2013-10-19,322.21
2013-10-18,322.29
2013-10-17,322.33
2013-10-16,322.48
2013-10-15,322.57
2013-10-14,322.67
2013-10-13,322.74
2013-10-12,322.76
2013-10-11,322.7
2013-10-10,322.61
2013-10-09,322.66
2013-10-08,322.66
2013-10-07,322.72
2013-10-06,322.69
2013-10-05,322.67
2013-10-04,322.77
2013-10-03,322.73
2013-10-02,322.81
2013-10-01,322.8
2013-09-30,322.82
2013-09-29,322.89
2013-09-28,322.93
2013-09-27,323.05
2013-09-26,323.03
2013-09-25,323.11
2013-09-24,323.17
2013-09-23,323.19
2013-09-22,323.24
2013-09-21,323.33
2013-09-20,323.73
2013-09-19,323.56
2013-09-18,323.62
2013-09-17,323.78
2013-09-16,323.76
2013-09-15,323.71
2013-09-14,323.68
2013-09-13,323.65
2013-09-12,323.51
2013-09-11,323.49
2013-09-10,323.48
2013-09-09,323.51
2013-09-08,323.52
2013-09-07,323.58
2013-09-06,323.55
2013-09-05,323.65
2013-09-04,323.6
2013-09-03,323.66
2013-09-02,323.7
2013-09-01,323.6
2013-08-31,323.57
2013-08-30,323.56
2013-08-29,323.5
2013-08-28,323.4
2013-08-27,323.35
2013-08-26,323.51
2013-08-25,323.43
2013-08-24,323.39
2013-08-23,323.51
2013-08-22,323.69
2013-08-21,323.66
2013-08-20,323.6
2013-08-19,323.39
2013-08-18,323.14
2013-08-17,323.1
2013-08-16,323.07
2013-08-15,322.99
2013-08-14,323.05
2013-08-13,322.98
2013-08-12,322.96
2013-08-11,322.83
2013-08-10,322.94
2013-08-09,322.88
2013-08-08,322.82
2013-08-07,322.81
2013-08-06,322.77
2013-08-05,322.77
2013-08-04,322.66
2013-08-03,322.7
2013-08-02,322.73
2013-08-01,322.69
2013-07-31,322.62
2013-07-30,322.62
2013-07-29,322.68
2013-07-28,322.79
2013-07-27,322.8
2013-07-26,322.92
2013-07-25,322.91
2013-07-24,322.87
2013-07-23,322.79
2013-07-22,322.82
2013-07-21,322.72
2013-07-20,322.85
2013-07-19,322.93
2013-07-18,322.94
2013-07-17,323.12
2013-07-16,323.14
2013-07-15,323.32
2013-07-14,323.41
2013-07-13,323.5
2013-07-12,323.41
2013-07-11,323.35
2013-07-10,323.18
2013-07-09,323.01
2013-07-08,322.96
2013-07-07,322.84
2013-07-06,322.82
2013-07-05,322.83
2013-07-04,322.73
2013-07-03,322.69
2013-07-02,322.55
2013-07-01,322.54
2013-06-30,322.49
2013-06-29,322.45
2013-06-28,322.36
2013-06-27,322.25
2013-06-26,322.17
2013-06-25,322.04
2013-06-24,321.99
2013-06-23,321.92
2013-06-22,321.86
2013-06-21,321.84
2013-06-20,321.82
2013-06-19,321.98
2013-06-18,321.86
2013-06-17,321.76
2013-06-16,321.71
2013-06-15,321.78
2013-06-14,321.92
2013-06-13,321.94
2013-06-12,321.99
2013-06-11,321.96
2013-06-10,321.97
2013-06-09,321.92
2013-06-08,321.97
2013-06-07,322.21
2013-06-06,322.26
2013-06-05,322.31
2013-06-04,322.29
2013-06-03,322.29
2013-06-02,322.28
2013-06-01,322.34
2013-05-31,322.34
2013-05-30,322.34
2013-05-29,322.33
2013-05-28,322.43
2013-05-27,322.5
2013-05-26,322.52
2013-05-25,322.7
2013-05-24,322.89
2013-05-23,323.07
2013-05-22,323.01
2013-05-21,322.94
2013-05-20,322.78
2013-05-19,322.76
2013-05-18,322.72
2013-05-17,322.65
2013-05-16,322.42
2013-05-15,322.37
2013-05-14,322.42
2013-05-13,322.37
2013-05-12,322.25
2013-05-11,322.29
2013-05-10,322.34
2013-05-09,322.42
2013-05-08,322.44
2013-05-07,322.45
2013-05-06,322.27
2013-05-05,322.24
2013-05-04,322.23
2013-05-03,322.27
2013-05-02,322.33
2013-05-01,322.31
2013-04-30,322.28
2013-04-29,322.23
2013-04-28,322.31
2013-04-27,322.3
2013-04-26,322.29
2013-04-25,322.22
2013-04-24,322.15
2013-04-23,322.18
2013-04-22,322.12
2013-04-21,322.12
2013-04-20,322.06
2013-04-19,322.13
2013-04-18,322.08
2013-04-17,322.03
2013-04-16,321.99
2013-04-15,321.87
2013-04-14,321.79
2013-04-13,321.77
2013-04-12,321.78
2013-04-11,321.7
2013-04-10,321.68
2013-04-09,321.61
2013-04-08,321.57
2013-04-07,321.57
2013-04-06,321.5
2013-04-05,321.52
2013-04-04,321.53
2013-04-03,321.58
2013-04-02,321.62
2013-04-01,321.59
2013-03-31,321.54
2013-03-30,321.5
2013-03-29,321.53
2013-03-28,321.45
2013-03-27,321.42
2013-03-26,321.39
2013-03-25,321.4
2013-03-24,321.4
2013-03-23,321.36
2013-03-21,321.21
2013-03-20,321.26
2013-03-19,321.17
2013-03-18,321.04
2013-03-17,320.94
2013-03-16,320.93
2013-03-15,320.91
2013-03-14,320.89
2013-03-13,320.84
2013-03-12,320.79
2013-03-11,320.78
2013-03-10,320.72
2013-03-09,320.7
2013-03-08,320.66
2013-03-07,320.65
2013-03-06,320.66
2013-03-05,320.77
2013-03-04,320.69
2013-03-03,320.65
2013-03-02,320.74
2013-03-01,320.78
2013-02-28,320.74
2013-02-27,320.73
2013-02-26,320.73
2013-02-25,320.67
2013-02-24,320.61
2013-02-23,320.65
2013-02-22,320.7
2013-02-21,320.63
2013-02-20,320.6
2013-02-19,320.78
2013-02-18,320.73
2013-02-17,320.68
2013-02-16,320.73
2013-02-15,320.83
2013-02-14,320.76
2013-02-13,320.77
2013-02-12,320.79
2013-02-11,320.8
2013-02-10,320.77
2013-02-09,320.77
2013-02-08,320.98
2013-02-07,321.0
2013-02-06,320.91
2013-02-05,320.85
2013-02-04,320.8
2013-02-03,320.88
2013-02-02,320.94
2013-02-01,321.0
2013-01-31,320.98
2013-01-30,320.0
2013-01-29,319.64
2013-01-28,319.71
2013-01-27,319.78
2013-01-26,319.78
2013-01-25,319.89
2013-01-24,320.07
2013-01-23,320.14
2013-01-22,320.03
2013-01-21,319.99
2013-01-20,320.0
2013-01-19,320.09
2013-01-18,320.13
2013-01-17,320.08
2013-01-16,319.98
2013-01-15,319.98
2013-01-14,319.96
2013-01-13,320.02
2013-01-10,319.98
2013-01-09,319.98
2013-01-08,320.0
2013-01-07,320.09
2013-01-06,320.11
2013-01-05,320.1
2013-01-04,320.11
2013-01-03,320.15
2013-01-02,320.15
2013-01-01,320.14
2012-12-31,319.91
2012-12-30,319.87
2012-12-29,320.02
2012-12-28,320.07
2012-12-27,320.06
2012-12-26,320.1
2012-12-25,320.08
2012-12-24,320.2
2012-12-23,320.3
2012-12-22,320.37
2012-12-21,320.47
2012-12-20,320.5
2012-12-19,320.36
2012-12-18,320.35
2012-12-17,320.33
2012-12-16,320.4
2012-12-15,320.35
2012-12-13,320.45
2012-12-12,320.43
2012-12-11,320.43
2012-12-10,320.42
2012-12-05,320.84
2012-12-04,320.78
2012-12-03,320.86
2012-12-02,320.93
2012-12-01,320.93
2012-11-30,321.01
2012-11-29,320.96
2012-11-28,321.0
2012-11-27,321.01
2012-11-26,320.97
2012-11-25,320.92
2012-11-24,320.93
2012-11-23,321.15
2012-11-22,321.05
2012-11-21,321.07
2012-11-19,320.98
2012-11-18,320.95
2012-11-17,321.03
2012-11-16,321.08
2012-11-15,320.93
2012-11-14,320.94
2012-11-13,320.98
2012-11-12,321.0
2012-11-11,321.0
2012-11-10,320.96
2012-11-09,321.06
2012-11-08,321.03
2012-11-07,321.09
2012-11-06,321.02
2012-11-05,321.03
2012-11-04,321.09
2012-11-03,321.19
2012-11-02,321.16
2012-11-01,321.11
2012-10-31,321.15
2012-10-30,321.05
2012-10-29,321.13
2012-10-28,321.12
2012-10-27,321.13
2012-10-26,321.24
2012-10-25,321.22
2012-10-24,321.27
2012-10-23,321.25
2012-10-22,321.28
2012-10-21,321.28
2012-10-20,321.34
2012-10-19,321.4
2012-10-18,321.38
2012-10-17,321.43
2012-10-16,321.44
2012-10-15,321.54
2012-10-14,321.62
2012-10-13,321.67
2012-10-12,321.83
2012-10-11,321.91
2012-10-10,322.0
2012-10-09,322.07
2012-10-08,322.19
2012-10-07,322.41
2012-10-06,322.65
2012-10-05,322.92
2012-10-04,323.05
2012-10-03,323.14
2012-10-02,323.51
2012-10-01,323.91
2012-09-30,324.13
2012-09-29,324.55
2012-09-28,325.06
2012-09-27,325.13
2012-09-26,325.17
2012-09-25,325.2
2012-09-24,325.3
2012-09-23,325.26
2012-09-22,325.32
2012-09-21,325.45
2012-09-20,325.44
2012-09-19,325.52
2012-09-18,325.64
2012-09-17,325.75
2012-09-16,325.92
2012-09-15,326.0
2012-09-14,326.24
2012-09-13,326.56
2012-09-12,326.76
2012-09-11,326.68
2012-09-10,326.66
2012-09-09,326.64
2012-09-08,326.69
2012-09-07,326.8
2012-09-06,326.62
2012-09-05,326.55
2012-09-04,326.5
2012-09-03,326.52
2012-09-02,326.36
2012-09-01,326.4
2012-08-31,326.41
2012-08-30,326.34
2012-08-29,326.53
2012-08-28,326.35
2012-08-27,326.34
2012-08-25,326.42
2012-08-24,326.65
2012-08-23,326.56
2012-08-22,326.55
2012-08-21,326.51
2012-08-20,326.54
2012-08-19,326.58
2012-08-18,326.79
2012-08-17,327.38
2012-08-16,327.12
2012-08-15,327.19
2012-08-14,327.05
2012-08-13,327.01
2012-08-12,326.75
2012-08-11,326.72
2012-08-10,326.78
2012-08-09,326.95
2012-08-08,327.22
2012-08-07,327.1
2012-08-06,327.16
2012-08-05,326.97
2012-08-04,326.92
2012-08-03,326.95
2012-08-02,326.76
2012-08-01,326.67
2012-07-31,326.46
2012-07-30,326.37
2012-07-29,326.13
2012-07-28,326.05
2012-07-27,326.36
2012-07-26,326.52
2012-07-25,326.27
2012-07-24,326.24
2012-07-23,326.36
2012-07-22,326.16
2012-07-21,326.09
2012-07-20,326.19
2012-07-19,326.01
2012-07-18,325.82
2012-07-17,325.7
2012-07-16,325.6
2012-07-15,325.5
2012-07-14,325.54
2012-07-13,325.6
2012-07-12,325.44
2012-07-11,325.57
2012-07-10,325.65
2012-07-09,325.83
2012-07-08,325.94
2012-07-07,326.07
2012-07-06,326.11
2012-07-05,325.8
2012-07-04,325.83
2012-07-03,325.67
2012-07-02,325.51
2012-07-01,325.25
2012-06-30,325.27
2012-06-29,325.31
2012-06-28,325.04
2012-06-27,325.02
2012-06-26,324.68
2012-06-25,324.49
2012-06-24,324.34
2012-06-23,324.36
2012-06-22,324.28
2012-06-21,324.21
2012-06-20,324.04
2012-06-19,323.95
2012-06-18,323.86
2012-06-17,323.72
2012-06-16,323.71
2012-06-15,323.67
2012-06-14,323.51
2012-06-13,323.43
2012-06-12,323.4
2012-06-11,323.31
2012-06-10,323.09
2012-06-09,323.02
2012-06-08,323.05
2012-06-07,322.95
2012-06-06,322.84
2012-06-05,322.73
2012-06-04,322.67
2012-06-03,322.58
2012-06-02,322.58
2012-06-01,322.58
2012-05-31,322.54
2012-05-30,322.42
2012-05-29,322.34
2012-05-28,322.25
2012-05-27,322.16
2012-05-26,322.21
2012-05-25,322.25
2012-05-24,322.19
2012-05-23,322.08
2012-05-22,322.01
2012-05-21,321.98
2012-05-20,321.93
2012-05-19,321.92
2012-05-18,321.95
2012-05-17,321.97
2012-05-16,321.99
2012-05-15,322.14
2012-05-14,322.19
2012-05-13,322.26
2012-05-12,322.37
2012-05-11,322.41
2012-05-10,322.59
2012-05-09,322.7
2012-05-08,322.87
2012-05-07,323.07
2012-05-06,323.07
2012-05-05,323.0
2012-05-04,322.95
2012-05-03,322.85
2012-05-02,322.75
2012-05-01,322.65
2012-04-30,322.62
2012-04-29,322.61
2012-04-28,322.66
2012-04-27,322.6
2012-04-26,322.47
2012-04-25,322.38
2012-04-24,322.31
2012-04-23,322.23
2012-04-22,322.17
2012-04-21,322.13
2012-04-20,322.06
2012-04-19,322.04
2012-04-18,321.96
2012-04-17,321.97
2012-04-16,321.8
2012-04-15,321.73
2012-04-14,321.79
2012-04-13,321.7
2012-04-12,321.72
2012-04-11,321.73
2012-04-10,321.6
2012-04-09,321.62
2012-04-08,321.68
2012-04-07,321.77
2012-04-06,321.7
2012-04-05,321.63
2012-04-04,321.62
2012-04-03,321.59
2012-04-02,321.55
2012-04-01,321.54
2012-03-31,321.51
2012-03-30,321.42
2012-03-29,321.38
2012-03-28,321.39
2012-03-27,321.39
2012-03-26,321.36
2012-03-25,321.42
2012-03-24,321.4
2012-03-23,321.35
2012-03-22,321.37
2012-03-21,321.41
2012-03-20,321.38
2012-03-19,321.58
2012-03-18,321.64
2012-03-16,321.61
2012-03-15,321.84
2012-03-14,322.63
2012-03-13,323.06
2012-03-12,323.28
2012-03-11,323.34
2012-03-10,323.16
2012-03-09,323.32
2012-02-29,319.68
2012-02-28,319.66
2012-02-27,319.77
2012-02-26,319.9
2012-02-25,319.78
2012-02-24,319.95
2012-02-23,319.85
2012-02-22,320.11
2012-02-21,319.78
2012-02-19,320.11
2012-02-18,320.1
2012-02-17,320.22
2012-02-16,320.32
2012-02-15,320.18
2012-02-14,320.31
2012-02-13,320.52
2012-02-12,320.57
2012-02-11,320.67
2012-02-10,320.71
2012-02-09,320.72
2012-02-08,320.78
2012-02-07,320.91
2012-02-06,320.84
2012-02-05,320.98
2012-02-04,320.82
2012-02-03,321.16
2012-02-02,320.95
2012-02-01,320.75
2012-01-31,320.71
2012-01-30,320.74
2012-01-29,320.87
2012-01-28,320.83
2012-01-27,320.46
2012-01-26,320.45
2012-01-25,320.47
2012-01-24,320.51
2012-01-23,320.6
2012-01-22,320.7
2012-01-21,320.73
2012-01-20,320.1
2012-01-19,320.19
2012-01-18,320.33
2012-01-17,320.44
2012-01-16,320.2
2012-01-15,320.25
2012-01-14,320.29
2012-01-13,319.96
2012-01-12,320.08
2012-01-11,320.05
2012-01-10,320.11
2012-01-09,320.3
2012-01-08,320.16
2012-01-07,320.14
2012-01-06,320.08
2012-01-05,320.06
2012-01-04,320.0
2012-01-03,319.41
2012-01-02,319.46
2012-01-01,319.5
2011-12-30,319.47
2011-12-29,319.52
2011-12-28,319.75
2011-12-27,319.64
2011-12-26,319.64
2011-12-25,319.7
2011-12-24,319.71
2011-12-23,319.7
2011-12-21,319.64
2011-12-20,319.64
2011-12-19,319.47
2011-12-18,319.64
2011-12-16,319.74
2011-12-15,319.69
2011-12-14,319.69
2011-12-13,319.72
2011-12-12,319.73
2011-12-11,319.79
2011-12-10,319.88
2011-12-09,319.87
2011-12-08,319.82
2011-12-07,319.86
2011-12-06,319.92
2011-12-05,319.93
2011-12-04,319.95
2011-12-03,319.96
2011-12-02,320.03
2011-12-01,320.02
2011-11-30,320.08
2011-11-29,320.12
2011-11-28,320.14
2011-11-27,320.27
2011-11-26,320.27
2011-11-25,320.25
2011-11-24,320.37
2011-11-23,320.43
2011-11-22,320.42
2011-11-21,320.43
2011-11-20,320.49
2011-11-19,320.5
2011-11-18,320.56
2011-11-17,320.72
2011-11-16,320.7
2011-11-15,320.65
2011-11-14,320.75
2011-11-13,320.78
2011-11-12,320.95
2011-11-11,321.09
2011-11-10,321.17
2011-11-09,321.34
2011-11-08,321.84
2011-11-07,322.57
2011-11-06,322.48
2011-11-05,322.39
2011-11-04,322.49
2011-11-03,322.71
2011-11-02,322.71
2011-11-01,322.74
2011-10-31,322.86
2011-10-30,322.89
2011-10-29,323.12
2011-10-28,322.99
2011-10-27,323.05
2011-10-26,323.15
2011-10-25,323.26
2011-10-24,323.37
2011-10-23,323.44
2011-10-22,323.52
2011-10-21,323.52
2011-10-20,323.61
2011-10-19,323.57
2011-10-18,323.75
2011-10-17,323.86
2011-10-16,323.95
2011-10-15,323.95
2011-10-13,324.21
2011-10-12,324.01
2011-10-11,324.37
2011-10-10,324.49
2011-10-09,324.56
2011-10-08,324.92
2011-10-07,325.06
2011-10-06,325.1
2011-10-05,325.14
2011-10-04,325.19
2011-10-03,325.47
2011-10-02,325.53
2011-10-01,325.57
2011-09-30,325.72
2011-09-29,325.74
2011-09-28,325.75
2011-09-27,325.79
2011-09-26,325.68
2011-09-25,325.68
2011-09-24,325.58
2011-09-23,325.64
2011-09-22,325.79
2011-09-21,325.88
2011-09-20,325.95
2011-09-19,325.94
2011-09-18,325.77
2011-09-17,325.89
2011-09-16,325.91
2011-09-15,326.08
2011-09-14,326.07
2011-09-13,326.01
2011-09-12,326.09
2011-09-11,326.11
2011-09-10,326.06
2011-09-09,326.05
2011-09-08,326.12
2011-09-07,326.03
2011-09-06,326.07
2011-09-05,326.15
2011-09-04,326.2
2011-09-03,326.17
2011-09-02,326.05
2011-09-01,326.09
2011-08-31,326.06
2011-08-30,326.07
2011-08-29,326.15
2011-08-28,326.14
2011-08-27,325.97
2011-08-26,325.92
2011-08-25,325.97
2011-08-24,325.96
2011-08-23,326.06
2011-08-22,325.88
2011-08-21,325.92
2011-08-20,325.9
2011-08-19,325.86
2011-08-18,325.88
2011-08-17,325.88
2011-08-02,328.41
2011-08-01,328.38
2011-07-31,328.38
2011-07-30,328.27
2011-07-29,328.28
2011-07-28,328.19
2011-07-27,328.15
2011-07-26,328.09
2011-07-25,327.96
2011-07-24,327.95
2011-07-23,327.95
2011-07-22,327.95
2011-07-21,327.88
2011-07-20,327.88
2011-07-19,327.78
2011-07-18,327.78
2011-07-17,327.67
2011-07-16,327.59
2011-07-15,327.49
2011-07-14,327.16
2011-07-13,327.12
2011-07-12,327.12
2011-07-11,327.16
2011-07-10,326.85
2011-07-09,326.78
2011-07-08,326.66
2011-07-07,326.62
2011-07-06,326.46
2011-07-05,326.38
2011-07-04,326.33
2011-07-03,326.23
2011-07-02,326.24
2011-07-01,326.1
2011-06-30,326.06
2011-06-29,325.98
2011-06-28,325.93
2011-06-27,325.78
2011-06-26,325.77
2011-06-25,325.61
2011-06-24,325.5
2011-06-23,325.44
2011-06-22,325.24
2011-06-21,325.28
2011-06-20,325.15
2011-06-19,324.91
2011-06-18,324.93
2011-06-17,324.51
2011-06-16,324.26
2011-06-15,323.97
2011-06-14,323.89
2011-06-13,323.88
2011-06-12,323.85
2011-06-11,323.91
2011-06-10,323.83
2011-06-09,323.77
2011-06-08,323.61
2011-06-07,323.46
2011-06-06,323.34
2011-06-05,323.26
2011-06-04,323.37
2011-06-03,323.26
2011-06-02,323.11
2011-06-01,323.07
2011-05-31,322.97
2011-05-30,322.73
2011-05-29,322.71
2011-05-28,322.89
2011-05-27,322.83
2011-05-26,322.71
2011-05-25,322.62
2011-05-24,322.55
2011-05-23,322.44
2011-05-22,322.4
2011-05-21,322.51
2011-05-20,322.33
2011-05-19,322.35
2011-05-18,322.39
2011-05-17,322.32
2011-05-16,322.11
2011-05-15,322.22
2011-05-14,322.44
2011-05-13,322.47
2011-05-12,322.39
2011-05-11,322.28
2011-05-10,322.34
2011-05-09,322.33
2011-05-08,322.28
2011-05-07,322.16
2011-05-06,322.14
2011-05-05,322.06
2011-05-04,321.98
2011-05-03,321.92
2011-05-02,321.92
2011-05-01,322.09
2011-04-30,321.97
2011-04-29,321.77
2011-04-28,321.66
2011-04-27,321.55
2011-04-26,321.38
2011-04-25,321.23
2011-04-24,321.24
2011-04-23,321.3
2011-04-22,321.17
2011-04-21,321.2
2011-04-20,321.23
2011-04-19,321.17
2011-04-18,321.01
2011-04-17,320.93
2011-04-16,320.95
2011-04-15,320.93
2011-04-14,320.83
2011-04-13,320.71
2011-04-12,320.73
2011-04-11,320.81
2011-04-10,320.87
2011-04-09,320.73
2011-04-08,320.66
2011-04-07,320.59
2011-04-06,320.46
2011-04-05,320.47
2011-04-04,320.44
2011-04-03,320.44
2011-04-02,320.48
2011-04-01,320.37
2011-03-31,320.25
2011-03-30,320.16
2011-03-29,320.24
2011-03-28,320.22
2011-03-27,320.18
2011-03-26,320.09
2011-03-25,319.97
2011-03-24,319.94
2011-03-23,319.92
2011-03-22,319.71
2011-03-21,319.55
2011-03-20,319.55
2011-03-19,319.67
2011-03-18,319.77
2011-03-17,319.64
2011-03-16,319.58
2011-03-15,319.59
2011-03-14,319.67
2011-03-13,319.63
2011-03-12,319.5
2011-03-11,319.44
2011-03-10,319.48
2011-03-09,319.48
2011-03-08,319.38
2011-03-07,319.3
2011-03-06,319.27
2011-03-05,319.39
2011-03-04,319.37
2011-03-03,319.3
2011-03-02,319.26
2011-03-01,319.21
2011-02-28,319.27
2011-02-27,319.1
2011-02-26,318.97
2011-02-25,318.99
2011-02-24,318.96
2011-02-23,318.96
2011-02-22,318.86
2011-02-21,318.84
2011-02-20,318.74
2011-02-19,318.74
2011-02-18,318.8
2011-02-17,318.77
2011-02-16,318.7
2011-02-15,318.71
2011-02-14,318.69
2011-02-13,318.66
2011-02-12,318.66
2011-02-11,318.64
2011-02-10,318.65
2011-02-09,318.72
2011-02-08,318.76
2011-02-07,318.86
2011-02-06,318.78
2011-02-05,318.7
2011-02-04,318.59
2011-02-03,318.51
2011-02-02,318.49
2011-02-01,318.5
2011-01-31,318.51
2011-01-30,318.54
2011-01-29,318.51
2011-01-28,318.48
2011-01-27,318.47
2011-01-26,318.46
2011-01-25,318.53
2011-01-24,318.51
2011-01-23,318.44
2011-01-22,318.43
2011-01-21,318.47
2011-01-20,318.54
2011-01-19,318.55
2011-01-18,318.64
2011-01-17,318.6
2011-01-16,318.62
2011-01-15,318.64
2011-01-14,318.66
2011-01-13,318.79
2011-01-12,318.75
2011-01-11,318.85
2011-01-10,318.78
2011-01-09,318.69
2011-01-08,318.74
2011-01-07,318.77
2011-01-06,318.83
2011-01-05,318.79
2011-01-04,318.76
2011-01-03,318.75
2011-01-02,318.78
2011-01-01,318.81
2010-12-31,318.75
2010-12-30,318.76
2010-12-29,318.77
2010-12-28,318.79
2010-12-27,318.86
2010-12-26,318.86
2010-12-25,318.98
2010-12-24,319.0
2010-12-23,319.04
2010-12-22,319.15
2010-12-21,319.11
2010-12-20,319.03
2010-12-19,318.95
2010-12-18,318.97
2010-12-17,318.99
2010-12-16,318.98
2010-12-15,318.99
2010-12-14,318.99
2010-12-13,319.13
2010-12-12,319.24
2010-12-11,319.28
2010-12-10,319.34
2010-12-09,319.43
2010-12-08,319.71
2010-12-07,319.27
2010-12-06,319.19
2010-12-05,319.25
2010-12-04,319.28
2010-12-03,319.28
2010-12-02,319.25
2010-12-01,319.21
2010-11-30,319.3
2010-11-29,319.28
2010-11-28,319.25
2010-11-27,319.41
2010-11-26,319.48
2010-11-25,319.48
2010-11-24,319.52
2010-11-23,319.54
2010-11-22,319.56
2010-11-21,319.52
2010-11-20,319.56
2010-11-19,319.54
2010-11-18,319.68
2010-11-17,319.69
2010-11-16,319.62
2010-11-15,319.53
2010-11-14,319.56
2010-11-13,319.7
2010-11-12,319.77
2010-11-11,319.83
2010-11-10,319.85
2010-11-09,319.84
2010-11-08,319.82
2010-11-07,319.87
2010-11-06,319.98
2010-11-05,319.99
2010-11-04,320.02
2010-11-03,320.03
2010-11-02,320.09
2010-11-01,320.09
2010-10-31,320.06
2010-10-30,320.19
2010-10-29,320.19
2010-10-28,320.24
2010-10-27,320.2
2010-10-26,320.14
2010-10-25,320.08
2010-10-24,320.18
2010-10-23,320.41
2010-10-22,320.41
2010-10-21,320.37
2010-10-20,320.45
2010-10-19,320.4
2010-10-18,320.35
2010-10-17,320.41
2010-10-16,320.47
2010-10-15,320.47
2010-10-14,320.51
2010-10-13,320.51
2010-10-12,320.5
2010-10-11,320.48
2010-10-10,320.56
2010-10-09,320.57
2010-10-08,320.53
2010-10-07,320.51
2010-10-06,320.55
2010-10-05,320.63
2010-10-04,320.59
2010-10-03,320.62
2010-10-02,320.64
2010-10-01,320.58
2010-09-30,320.58
2010-09-29,320.53
2010-09-28,320.43
2010-09-27,320.3
2010-09-26,320.32
2010-09-25,320.45
2010-09-24,320.51
2010-09-23,320.41
2010-09-22,320.51
2010-09-21,320.5
2010-09-20,320.55
2010-09-19,320.67
2010-09-18,320.7
2010-09-17,320.75
2010-09-16,320.73
2010-09-15,320.64
2010-09-14,320.6
2010-09-13,320.58
2010-09-12,320.57
2010-09-11,320.53
2010-09-10,320.49
2010-09-09,320.46
2010-09-08,320.51
2010-09-07,320.66
2010-09-06,320.72
2010-09-05,320.68
2010-09-04,320.77
2010-09-03,320.8
2010-09-02,320.9
2010-09-01,320.84
2010-08-31,320.83
2010-08-30,320.75
2010-08-29,320.76
2010-08-28,320.77
2010-08-27,320.75
2010-08-26,320.76
2010-08-25,320.83
2010-08-24,321.04
2010-08-23,321.02
2010-08-22,320.98
2010-08-21,320.95
2010-08-20,320.9
2010-08-19,320.84
2010-08-18,320.87
2010-08-17,320.9
2010-08-16,320.9
2010-08-15,320.96
2010-08-14,320.83
2010-08-13,320.81
2010-08-12,320.73
2010-08-11,320.69
2010-08-10,320.71
2010-08-09,320.59
2010-08-08,320.48
2010-08-07,320.37
2010-08-06,320.35
2010-08-05,320.3
2010-08-04,320.12
2010-08-03,319.93
2010-08-02,319.79
2010-08-01,319.76
2010-07-31,319.76
2010-07-30,319.7
2010-07-29,319.72
2010-07-28,319.67
2010-07-27,319.63
2010-07-26,319.55
2010-07-25,319.47
2010-07-24,319.42
2010-07-23,319.41
2010-07-22,319.39
2010-07-21,319.3
2010-07-20,319.28
2010-07-19,319.21
2010-07-18,319.12
2010-07-17,319.1
2010-07-16,319.07
2010-07-15,318.98
2010-07-14,319.05
2010-07-13,318.94
2010-07-12,318.84
2010-07-11,318.92
2010-07-10,319.04
2010-07-09,319.08
2010-07-08,319.22
2010-07-07,319.33
2010-07-06,319.43
2010-07-05,319.58
2010-07-04,319.78
2010-07-03,319.95
2010-07-02,320.08
2010-07-01,320.09
2010-06-30,320.25
2010-06-29,320.35
2010-06-28,320.51
2010-06-27,320.77
2010-06-26,320.84
2010-06-25,320.69
2010-06-24,320.76
2010-06-23,320.73
2010-06-22,320.65
2010-06-21,320.52
2010-06-20,320.45
2010-06-19,320.46
2010-06-18,320.32
2010-06-17,320.3
2010-06-16,320.23
2010-06-15,320.18
2010-06-14,320.05
2010-06-13,320.05
2010-06-12,320.04
2010-06-11,320.07
2010-06-10,319.96
2010-06-09,319.83
2010-06-08,319.83
2010-06-07,319.7
2010-06-06,319.63
2010-06-05,319.54
2010-06-04,319.46
2010-06-03,319.32
2010-06-02,319.19
2010-06-01,319.16
2010-05-31,319.15
2010-05-30,318.99
2010-05-29,318.96
2010-05-28,318.88
2010-05-27,318.86
2010-05-26,318.78
2010-05-25,318.72
2010-05-24,318.64
2010-05-23,318.62
2010-05-22,318.63
2010-05-21,318.66
2010-05-20,318.57
2010-05-19,318.42
2010-05-18,318.33
2010-05-17,318.25
2010-05-16,318.2
2010-05-15,318.23
2010-05-14,318.29
2010-05-13,318.25
2010-05-12,318.18
2010-05-11,318.14
2010-05-10,317.99
2010-05-09,318.01
2010-05-08,318.08
2010-05-07,318.03
2010-05-06,317.94
2010-05-05,317.87
2010-05-04,317.78
2010-05-03,317.68
2010-05-02,317.65
2010-05-01,317.6
2010-04-30,317.58
2010-04-29,317.48
2010-04-28,317.51
2010-04-27,317.49
2010-04-26,317.45
2010-04-25,317.45
2010-04-24,317.4
2010-04-23,317.36
2010-04-22,317.4
2010-04-21,317.36
2010-04-20,317.41
2010-04-19,317.49
2010-04-18,317.57
2010-04-17,317.65
2010-04-16,317.74
2010-04-15,317.82
2010-04-14,317.83
2010-04-13,317.87
2010-04-12,317.84
2010-04-11,317.88
2010-04-10,317.87
2010-04-09,317.83
2010-04-08,317.81
2010-04-07,317.75
2010-04-06,317.66
2010-04-05,317.64
2010-04-04,317.59
2010-04-03,317.57
2010-04-02,317.46
2010-04-01,317.41
2010-03-31,317.44
2010-03-30,317.37
2010-03-29,317.36
2010-03-28,317.29
2010-03-27,317.22
2010-03-26,317.17
2010-03-25,317.22
2010-03-24,317.18
2010-03-23,317.13
2010-03-22,317.12
2010-03-21,317.11
2010-03-20,317.16
2010-03-19,317.17
2010-03-18,317.15
2010-03-17,317.12
2010-03-16,317.2
2010-03-15,317.27
2010-03-14,317.23
2010-03-13,317.23
2010-03-12,317.15
2010-03-11,317.09
2010-03-10,317.03
2010-03-09,317.02
2010-03-08,316.99
2010-03-07,316.99
2010-03-06,317.03
2010-03-05,317.04
2010-03-04,317.07
2010-03-03,317.05
2010-03-02,317.07
2010-03-01,317.11
2010-02-28,317.06
2010-02-25,317.17
2010-02-24,317.24
2010-02-23,317.26
2010-02-22,317.25
2010-02-21,317.26
2010-02-20,317.22
2010-02-19,317.23
2010-02-18,317.24
2010-02-17,317.28
2010-02-16,317.24
2010-02-15,317.26
2010-02-14,317.22
2010-02-13,317.2
2010-02-12,317.27
2010-02-11,317.21
2010-02-10,317.24
2010-02-09,317.24
2010-02-08,317.22
2010-02-07,317.24
2010-02-06,317.36
2010-02-05,317.43
2010-02-04,317.48
2010-02-03,317.55
2010-02-02,317.64
2010-02-01,317.64
2010-01-31,317.66
2010-01-30,317.72
2010-01-29,317.77
2010-01-28,317.78
2010-01-27,317.83
2010-01-26,317.87
2010-01-25,317.89
2010-01-24,317.89
2010-01-23,317.89
2010-01-22,317.85
2010-01-21,317.9
2010-01-20,317.85
2010-01-19,317.87
2010-01-18,317.87
2010-01-17,317.84
2010-01-16,317.91
2010-01-15,317.95
2010-01-14,317.95
2010-01-13,317.97
2010-01-12,318.08
2010-01-11,318.02
2010-01-10,317.97
2010-01-09,317.94
2010-01-08,317.93
2010-01-07,317.94
2010-01-06,317.91
2010-01-05,317.9
2010-01-04,317.92
2010-01-03,317.92
2010-01-02,317.9
2010-01-01,317.93
2009-12-31,317.95
2009-12-30,317.89
2009-12-29,317.92
2009-12-28,317.98
2009-12-27,317.97
2009-12-26,317.93
2009-12-25,317.89
2009-12-24,317.92
2009-12-23,317.95
2009-12-22,317.98
2009-12-21,318.0
2009-12-20,318.02
2009-12-19,318.02
2009-12-18,317.99
2009-12-17,318.0
2009-12-16,318.03
2009-12-15,318.05
2009-12-14,318.05
2009-12-13,318.02
2009-12-12,318.0
2009-12-11,318.03
2009-12-10,318.0
2009-12-09,318.02
2009-12-08,318.05
2009-12-07,318.18
2009-12-06,318.09
2009-12-05,318.11
2009-12-04,318.18
2009-12-03,318.15
2009-12-02,318.16
2009-12-01,318.15
2009-11-30,318.28
2009-11-29,318.25
2009-11-28,318.22
2009-11-27,318.23
2009-11-26,318.29
2009-11-25,318.29
2009-11-24,318.33
2009-11-23,318.27
2009-11-22,318.23
2009-11-21,318.24
2009-11-20,318.26
2009-11-19,318.27
2009-11-15,318.28
2009-11-14,318.32
2009-11-13,318.31
2009-11-12,318.33
2009-11-11,318.36
2009-11-10,318.39
2009-11-09,318.42
2009-11-08,318.4
2009-11-07,318.4
2009-11-06,318.45
2009-11-05,318.52
2009-11-04,318.53
2009-11-03,318.54
2009-11-02,318.49
2009-11-01,318.48
2009-10-31,318.51
2009-10-30,318.5
2009-10-29,318.53
2009-10-28,318.5
2009-10-27,318.57
2009-10-26,318.65
2009-10-25,318.61
2009-10-24,318.66
2009-10-23,318.71
2009-10-22,318.73
2009-10-21,318.69
2009-10-20,318.76
2009-10-19,318.72
2009-10-18,318.8
2009-10-17,318.86
2009-10-16,318.85
2009-10-15,318.84
2009-10-14,318.86
2009-10-13,318.88
2009-10-12,318.92
2009-10-11,318.96
2009-10-10,319.1
2009-10-09,319.18
2009-10-08,319.15
2009-10-07,319.2
2009-10-06,319.26
2009-10-05,319.18
2009-10-04,319.2
2009-10-03,319.34
2009-10-02,319.45
2009-10-01,319.44
2009-09-30,319.45
2009-09-29,319.41
2009-09-28,319.42
2009-09-27,319.33
2009-09-26,319.37
2009-09-25,319.33
2009-09-24,319.32
2009-09-23,319.33
2009-09-22,319.37
2009-09-21,319.42
2009-09-12,320.45
2009-09-11,320.45
2009-09-10,320.45
2009-09-09,320.45
2009-09-08,320.46
2009-09-07,320.47
2009-09-06,320.47
2009-09-05,320.47
2009-09-04,320.42
2009-09-03,320.37
2009-09-02,320.34
2009-09-01,320.26
2009-08-31,320.17
2009-08-30,320.13
2009-08-29,320.12
2009-08-28,320.1
2009-08-27,320.1
2009-08-26,320.05
2009-08-25,319.97
2009-08-24,319.85
2009-08-23,319.8
2009-08-22,319.8
2009-08-21,319.76
2009-08-20,319.61
2009-08-19,319.49
2009-08-18,319.4
2009-08-17,319.23
2009-08-16,319.14
2009-08-15,319.1
2009-08-14,319.1
2009-08-13,319.11
2009-08-12,319.11
2009-08-11,319.1
2009-08-10,318.99
2009-08-09,318.89
2009-08-08,318.88
2009-08-07,318.83
2009-08-06,318.79
2009-08-05,318.74
2009-08-04,318.73
2009-08-03,318.73
2009-08-02,318.73
2009-08-01,318.73
2009-07-31,318.74
2009-07-30,318.73
2009-07-29,318.8
2009-07-28,318.78
2009-07-27,318.69
2009-07-26,318.66
2009-07-25,318.67
2009-07-24,318.67
2009-07-23,318.68
2009-07-22,318.77
2009-07-21,318.76
2009-07-20,318.74
2009-07-19,318.7
2009-07-18,318.68
2009-07-17,318.63
2009-07-16,318.59
2009-07-15,318.43
2009-07-14,318.35
2009-07-13,318.31
2009-07-12,318.3
2009-07-11,318.32
2009-07-10,318.31
2009-07-09,318.25
2009-07-08,318.27
2009-07-07,318.28
2009-07-06,318.33
2009-07-05,318.44
2009-07-04,318.51
2009-07-03,318.51
2009-07-02,318.41
2009-07-01,318.44
2009-06-30,318.5
2009-06-29,318.47
2009-06-28,318.57
2009-06-27,318.57
2009-06-26,318.48
2009-06-25,318.44
2009-06-24,318.39
2009-06-23,318.26
2009-06-22,318.24
2009-06-21,318.33
2009-06-20,318.43
2009-06-19,318.64
2009-06-18,318.79
2009-06-17,318.8
2009-06-16,318.69
2009-06-15,318.51
2009-06-14,318.42
2009-06-13,318.44
2009-06-12,318.36
2009-06-11,318.45
2009-06-10,318.5
2009-06-09,318.49
2009-06-08,318.39
2009-06-07,318.61
2009-06-06,318.73
2009-06-05,318.73
2009-06-04,318.69
2009-06-03,318.67
2009-06-02,318.99
2009-06-01,319.17
2009-05-31,319.17
2009-05-30,319.18
2009-05-29,319.21
2009-05-28,319.03
2009-05-05,318.0
2009-05-04,318.0
2009-05-03,317.96
2009-05-02,317.97
2009-05-01,318.03
2009-04-30,318.1
2009-04-29,318.17
2009-04-28,318.27
2009-04-27,318.35
2009-04-26,318.37
2009-04-25,318.44
2009-04-24,318.51
2009-04-23,318.54
2009-04-22,318.52
2009-04-21,318.49
2009-04-20,318.44
2009-04-19,318.43
2009-04-18,318.43
2009-04-17,318.55
2009-04-16,318.56
2009-04-15,318.55
2009-04-14,318.56
2009-04-13,318.56
2009-04-12,318.53
2009-04-11,318.57
2009-04-10,318.65
2009-04-09,318.59
2009-04-08,318.55
2009-04-07,318.47
2009-04-06,318.55
2009-04-05,318.54
2009-04-04,318.51
2009-04-03,318.4
2009-04-02,318.37
2009-04-01,318.29
2009-03-31,318.31
2009-03-30,318.17
2009-03-29,318.14
2009-03-28,318.18
2009-03-27,318.15
2009-03-26,318.15
2009-03-25,318.13
2009-03-24,318.16
2009-03-23,318.08
2009-03-22,318.1
2009-03-21,318.15
2009-03-20,318.17
2009-03-19,318.1
2009-03-18,318.1
2009-03-17,318.11
2009-03-16,318.15
2009-03-15,318.13
2009-03-14,318.19
2009-03-13,318.23
2009-03-12,318.33
2009-03-11,318.42
2009-03-10,318.49
2009-03-09,318.51
2009-03-08,318.46
2009-03-07,318.4
2009-03-06,318.45
2009-03-05,318.41
2009-03-04,318.33
2009-03-03,318.32
2009-03-02,318.36
2009-03-01,318.34
2009-02-28,318.35
2009-02-27,318.34
2009-02-26,318.26
2009-02-25,318.24
2009-02-24,318.13
2009-02-23,318.15
2009-02-22,318.1
2009-02-21,318.08
2009-02-20,318.08
2009-02-19,318.14
2009-02-18,318.08
2009-02-17,318.05
2009-02-16,318.11
2009-02-15,318.1
2009-02-14,318.08
2009-02-13,318.13
2009-02-12,318.13
2009-02-11,318.16
2009-02-10,318.16
2009-02-09,318.25
2009-02-08,318.25
2009-02-07,318.3
2009-02-06,318.3
2009-02-05,318.33
2009-02-04,318.35
2009-02-03,318.3
2009-02-02,318.33
2009-02-01,318.24
2009-01-31,318.19
2009-01-30,318.25
2009-01-29,318.23
2009-01-28,318.18
2009-01-27,318.22
2009-01-26,318.28
2009-01-25,318.26
2009-01-24,318.31
2009-01-23,318.3
2009-01-22,318.23
2009-01-21,318.24
2009-01-20,318.26
2009-01-19,318.24
2009-01-18,318.19
2009-01-16,318.2
2009-01-15,318.22
2009-01-13,318.19
2009-01-12,318.15
2009-01-11,318.13
2009-01-10,318.15
2009-01-09,318.12
2009-01-08,318.07
2009-01-07,318.02
2009-01-06,317.92
2009-01-05,317.95
2009-01-04,318.0
2009-01-03,317.97
2009-01-02,317.98
2009-01-01,317.97
2008-12-31,318.01
2008-12-30,318.0
2008-12-29,317.97
2008-12-28,317.92
2008-12-27,317.94
2008-12-26,317.9
2008-12-23,317.87
2008-12-22,317.97
2008-12-21,318.03
2008-12-20,318.04
2008-12-19,318.01
2008-12-18,318.0
2008-12-17,318.01
2008-12-16,317.99
2008-12-15,318.07
2008-12-14,317.99
2008-12-13,318.01
2008-12-08,318.08
2008-12-05,318.21
2008-12-04,318.21
2008-12-03,318.25
2008-12-02,318.22
2008-12-01,318.25
2008-11-30,318.19
2008-11-29,318.18
2008-11-28,318.16
2008-11-26,318.19
2008-11-25,318.19
2008-11-24,318.2
2008-11-23,318.13
2008-11-22,318.16
2008-11-21,318.18
2008-11-20,318.22
2008-11-19,318.17
2008-11-18,318.2
2008-11-17,318.17
2008-11-16,318.17
2008-11-15,318.25
2008-11-14,318.24
2008-11-13,318.22
2008-11-12,318.27
2008-11-11,318.29
2008-11-10,318.28
2008-11-09,318.28
2008-11-08,318.35
2008-11-07,318.34
2008-11-06,318.33
2008-11-05,318.25
2008-11-04,318.24
2008-11-03,318.27
2008-11-02,318.32
2008-11-01,318.34
2008-10-31,318.34
2008-10-30,318.35
2008-10-29,318.37
2008-10-28,318.38
2008-10-27,318.41
2008-10-26,318.37
2008-10-25,318.37
2008-10-24,318.43
2008-10-23,318.41
2008-10-22,318.45
2008-10-21,318.46
2008-10-20,318.49
2008-10-19,318.5
2008-10-18,318.54
2008-10-17,318.43
2008-10-16,318.39
2008-10-15,318.43
2008-10-14,318.44
2008-10-13,318.48
2008-10-12,318.52
2008-10-11,318.56
2008-10-10,318.58
2008-10-08,318.79
2008-10-07,318.87
2008-10-06,318.95
2008-10-05,319.04
2008-10-04,319.08
2008-10-03,319.06
2008-10-02,319.06
2008-10-01,319.07
2008-09-30,319.06
2008-09-29,319.07
2008-09-28,319.07
2008-09-27,319.06
2008-09-26,319.07
2008-09-25,319.06
2008-09-24,319.07
2008-09-23,319.08
2008-09-22,319.09
2008-09-21,319.13
2008-09-20,319.19
2008-09-19,319.23
2008-09-18,319.33
2008-09-17,319.37
2008-09-16,319.47
2008-09-15,319.58
2008-09-14,319.66
2008-09-13,319.71
2008-09-12,319.8
2008-09-11,319.96
2008-09-10,320.23
2008-09-09,320.37
2008-09-08,320.56
2008-09-07,320.72
2008-09-06,320.74
2008-09-05,320.65
2008-09-04,320.6
2008-09-03,320.7
2008-09-02,320.69
2008-09-01,320.68
2008-08-31,320.74
2008-08-30,320.77
2008-08-29,321.06
2008-08-28,321.03
2008-08-27,321.11
2008-08-26,320.97
2008-08-25,321.0
2008-08-24,321.01
2008-08-23,321.09
2008-08-22,321.14
2008-04-20,317.78
2008-04-19,317.84
2008-04-17,317.62
2008-04-16,317.66
2008-04-15,317.55
2008-04-14,317.53
2008-04-13,317.5
2008-04-12,317.43
2008-04-11,317.34
2008-04-10,317.3
2008-04-09,317.32
2008-04-08,317.39
2008-04-07,317.36
2008-04-06,317.29
2008-04-05,317.17
2008-04-04,317.11
2008-04-03,317.08
2008-04-02,317.14
2008-04-01,317.12
2008-03-31,317.1
2008-03-30,317.03
2008-03-29,316.99
2008-03-28,317.05
2008-03-27,317.03
2008-03-26,317.01
2008-03-25,316.97
2008-03-24,316.99
2008-03-23,317.02
2008-03-22,316.96
2008-03-21,316.98
2008-03-20,316.93
2008-03-19,317.01
2008-03-18,317.06
2008-03-17,317.04
2008-03-16,316.99
2008-03-15,316.97
2008-03-13,316.75
2008-03-12,316.8
2008-03-11,316.76
2008-03-10,316.78
2008-03-09,316.68
2008-03-08,316.59
2008-03-07,316.58
2008-03-06,316.6
2008-03-05,316.61
2008-03-04,316.54
2008-03-03,316.65
2008-03-02,316.57
2008-03-01,316.58
2008-02-29,316.52
2008-02-28,316.53
2008-02-27,316.57
2008-02-26,316.61
2008-02-25,316.47
2008-02-24,316.47
2008-02-23,316.39
2008-02-22,316.39
2008-02-19,316.19
2008-02-18,316.25
2008-02-17,316.2
2008-02-16,316.13
2008-02-15,316.15
2008-02-14,316.15
2008-02-13,316.15
2008-02-12,316.19
2008-02-11,316.14
2008-02-10,316.16
2008-02-09,316.11
2008-02-08,316.09
2008-02-05,315.94
2008-02-04,315.96
2008-02-03,315.91
2008-02-02,315.88
2008-02-01,315.84
2008-01-31,315.85
2008-01-30,315.78
2008-01-29,315.81
2008-01-28,315.76
2008-01-27,315.8
2008-01-26,315.79
2008-01-25,315.76
2008-01-24,315.76
2008-01-23,315.75
2008-01-22,315.77
2008-01-21,315.74
2008-01-20,315.72
2008-01-19,315.75
2008-01-17,315.7
2008-01-16,315.72
2008-01-15,315.74
2008-01-14,315.76
2008-01-13,315.7
2008-01-12,315.67
2008-01-11,315.62
2008-01-10,315.63
2008-01-09,315.6
2008-01-08,315.63
2008-01-07,315.6
2008-01-06,315.58
2008-01-05,315.56
2008-01-04,315.55
2008-01-03,315.55
2008-01-02,315.62
2008-01-01,315.62
2007-12-31,315.53
2007-12-30,315.46
2007-12-29,315.41
2007-12-28,315.44
2007-12-27,315.33
2007-12-26,315.39
2007-12-25,315.32
2007-12-24,315.4
2007-12-21,315.26
2007-12-20,315.25
2007-12-19,315.23
2007-12-18,315.23
2007-12-17,315.22
2007-12-16,315.19
2007-12-15,315.18
2007-12-14,315.16
2007-11-26,315.14
2007-11-25,315.14
2007-11-24,315.13
2007-11-23,315.13
2007-11-19,315.16
2007-11-18,315.12
2007-11-17,315.04
2007-11-16,315.02
2007-11-15,315.09
2007-11-14,315.06
2007-11-13,315.0
2007-11-12,314.99
2007-11-11,314.95
2007-11-10,314.91
2007-11-09,314.88
2007-11-08,314.85
2007-11-07,314.86
2007-11-06,314.89
2007-11-05,314.84
2007-11-04,314.8
2007-11-03,314.77
2007-11-02,314.72
2007-11-01,314.7
2007-10-31,314.71
2007-10-30,314.74
2007-10-29,314.79
2007-10-28,314.74
2007-10-27,314.67
2007-10-26,314.63
2007-10-25,314.61
2007-10-24,314.65
2007-10-23,314.62
2007-10-22,314.66
2007-10-21,314.57
2007-10-20,314.56
2007-10-19,314.57
2007-10-18,314.51
2007-10-17,314.46
2007-10-16,314.45
2007-10-15,314.48
2007-10-14,314.42
2007-10-13,314.37
2007-10-12,314.39
2007-10-11,314.35
2007-10-10,314.35
2007-10-09,314.33
2007-10-08,314.26
2007-10-07,314.18
2007-10-06,314.12
2007-10-05,314.09
2007-10-04,314.03
2007-10-03,314.0
2007-10-02,313.98
2007-10-01,314.0
2007-09-30,314.0
2007-09-29,313.96
2007-09-28,313.93
2007-09-27,313.87
2007-09-26,313.82
2007-09-25,313.81
2007-09-24,313.74
2007-09-23,313.69
2007-09-22,313.65
2007-09-21,313.56
2007-09-20,313.53
2007-09-19,313.52
2007-09-18,313.51
2007-09-17,313.51
2007-09-16,313.45
2007-09-15,313.34
2007-09-14,313.31
2007-09-13,313.25
2007-09-12,313.3
2007-09-11,313.42
2007-09-10,313.44
2007-09-09,313.36
2007-09-08,313.27
2007-09-07,313.18
2007-09-06,313.09
2007-09-05,313.07
2007-09-04,313.09
2007-09-03,313.14
2007-09-02,313.13
2007-09-01,313.08
2007-08-31,313.05
2007-08-30,313.06
2007-08-29,313.04
2007-08-28,312.98
2007-08-27,312.92
2007-08-26,312.91
2007-08-25,312.87
2007-08-24,312.81
2007-08-23,312.75
2007-08-22,312.78
2007-08-21,312.77
2007-08-20,312.75
2007-08-19,312.79
2007-08-18,312.84
2007-08-17,312.99
2007-08-16,313.08
2007-08-15,313.02
2007-08-14,312.94
2007-08-13,312.86
2007-08-12,312.78
2007-08-11,312.73
2007-08-10,312.66
2007-08-09,312.55
2007-08-08,312.44
2007-08-07,312.37
2007-08-06,312.31
2007-08-05,312.28
2007-08-04,312.21
2007-08-03,312.2
2007-08-02,312.19
2007-08-01,312.18
2007-07-31,312.17
2007-07-30,312.14
2007-07-29,312.14
2007-07-28,312.01
2007-07-27,312.02
2007-07-26,311.91
2007-07-25,311.85
2007-07-24,311.8
2007-07-23,311.8
2007-07-22,311.8
2007-07-21,311.77
2007-07-20,311.79
2007-07-19,311.74
2007-07-18,311.68
2007-07-17,311.61
2007-07-16,311.52
2007-07-15,311.44
2007-07-14,311.34
2007-07-13,311.36
2007-07-12,311.29
2007-07-11,311.23
2007-07-10,311.13
2007-07-09,311.08
2007-07-08,311.04
2007-07-07,311.02
2007-07-06,311.04
2007-07-05,311.01
2007-07-04,311.01
2007-07-03,311.03
2007-07-02,311.11
2007-07-01,311.1
2007-06-30,311.11
2007-06-29,311.13
2007-06-28,311.22
2007-06-27,311.31
2007-06-26,311.4
2007-06-25,311.51
2007-06-24,311.59
2007-06-23,311.69
2007-06-22,311.83
2007-06-21,311.98
2007-06-20,312.28
2007-06-19,312.41
2007-06-18,312.48
2007-06-17,312.59
2007-06-16,312.75
2007-06-15,312.97
2007-06-14,312.9
2007-06-13,312.82
2007-06-12,312.78
2007-06-11,312.74
2007-06-10,312.74
2007-06-09,312.77
2007-06-08,312.76
2007-06-07,312.57
2007-06-06,312.51
2007-06-05,312.56
2007-06-04,312.48
2007-06-03,312.4
2007-06-02,312.37
2007-06-01,312.32
2007-05-31,312.33
2007-05-30,312.29
2007-05-29,312.29
2007-05-28,312.34
2007-05-27,312.38
2007-05-26,312.44
2007-05-25,312.56
2007-05-24,312.61
2007-05-23,312.61
2007-05-22,312.56
2007-05-21,312.61
2007-05-20,312.69
2007-05-19,312.83
2007-05-18,312.98
2007-05-17,313.26
2007-05-16,313.52
2007-05-15,313.84
2007-05-14,314.18
2007-05-13,314.5
2007-05-12,314.81
2007-05-11,315.07
2007-05-10,315.32
2007-05-09,315.62
2007-05-08,315.79
2007-05-07,315.89
2007-05-06,315.8
2007-05-05,315.78
2007-05-04,315.8
2007-05-03,315.77
2007-05-02,315.77
2007-05-01,315.85
2007-04-30,315.92
2007-04-29,316.03
2007-04-28,316.04
2007-04-27,316.02
2007-04-26,316.01
2007-04-25,315.99
2007-04-24,315.91
2007-04-23,315.9
2007-04-22,315.9
2007-04-21,315.87
2007-04-20,315.92
2007-04-19,315.92
2007-04-18,315.9
2007-04-17,315.87
2007-04-16,315.91
2007-04-15,315.99
2007-04-14,316.08
2007-04-13,316.1
2007-04-12,316.2
2007-04-11,316.34
2007-04-10,316.38
2007-04-09,316.57
2007-04-08,316.73
2007-04-07,316.95
2007-04-06,317.18
2007-04-05,317.37
2007-04-04,317.72
2007-04-03,317.83
2007-04-02,317.96
2007-04-01,318.16
2007-03-31,318.36
2007-03-30,318.63
2007-03-29,318.81
2007-03-28,318.88
2007-03-27,318.98
2007-03-26,319.17
2007-03-25,319.28
2007-03-24,319.38
2007-03-23,319.39
2007-03-22,319.46
2007-03-21,319.57
2007-03-20,319.61
2007-03-19,319.8
2007-03-18,319.85
2007-03-17,319.84
2007-03-16,319.83
2007-03-15,319.77
2007-03-14,319.66
2007-03-13,319.62
2007-03-12,319.66
2007-03-11,319.59
2007-03-10,319.59
2007-03-09,319.51
2007-03-08,319.45
2007-03-07,319.45
2007-03-06,319.42
2007-03-05,319.43
2007-03-04,319.41
2007-03-03,319.39
2007-03-02,319.32
2007-03-01,319.31
2007-02-28,319.22
2007-02-27,319.18
2007-02-26,319.1
2007-02-25,318.99
2007-02-24,318.95
2007-02-23,318.87
2006-12-12,319.71
2006-12-11,319.68
2006-12-10,319.66
2006-12-09,319.65
2006-12-08,319.72
2006-12-07,319.74
2006-12-06,319.72
2006-12-05,319.75
2006-12-04,319.75
2006-12-03,319.83
2006-12-02,319.83
2006-12-01,319.75
2006-11-30,319.8
2006-11-29,319.83
2006-11-28,319.93
2006-11-27,319.91
2006-11-26,319.95
2006-11-25,319.95
2006-11-24,319.92
2006-11-23,319.99
2006-11-22,320.01
2006-11-21,320.08
2006-11-20,320.11
2006-11-19,320.14
2006-11-18,320.11
2006-11-17,320.05
2006-11-16,320.05
2006-11-15,320.09
2006-10-14,311.37
2006-10-13,311.33
2006-10-12,311.34
2006-10-11,311.39
2006-10-10,311.52
2006-10-09,311.66
2006-10-08,311.63
2006-10-07,311.67
2006-10-06,311.7
2006-10-05,311.64
2006-10-04,311.66
2006-10-03,311.58
2006-10-02,311.55
2006-10-01,311.56
2006-09-30,311.52
2006-09-29,311.51
2006-09-28,311.46
2006-09-27,311.52
2006-09-26,311.43
2006-09-25,311.42
2006-09-24,311.47
2006-09-23,311.45
2006-09-22,311.44
2006-09-21,311.33
2006-09-20,311.26
2006-09-19,311.27
2006-09-16,311.64
2006-09-15,311.67
2006-09-14,311.67
2006-09-13,311.72
2006-09-12,311.74
2006-09-11,311.77
2006-09-10,311.8
2006-09-09,311.89
2006-09-08,312.1
2006-09-07,312.12
2006-09-06,312.15
2006-09-05,312.56
2006-09-04,312.72
2006-09-03,312.84
2006-09-01,313.03
2006-08-31,313.04
2006-08-30,313.09
2006-08-29,313.23
2006-08-28,313.77
2006-08-27,313.92
2006-08-26,314.07
2006-08-25,314.06
2006-08-24,313.97
2006-08-23,314.04
2006-08-22,314.01
2006-08-21,314.2
2006-08-20,314.32
2006-08-19,314.21
2006-08-18,314.14
2006-08-17,314.14
2006-08-16,314.08
2006-08-15,314.07
2006-08-14,314.26
2006-08-13,314.5
2006-08-12,314.47
2006-08-11,314.45
2006-08-10,314.34
2006-08-09,314.37
2006-08-08,314.31
2006-08-07,314.26
2006-08-06,314.31
2006-08-05,314.32
2006-08-04,314.2
2006-08-03,314.33
2006-08-02,314.28
2006-08-01,314.22
2006-07-31,314.16
2006-07-30,314.13
2006-07-29,314.14
2006-07-28,314.11
2006-07-27,314.06
2006-07-26,313.98
2006-07-25,313.97
2006-07-24,313.9
2006-07-23,313.86
2006-07-22,313.93
2006-07-21,313.87
2006-07-20,313.84
2006-07-19,313.77
2006-07-18,313.66
2006-07-17,313.43
2006-07-16,313.31
2006-07-15,313.25
2006-07-14,313.13
2006-07-13,313.05
2006-07-12,313.04
2006-07-11,312.87
2006-07-10,312.82
2006-07-09,312.87
2006-07-08,312.83
2006-07-07,312.78
2006-07-06,312.85
2006-07-05,312.81
2006-07-04,312.73
2006-07-03,312.86
2006-07-02,312.87
2006-07-01,312.79
2006-06-30,312.77
2006-06-29,312.81
2006-06-28,312.81
2006-06-27,312.81
2006-06-26,312.83
2006-06-25,312.8
2006-06-24,312.82
2006-06-23,312.76
2006-06-22,312.78
2006-06-21,312.82
2006-06-20,312.88
2006-06-19,312.84
2006-06-18,313.01
2006-06-17,313.06
2006-06-16,313.37
2006-06-15,313.26
2006-06-14,313.2
2006-06-13,313.22
2006-06-12,313.2
2006-06-11,313.08
2006-06-10,313.01
2006-06-09,312.84
2006-06-08,312.49
2006-06-07,312.57
2006-06-06,312.45
2006-06-05,312.31
2006-06-04,312.2
2006-06-03,312.12
2006-06-02,312.12
2006-06-01,312.22
2006-05-31,312.24
2006-05-30,312.17
2006-05-29,312.2
2006-05-28,312.14
2006-05-27,312.02
2006-05-24,311.88
2006-05-23,311.87
2006-05-22,311.83
2006-05-21,311.75
2006-05-20,311.74
2006-05-19,311.66
2006-05-18,311.54
2006-05-17,311.4
2006-05-16,311.35
2006-05-15,311.26
2006-05-14,311.12
2006-05-13,311.13
2006-05-12,311.2
2006-05-11,311.29
2006-05-10,310.96
2006-05-09,311.03
2006-05-08,310.94
2006-05-07,310.92
2006-05-06,310.92
2006-05-05,310.78
2006-05-04,310.72
2006-05-03,310.81
2006-05-02,310.97
2006-05-01,310.81
2006-04-30,310.71
2006-04-29,310.67
2006-04-28,310.71
2006-04-27,310.8
2006-04-26,310.8
2006-04-25,310.8
2006-04-24,310.88
2006-04-23,310.84
2006-04-22,310.86
2006-04-21,310.7
2006-04-20,310.69
2006-04-19,310.77
2006-04-18,310.81
2006-04-17,310.68
2006-04-16,310.65
2006-04-15,310.55
2006-04-14,310.53
2006-04-13,310.45
2006-04-12,310.33
2006-04-11,310.32
2006-04-10,310.31
2006-04-09,310.32
2006-04-08,310.22
2006-04-07,310.09
2006-04-06,309.94
2006-04-05,309.89
2006-04-04,309.82
2006-04-03,309.75
2006-04-02,309.69
2006-04-01,309.62
2006-03-31,309.6
2006-03-30,309.54
2006-03-29,309.47
2006-03-28,309.5
2006-03-27,309.46
2006-03-26,309.38
2006-03-25,309.34
2006-03-24,309.3
2006-03-23,309.38
2006-03-22,309.26
2006-03-21,309.26
2006-03-20,309.25
2006-03-19,309.32
2006-03-18,309.39
2006-03-17,309.5
2006-03-16,309.56
2006-03-15,309.43
2006-03-14,309.47
2006-03-13,309.45
2006-03-12,309.35
2006-03-11,309.27
2006-03-10,309.13
2006-03-09,309.11
2006-03-08,309.05
2006-03-07,309.02
2006-03-06,308.87
2006-03-05,308.74
2006-03-04,308.69
2006-03-03,308.71
2006-03-02,308.69
2006-03-01,308.61
2006-02-28,308.5
2006-02-27,308.42
2006-02-26,308.45
2006-02-25,308.5
2006-02-24,308.51
2006-02-23,308.54
2006-02-22,308.58
2006-02-21,308.53
2006-02-20,308.44
2006-02-19,308.45
2006-02-18,308.5
2006-02-17,308.56
2006-02-16,308.64
2006-02-15,308.59
2006-02-14,308.56
2006-02-13,308.46
2006-02-12,308.51
2006-02-11,308.54
2006-02-10,308.5
2006-02-09,308.54
2006-02-08,308.47
2006-02-07,308.51
2006-02-06,308.52
2006-02-05,308.42
2006-02-04,308.45
2006-02-03,308.4
2006-02-02,308.36
2006-02-01,308.25
2006-01-31,308.33
2006-01-30,308.36
2006-01-29,308.25
2006-01-28,308.28
2006-01-27,308.28
2006-01-26,308.19
2006-01-25,308.2
2006-01-24,308.25
2006-01-23,308.14
2006-01-22,308.16
2006-01-21,308.23
2006-01-20,308.25
2006-01-19,308.19
2006-01-18,308.15
2006-01-17,308.24
2006-01-16,308.19
2006-01-15,308.12
2006-01-14,308.22
2006-01-13,308.27
2006-01-12,308.18
2006-01-11,308.16
2006-01-10,308.28
2006-01-09,308.32
2006-01-08,308.18
2006-01-07,308.14
2006-01-06,308.12
2006-01-05,308.16
2006-01-04,308.06
2006-01-03,308.05
2006-01-02,307.97
2006-01-01,307.85
2005-12-31,307.84
2005-12-30,307.8
2005-12-29,307.95
2005-12-28,308.0
2005-12-27,307.96
2005-12-26,307.69
2005-12-25,307.74
2005-12-24,307.87
2005-12-23,307.77
2005-12-22,307.91
2005-12-21,307.73
2005-12-20,307.79
2005-12-18,307.9
2005-12-17,307.93
2005-12-16,307.77
2005-12-15,307.98
2005-12-14,307.81
2005-12-13,307.85
2005-12-12,307.75
2005-12-11,307.62
2005-12-10,307.68
2005-12-09,307.68
2005-12-08,307.59
2005-12-07,307.83
2005-12-06,307.66
2005-12-05,307.69
2005-12-04,307.58
2005-12-03,307.75
2005-12-02,307.53
2005-12-01,307.73
2005-11-30,307.52
2005-11-29,307.82
2005-11-28,307.79
2005-11-27,307.55
2005-11-26,307.57
2005-11-25,307.77
2005-11-24,307.49
2005-11-23,307.49
2005-11-22,307.54
2005-11-21,307.49
2005-11-20,307.78
2005-11-19,307.76
2005-11-18,307.62
2005-11-17,307.73
2005-11-16,307.62
2005-11-15,307.5
2005-11-14,307.59
2005-11-13,307.55
2005-11-12,307.49
2005-11-11,307.55
2005-11-10,307.63
2005-11-09,307.61
2005-11-08,307.58
2005-11-07,307.57
2005-11-06,307.62
2005-11-05,307.61
2005-11-04,307.7
2005-11-03,307.83
2005-11-02,307.68
2005-11-01,307.72
2005-10-31,307.78
2005-10-30,307.83
2005-10-29,308.01
2005-10-28,307.82
2005-10-27,307.88
2005-10-26,307.87
2005-10-25,307.86
2005-10-24,307.94
2005-10-23,307.98
2005-10-22,308.04
2005-10-21,308.02
2005-10-20,308.08
2005-10-19,308.06
2005-10-18,308.45
2005-10-17,308.36
2005-10-16,308.6
2005-10-15,308.66
2005-10-14,308.52
2005-10-13,308.69
2005-10-12,308.77
2005-10-11,308.87
2005-10-10,309.17
2005-10-09,308.96
2005-10-08,309.24
2005-10-07,309.2
2005-10-06,309.46
2005-10-05,309.56
2005-10-04,309.49
2005-10-03,309.54
2005-10-02,309.58
2005-10-01,309.35
2005-09-30,309.35
2005-09-29,309.28
2005-09-28,309.22
2005-09-27,309.19
2005-09-26,309.09
2005-09-25,309.16
2005-09-24,309.21
2005-09-23,308.93
2005-09-22,309.09
2005-09-21,308.85
2005-09-20,308.84
2005-09-19,308.94
2005-09-18,308.85
2005-09-17,308.85
2005-09-16,308.63
2005-09-15,308.71
2005-09-14,308.75
2005-09-13,308.77
2005-09-12,308.76
2005-09-11,308.74
2005-09-10,308.57
2005-09-09,308.58
2005-09-08,308.64
2005-09-07,308.61
2005-09-06,308.51
2005-09-05,308.08
2005-09-04,308.09
2005-09-03,308.1
2005-09-02,308.19
2005-09-01,308.28
2005-08-31,308.23
2005-08-30,308.21
2005-08-29,308.06
2005-08-28,308.14
2005-08-27,308.19
2005-08-26,308.42
2005-08-25,308.19
2005-08-24,308.4
2005-08-23,308.32
2005-08-22,307.94
2005-08-21,308.03
2005-08-20,308.1
2005-08-19,307.92
2005-08-18,308.08
2005-08-17,307.98
2005-08-16,308.24
2005-08-15,308.07
2005-08-14,308.12
2005-08-13,308.47
2005-08-12,308.4
2005-08-11,308.37
2005-08-10,308.35
2005-08-09,308.31
2005-08-08,308.12
2005-08-07,308.52
2005-08-06,308.65
2005-08-05,308.69
2005-08-04,308.7
2005-08-03,308.77
2005-08-02,308.69
2005-08-01,308.52
2005-07-31,308.53
2005-07-30,308.68
2005-07-29,308.47
2005-07-28,308.8
2005-07-27,308.39
2005-07-26,308.38
2005-07-25,308.56
2005-07-24,308.59
2005-07-23,308.3
2005-07-22,308.23
2005-07-21,308.41
2005-07-20,308.18
2005-07-19,308.34
2005-07-18,307.97
2005-07-17,308.09
2005-07-16,308.04
2005-07-15,308.2
2005-07-14,308.36
2005-07-13,308.58
2005-07-12,308.52
2005-07-11,308.4
2005-07-10,308.48
2005-07-09,308.48
2005-07-08,308.19
2005-07-07,308.35
2005-07-06,308.37
2005-07-05,308.14
2005-07-04,308.22
2005-07-03,308.3
2005-07-02,307.96
2005-07-01,308.07
2005-06-30,307.87
2005-06-29,307.81
2005-06-28,307.7
2005-06-27,307.77
2005-06-26,307.56
2005-06-25,307.54
2005-06-24,307.41
2005-06-23,307.36
2005-06-22,307.55
2005-06-21,307.43
2005-06-20,307.18
2005-06-19,307.38
2005-06-18,307.29
2005-06-17,307.01
2005-06-16,307.21
2005-06-15,307.03
2005-06-14,307.05
2005-06-13,306.96
2005-06-12,306.97
2005-06-11,306.9
2005-06-10,307.13
2005-06-09,307.08
2005-06-08,307.1
2005-06-07,306.97
2005-06-06,307.04
2005-06-05,307.22
2005-06-04,307.21
2005-06-03,307.25
2005-06-02,307.15
2005-06-01,307.07
2005-05-31,307.13
2005-05-30,307.13
2005-05-29,307.43
2005-05-28,307.37
2005-05-27,307.6
2005-05-26,307.61
2005-05-25,307.47
2005-05-24,307.45
2005-05-23,307.48
2005-05-22,307.38
2005-05-21,307.16
2005-05-20,307.21
2005-05-19,306.96
2005-05-18,306.97
2005-05-17,306.85
2005-05-16,306.95
2005-05-15,307.08
2005-05-13,307.05
2005-05-12,307.01
2005-05-11,306.88
2005-05-10,307.14
2005-05-09,307.05
2005-05-08,306.88
2005-05-07,306.9
2005-05-06,306.74
2005-05-05,306.64
2005-05-04,306.64
2005-05-03,306.69
2005-05-01,306.85
2005-04-30,306.88
2005-04-29,306.49
2005-04-28,306.42
2005-04-27,306.42
2005-04-26,306.34
2005-04-25,306.2
2005-04-24,306.33
2005-04-23,306.54
2005-04-22,306.2
2005-04-21,306.09
2005-04-20,306.02
2005-04-19,305.87
2005-04-18,306.06
2005-04-17,306.09
2005-04-16,306.15
2005-04-15,305.94
2005-04-14,305.95
2005-04-13,305.82
2005-04-12,305.7
2005-04-11,305.67
2005-04-10,305.65
2005-04-09,305.68
2005-04-08,305.49
2005-04-07,305.41
2005-04-06,305.4
2005-04-05,305.46
2005-04-04,305.24
2005-04-03,305.26
2005-04-02,305.36
2005-04-01,305.46
2005-03-31,305.18
2005-03-30,305.19
2005-03-29,304.99
2005-03-28,305.09
2005-03-27,305.05
2005-03-26,305.0
2005-03-25,304.96
2005-03-24,304.99
2005-03-23,304.87
2005-03-22,304.95
2005-03-21,304.78
2005-03-20,304.77
2005-03-19,304.73
2005-03-18,304.77
2005-03-17,304.72
2005-03-16,304.83
2005-03-15,304.84
2005-03-14,304.68
2005-03-13,304.66
2005-03-12,304.71
2005-03-11,304.83
2005-03-10,304.65
2005-03-09,304.6
2005-03-08,304.8
2005-03-07,304.67
2005-03-06,304.84
2005-03-05,304.79
2005-03-04,304.71
2005-03-03,304.85
2005-03-02,304.7
2005-03-01,304.71
2005-02-28,304.71
2005-02-27,304.76
2005-02-25,304.84
2005-02-24,304.74
2005-02-23,304.83
2005-02-22,304.69
2005-02-21,304.65
2005-02-20,304.58
2005-02-19,304.76
2005-02-18,304.63
2005-02-17,304.61
2005-02-16,304.58
2005-02-15,304.53
2005-02-14,304.6
2005-02-13,304.41
2005-02-12,304.54
2005-02-11,304.46
2005-02-10,304.5
2005-02-09,304.44
2005-02-08,304.43
2005-02-07,304.44
2005-02-06,304.35
2005-02-05,304.48
2005-02-04,304.4
2005-02-03,304.45
2005-02-02,304.44
2005-01-31,304.35
2005-01-30,304.28
2005-01-29,304.28
2005-01-28,304.32
2005-01-27,304.4
2005-01-26,304.37
2005-01-25,304.35
2005-01-24,304.28
2005-01-23,304.37
2005-01-22,304.14
2005-01-21,304.22
2005-01-20,304.1
2005-01-19,304.07
2005-01-18,304.08
2005-01-17,304.21
2005-01-16,304.26
2005-01-15,304.19
2005-01-14,304.02
2005-01-13,303.96
2005-01-12,304.06
2005-01-11,303.98
2005-01-10,304.11
2005-01-09,304.01
2005-01-08,304.08
2005-01-07,304.01
2005-01-06,303.86
2005-01-05,304.06
2005-01-04,304.14
2005-01-03,303.98
2005-01-02,304.08
2005-01-01,304.0
2004-12-31,303.98
2004-12-30,304.05
2004-12-29,303.93
2004-12-28,303.89
2004-12-27,303.89
2004-12-26,303.86
2004-12-25,303.81
2004-12-24,303.76
2004-12-23,303.78
2004-12-22,303.69
2004-12-21,303.84
2004-12-20,303.78
2004-12-19,303.87
2004-12-18,303.75
2004-12-17,303.76
2004-12-16,303.66
2004-12-15,303.88
2004-12-14,303.83
2004-12-13,303.77
2004-12-12,303.78
2004-12-11,303.69
2004-12-10,303.7
2004-12-09,303.69
2004-12-08,303.69
2004-12-07,303.84
2004-12-06,303.65
2004-12-05,303.66
2004-12-04,303.87
2004-12-03,303.98
2004-12-02,304.04
2004-12-01,304.08
2004-11-30,303.99
2004-11-29,303.96
2004-11-28,304.02
2004-11-27,304.32
2004-11-26,304.34
2004-11-25,304.6
2004-11-24,304.94
2004-11-23,305.17
2004-11-22,305.45
2004-11-21,305.92
2004-11-20,306.01
2004-11-19,306.22
2004-11-18,306.71
2004-11-17,306.79
2004-11-16,307.17
2004-11-15,307.5
2004-11-14,307.26
2004-11-13,307.43
2004-11-12,307.56
2004-11-11,307.45
2004-11-08,307.64
2004-11-07,307.38
2004-11-06,307.65
2004-11-05,307.42
2004-11-04,307.5
2004-11-03,307.5
2004-11-02,307.63
2004-11-01,307.62
2004-10-31,307.49
2004-10-30,307.72
2004-10-29,307.64
2004-10-28,307.75
2004-10-27,307.96
2004-10-26,307.86
2004-10-25,307.88
2004-10-24,308.13
2004-10-23,307.97
2004-10-22,307.99
2004-10-21,308.21
2004-10-20,308.01
2004-10-19,307.96
2004-10-18,307.9
2004-10-17,307.97
2004-10-16,308.28
2004-10-15,308.12
2004-10-14,308.15
2004-10-13,308.36
2004-10-12,308.47
2004-10-11,308.56
2004-10-10,308.75
2004-10-09,308.87
2004-10-08,308.94
2004-10-07,309.16
2004-10-03,309.69
2004-10-02,309.75
2004-10-01,309.74
2004-09-30,309.81
2004-09-29,309.94
2004-09-28,310.01
2004-09-27,309.96
2004-09-26,310.07
2004-09-25,309.91
2004-09-24,310.05
2004-09-23,309.89
2004-09-22,309.99
2004-09-21,309.93
2004-09-20,309.93
2004-09-19,309.93
2004-09-18,309.87
2004-09-17,309.85
2004-09-16,309.82
2004-09-15,309.82
2004-09-14,309.81
2004-09-13,309.8
2004-09-12,309.79
2004-09-11,309.82
2004-09-10,309.88
2004-09-09,309.91
2004-09-08,310.09
2004-09-07,310.17
2004-09-06,310.14
2004-09-05,310.53
2004-09-04,310.55
2004-09-03,310.33
2004-09-02,310.67
2004-09-01,310.58
2004-08-31,310.98
2004-08-30,310.9
2004-08-29,311.27
2004-08-26,311.03
2004-08-25,311.23
2004-08-24,311.35
2004-08-23,311.37
2004-08-22,311.22
2004-08-21,311.35
2004-08-20,311.36
2004-08-19,311.64
2004-08-18,311.45
2004-08-17,311.45
2004-08-16,311.68
2004-08-15,311.74
2004-08-14,311.87
2004-08-13,311.92
2004-08-12,312.07
2004-08-11,311.66
2004-08-10,312.06
2004-08-09,311.88
2004-08-08,312.37
2004-08-07,311.99
2004-08-06,312.02
2004-08-05,312.25
2004-08-04,312.15
2004-08-03,311.77
2004-08-02,311.71
2004-08-01,311.99
2004-07-31,311.87
2004-07-30,311.56
2004-07-29,311.88
2004-07-28,311.93
2004-07-27,311.88
2004-07-26,312.2
2004-07-25,312.32
2004-07-24,312.34
2004-07-23,312.11
2004-07-22,311.85
2004-07-21,311.79
2004-07-20,311.85
2004-07-19,311.89
2004-07-18,311.59
2004-07-17,311.86
2004-07-16,311.45
2004-07-15,311.44
2004-07-14,311.33
2004-07-13,311.56
2004-07-12,311.26
2004-07-11,311.52
2004-07-10,311.29
2004-07-09,311.3
2004-07-08,311.36
2004-07-06,310.8
2004-07-05,311.07
2004-07-04,310.85
2004-07-03,311.04
2004-07-02,310.84
2004-07-01,310.84
2004-06-30,310.62
2004-06-29,310.73
2004-06-28,310.82
2004-06-27,311.32
2004-06-26,311.27
2004-06-25,311.21
2004-06-24,311.25
2004-06-23,311.48
2004-06-22,311.55
2004-06-21,311.5
2004-06-20,311.51
2004-06-19,311.53
2004-06-18,311.19
2004-06-17,311.21
2004-06-16,310.82
2004-06-15,310.8
2004-06-14,310.89
2004-06-13,310.85
2004-06-12,310.83
2004-06-11,310.44
2004-06-10,310.42
2004-06-09,310.21
2004-06-08,310.21
2004-06-07,310.12
2004-06-06,309.89
2004-06-05,310.13
2004-06-04,309.78
2004-06-03,309.79
2004-06-02,309.76
2004-06-01,309.55
2004-05-31,309.38
2004-05-30,309.35
2004-05-29,309.37
2004-05-28,309.17
2004-05-27,309.3
2004-05-26,309.25
2004-05-25,309.23
2004-05-24,308.97
2004-05-23,308.97
2004-05-22,308.94
2004-05-21,308.87
2004-05-20,308.79
2004-05-19,308.73
2004-05-18,308.53
2004-05-17,308.28
2004-05-16,308.23
2004-05-15,308.11
2004-05-14,308.18
2004-05-13,308.15
2004-05-12,307.96
2004-05-11,308.12
2004-05-10,308.06
2004-05-09,308.0
2004-05-08,307.99
2004-05-07,307.87
2004-05-06,307.86
2004-05-05,307.82
2004-05-04,307.7
2004-05-03,307.68
2004-05-02,307.98
2004-05-01,307.78
2004-04-30,307.65
2004-04-29,307.86
2004-04-28,307.78
2004-04-27,307.73
2004-04-26,307.86
2004-04-25,307.72
2004-04-24,307.88
2004-04-23,307.62
2004-04-22,307.73
2004-04-21,307.69
2004-04-20,307.69
2004-04-19,307.76
2004-04-18,307.79
2004-04-17,307.9
2004-04-16,307.93
2004-04-15,307.91
2004-04-14,307.77
2004-04-13,307.76
2004-04-12,307.85
2004-04-11,307.91
2004-04-10,308.11
2004-04-09,308.06
2004-04-08,308.3
2004-04-07,308.4
2004-04-06,308.42
2004-04-05,308.64
2004-04-04,308.93
2004-04-03,309.02
2004-04-02,308.81
2004-04-01,309.01
2004-03-31,308.72
2004-03-30,308.89
2004-03-29,308.78
2004-03-28,308.76
2004-03-27,308.84
2004-03-26,309.13
2004-03-25,309.18
2004-03-24,309.27
2004-03-23,309.28
2004-03-22,309.35
2004-03-21,309.39
2004-03-20,309.2
2004-03-19,309.42
2004-03-18,309.3
2004-03-17,309.28
2004-03-16,309.56
2004-03-15,309.88
2004-03-14,309.62
2004-03-13,309.72
2004-03-12,309.87
2004-03-11,310.25
2004-03-10,309.95
2004-03-09,310.19
2004-03-08,310.05
2004-03-07,309.98
2004-03-06,310.05
2004-03-05,309.94
2004-03-04,310.53
2004-03-03,310.41
2004-03-02,309.93
2004-03-01,310.39
2004-02-29,309.98
2004-02-28,310.45
2004-02-27,310.04
2004-02-26,310.11
2004-02-25,310.09
2004-02-24,310.16
2004-02-23,310.63
2004-02-22,310.32
2004-02-21,310.62
2004-02-20,310.41
2004-02-19,310.06
2004-02-18,310.41
2004-02-17,310.1
2004-02-16,310.1
2004-02-15,310.19
2004-02-14,310.41
2004-02-13,310.32
2004-02-12,310.08
2004-02-11,310.14
2004-02-10,310.17
2004-02-09,310.07
2004-02-08,310.06
2004-02-07,310.36
2004-02-06,310.13
2004-02-05,310.08
2004-02-04,310.29
2004-02-03,310.12
2004-02-02,310.47
2004-02-01,310.45
2004-01-31,310.35
2004-01-30,309.99
2004-01-29,310.33
2004-01-28,309.98
2004-01-27,310.03
2004-01-26,310.17
2004-01-25,309.89
2004-01-24,310.27
2004-01-23,310.26
2004-01-22,310.17
2004-01-21,310.04
2004-01-20,310.32
2004-01-19,310.23
2004-01-18,310.01
2004-01-17,309.88
2004-01-16,309.94
2004-01-15,310.1
2004-01-14,310.26
2004-01-13,310.38
2004-01-12,310.02
2004-01-11,310.13
2004-01-10,310.07
2004-01-09,310.04
2004-01-08,310.23
2004-01-07,310.08
2004-01-06,310.28
2004-01-05,310.2
2004-01-04,310.17
2004-01-03,310.42
2004-01-02,310.38
2004-01-01,309.96
2003-12-31,310.33
2003-12-30,310.09
2003-12-29,310.13
2003-12-28,310.1
2003-12-27,310.4
2003-12-26,310.2
2003-12-25,310.24
2003-12-24,310.07
2003-12-23,310.53
2003-12-22,310.0
2003-12-21,310.36
2003-12-20,310.14
2003-12-19,309.88
2003-12-18,309.92
2003-12-17,310.11
2003-12-16,310.2
2003-12-15,309.79
2003-12-14,309.84
2003-12-13,309.82
2003-12-12,309.72
2003-12-11,309.78
2003-12-10,310.08
2003-12-09,309.84
2003-12-08,309.82
2003-12-07,309.87
2003-12-06,310.21
2003-12-05,309.87
2003-12-04,310.1
2003-12-03,310.12
2003-12-02,310.31
2003-12-01,310.27
2003-11-30,310.12
2003-11-29,309.75
2003-11-28,309.81
2003-11-27,309.76
2003-11-26,309.65
2003-11-25,309.64
2003-11-24,309.77
2003-11-23,309.73
2003-11-22,309.62
2003-11-21,309.64
2003-11-20,309.83
2003-11-19,309.92
2003-11-18,309.66
2003-11-17,309.76
2003-11-16,309.72
2003-11-15,309.67
2003-11-14,309.64
2003-11-13,309.81
2003-11-12,309.69
2003-11-11,309.83
2003-11-10,309.84
2003-11-09,310.29
2003-11-08,310.17
2003-11-07,309.99
2003-11-06,310.12
2003-11-05,309.86
2003-11-04,309.92
2003-11-03,309.95
2003-11-02,310.11
2003-11-01,310.08
2003-10-31,310.0
2003-10-30,310.11
2003-10-29,310.14
2003-10-28,309.87
2003-10-27,309.98
2003-10-26,310.16
2003-10-25,310.14
2003-10-24,310.28
2003-10-23,310.11
2003-10-22,310.07
2003-10-21,310.17
2003-10-20,310.16
2003-10-19,310.16
2003-10-18,310.4
2003-10-17,310.4
2003-10-16,310.44
2003-10-15,310.62
2003-10-14,310.65
2003-10-13,310.82
2003-10-12,311.03
2003-10-11,311.47
2003-10-10,311.34
2003-10-09,311.61
2003-10-08,311.77
2003-10-07,311.73
2003-10-06,311.85
2003-10-05,311.91
2003-10-04,311.98
2003-10-03,312.0
2003-10-02,312.13
2003-10-01,311.84
2003-09-30,311.8
2003-09-29,311.89
2003-09-28,311.84
2003-09-27,312.13
2003-09-26,311.9
2003-09-25,312.33
2003-09-24,312.06
2003-09-23,312.31
2003-09-22,311.95
2003-09-21,311.95
2003-09-20,312.03
2003-09-19,312.02
2003-09-18,311.92
2003-09-17,312.49
2003-09-16,312.06
2003-09-15,312.23
2003-09-14,312.65
2003-09-13,312.76
2003-09-12,312.53
2003-09-11,312.25
2003-09-10,312.52
2003-09-09,312.34
2003-09-08,312.29
2003-09-07,312.44
2003-09-06,312.14
2003-09-05,312.21
2003-09-04,312.63
2003-09-03,312.24
2003-09-02,312.11
2003-09-01,312.16
2003-08-30,312.88
2003-08-28,312.3
2003-08-27,312.15
2003-08-26,312.3
2003-08-25,312.38
2003-08-24,312.6
2003-08-23,313.38
2003-08-22,313.47
2003-08-21,313.23
2003-08-20,313.11
2003-08-19,313.14
2003-08-18,313.24
2003-08-17,312.89
2003-08-16,313.0
2003-08-15,312.66
2003-08-14,313.08
2003-08-13,312.9
2003-08-12,312.94
2003-08-11,312.61
2003-08-10,312.75
2003-08-09,312.76
2003-08-08,312.67
2003-08-07,312.59
2003-08-06,312.44
2003-08-05,312.13
2003-08-04,312.33
2003-08-03,311.99
2003-08-02,312.18
2003-08-01,311.98
2003-07-31,312.01
2003-07-30,311.73
2003-07-29,311.91
2003-07-28,311.72
2003-07-27,311.8
2003-07-26,311.56
2003-07-25,311.46
2003-07-24,311.07
2003-07-23,311.4
2003-07-22,311.55
2003-07-21,311.2
2003-07-20,311.34
2003-07-19,311.13
2003-07-18,310.71
2003-07-17,311.04
2003-07-16,310.92
2003-07-15,310.62
2003-07-14,310.61
2003-07-13,310.59
2003-07-12,310.66
2003-07-11,311.17
2003-07-10,311.22
