datetime,average_water_level
2018-02-01,245.43
2018-01-31,245.25
2018-01-30,245.22
2018-01-29,245.52
2018-01-28,245.51
2018-01-27,245.58
2018-01-26,245.33
2018-01-25,245.33
2018-01-24,245.47
2018-01-23,245.53
2018-01-22,245.5
2018-01-21,245.29
2018-01-20,245.22
2018-01-19,245.2
2018-01-18,245.28
2018-01-17,245.33
2018-01-16,245.57
2018-01-15,245.49
2018-01-14,245.38
2018-01-13,245.51
2018-01-12,245.52
2018-01-11,245.62
2018-01-10,245.2
2018-01-09,245.27
2018-01-08,245.43
2018-01-07,245.26
2018-01-06,245.31
2018-01-05,245.35
2018-01-04,245.31
2018-01-03,245.34
2018-01-02,245.33
2018-01-01,245.43
2017-12-31,245.52
2017-12-30,245.4
2017-12-29,245.28
2017-12-28,245.31
2017-12-27,245.44
2017-12-26,245.48
2017-12-25,245.28
2017-12-24,245.55
2017-12-23,245.36
2017-12-22,245.48
2017-12-21,245.31
2017-12-20,245.27
2017-12-19,245.32
2017-12-18,245.38
2017-12-17,245.35
2017-12-16,245.16
2017-12-15,245.34
2017-12-14,245.37
2017-12-13,245.17
2017-12-12,245.34
2017-12-11,245.33
2017-12-10,245.4
2017-12-09,245.38
2017-12-08,245.23
2017-12-07,245.38
2017-12-06,245.42
2017-12-05,245.54
2017-12-04,245.29
2017-12-03,245.22
2017-12-02,245.32
2017-12-01,245.22
2017-11-30,245.39
2017-11-29,245.4
2017-11-28,245.38
2017-11-27,245.17
2017-11-26,245.4
2017-11-25,245.46
2017-11-24,245.14
2017-11-23,245.27
2017-11-22,245.42
2017-11-21,245.39
2017-11-20,245.15
2017-11-19,245.38
2017-11-18,245.5
2017-11-17,245.12
2017-11-16,245.23
2017-11-15,245.4
2017-11-14,245.13
2017-11-13,245.28
2017-11-12,245.45
2017-11-11,245.2
2017-11-10,245.24
2017-11-09,245.28
2017-11-08,245.36
2017-11-07,245.4
2017-11-06,245.34
2017-11-05,245.28
2017-11-04,245.21
2017-11-03,245.35
2017-11-02,245.31
2017-11-01,245.04
2017-10-31,245.21
2017-10-30,245.37
2017-10-29,245.13
2017-10-28,245.24
2017-10-27,245.39
2017-10-26,245.12
2017-10-25,245.14
2017-10-24,245.36
2017-10-23,245.33
2017-10-22,245.37
2017-10-21,245.21
2017-10-20,245.12
2017-10-19,245.21
2017-10-18,245.15
2017-10-17,245.12
2017-10-16,245.26
2017-10-15,245.48
2017-10-14,245.24
2017-10-13,245.22
2017-10-12,245.13
2017-10-11,245.2
2017-10-10,245.43
2017-10-09,245.36
2017-10-08,245.08
2017-10-07,245.18
2017-10-06,245.07
2017-10-05,245.18
2017-10-04,245.33
2017-10-03,245.31
2017-10-02,245.11
2017-10-01,245.06
2017-09-30,245.18
2017-09-29,245.26
2017-09-28,245.28
2017-09-27,245.3
2017-09-26,245.3
2017-09-25,245.2
2017-09-24,245.19
2017-09-23,245.19
2017-09-22,245.19
2017-09-21,245.18
2017-09-20,245.21
2017-09-19,245.07
2017-09-18,245.16
2017-09-17,245.25
2017-09-16,245.2
2017-09-15,245.14
2017-09-14,245.11
2017-09-13,245.07
2017-09-12,245.09
2017-09-11,245.14
2017-09-10,245.18
2017-09-09,245.19
2017-09-08,245.15
2017-09-07,245.11
2017-09-06,245.18
2017-09-05,245.26
2017-09-04,245.12
2017-09-03,245.16
2017-09-02,245.16
2017-09-01,245.12
2017-08-31,245.14
2017-08-30,245.13
2017-08-29,245.14
2017-08-28,245.16
2017-08-27,245.14
2017-08-26,245.16
2017-08-25,245.13
2017-08-24,245.09
2017-08-23,245.15
2017-08-22,245.17
2017-08-21,245.17
2017-08-20,245.12
2017-08-19,245.11
2017-08-18,245.14
2017-08-17,245.17
2017-08-16,245.13
2017-08-15,245.06
2017-08-14,245.07
2017-08-13,245.05
2017-08-12,245.09
2017-08-11,245.14
2017-08-10,245.1
2017-08-09,245.08
2017-08-08,245.15
2017-08-07,245.16
2017-08-06,245.09
2017-08-05,244.97
2017-08-04,245.09
2017-08-03,245.1
2017-08-02,245.11
2017-08-01,245.09
2017-07-31,245.1
2017-07-30,245.13
2017-07-29,245.11
2017-07-28,245.08
2017-07-27,245.11
2017-07-26,245.07
2017-07-25,245.09
2017-07-24,245.08
2017-07-23,245.09
2017-07-22,245.03
2017-07-21,245.03
2017-07-20,245.06
2017-07-19,245.11
2017-07-18,245.08
2017-07-17,245.01
2017-07-16,245.03
2017-07-15,245.06
2017-07-14,245.1
2017-07-13,245.11
2017-07-12,245.08
2017-07-11,245.02
2017-07-10,244.97
2017-07-09,245.0
2017-07-08,245.06
2017-07-07,245.05
2017-07-06,245.09
2017-07-05,245.1
2017-07-04,245.05
2017-07-03,245.0
2017-07-02,245.03
2017-07-01,245.11
2017-06-30,245.11
2017-06-29,244.94
2017-06-28,244.9
2017-06-27,244.92
2017-06-26,244.98
2017-06-25,245.06
2017-06-24,245.15
2017-06-23,245.12
2017-06-22,244.95
2017-06-21,244.95
2017-06-20,245.03
2017-06-19,245.1
2017-06-18,245.15
2017-06-17,244.95
2017-06-16,244.98
2017-06-15,245.03
2017-06-14,245.07
2017-06-13,244.98
2017-06-12,245.0
2017-06-11,244.98
2017-06-10,244.9
2017-06-09,244.9
2017-06-08,244.94
2017-06-07,245.03
2017-06-06,245.03
2017-06-05,244.96
2017-06-04,244.97
2017-06-03,244.98
2017-06-02,244.94
2017-06-01,244.93
2017-05-31,244.93
2017-05-30,244.98
2017-05-29,245.04
2017-05-28,245.12
2017-05-27,245.0
2017-05-26,245.04
2017-05-25,244.77
2017-05-24,244.86
2017-05-23,244.96
2017-05-22,244.96
2017-05-21,245.03
2017-05-20,245.09
2017-05-19,245.05
2017-05-18,244.94
2017-05-17,244.88
2017-05-16,244.81
2017-05-15,244.89
2017-05-14,244.88
2017-05-13,244.9
2017-05-12,245.01
2017-05-11,244.97
2017-05-10,244.88
2017-05-09,244.92
2017-05-08,244.92
2017-05-07,244.88
2017-05-06,244.86
2017-05-05,244.93
2017-05-04,245.04
2017-05-03,245.03
2017-05-02,244.94
2017-05-01,245.0
2017-04-30,244.92
2017-04-29,245.0
2017-04-28,244.91
2017-04-27,244.81
2017-04-26,244.96
2017-04-25,244.72
2017-04-24,244.68
2017-04-23,244.9
2017-04-22,245.05
2017-04-21,244.86
2017-04-20,245.0
2017-04-19,244.85
2017-04-18,244.87
2017-04-17,244.93
2017-04-16,244.92
2017-04-15,244.85
2017-04-14,244.8
2017-04-13,244.86
2017-04-12,244.89
2017-04-11,244.99
2017-04-10,245.08
2017-04-09,244.8
2017-04-08,244.74
2017-04-07,244.82
2017-04-06,244.99
2017-04-05,245.06
2017-04-04,244.89
2017-04-03,244.77
2017-04-02,244.85
2017-04-01,245.0
2017-03-31,244.86
2017-03-30,244.87
2017-03-29,244.86
2017-03-28,244.81
2017-03-27,244.91
2017-03-26,244.8
2017-03-25,244.97
2017-03-24,244.82
2017-03-23,244.68
2017-03-22,244.87
2017-03-21,244.88
2017-03-20,244.79
2017-03-19,244.81
2017-03-18,244.92
2017-03-17,244.89
2017-03-16,244.74
2017-03-15,244.86
2017-03-14,244.85
2017-03-13,244.88
2017-03-12,244.76
2017-03-11,244.88
2017-03-10,244.96
2017-03-09,244.81
2017-03-08,244.87
2017-03-07,245.02
2017-03-06,244.7
2017-03-05,244.68
2017-03-04,244.72
2017-03-03,244.87
2017-03-02,244.99
2017-03-01,245.09
2017-02-28,244.75
2017-02-27,244.76
2017-02-26,244.73
2017-02-25,244.86
2017-02-24,244.96
2017-02-23,244.64
2017-02-22,244.74
2017-02-21,244.88
2017-02-20,244.85
2017-02-19,244.78
2017-02-18,244.76
2017-02-17,244.63
2017-02-16,244.69
2017-02-15,244.78
2017-02-14,244.73
2017-02-13,244.78
2017-02-12,245.08
2017-02-11,244.75
2017-02-10,244.68
2017-02-09,244.86
2017-02-08,244.9
2017-02-07,244.73
2017-02-06,244.62
2017-02-05,244.68
2017-02-04,244.63
2017-02-03,244.83
2017-02-02,244.91
2017-02-01,244.81
2017-01-31,244.64
2017-01-30,244.7
2017-01-29,244.77
2017-01-28,244.78
2017-01-27,244.87
2017-01-26,244.94
2017-01-25,244.94
2017-01-24,244.67
2017-01-23,244.73
2017-01-22,244.94
2017-01-21,244.63
2017-01-20,244.59
2017-01-19,244.57
2017-01-18,244.68
2017-01-17,244.78
2017-01-16,244.66
2017-01-15,244.63
2017-01-14,244.82
2017-01-13,244.91
2017-01-12,244.87
2017-01-11,244.57
2017-01-10,244.64
2017-01-09,244.57
2017-01-08,244.65
2017-01-07,244.86
2017-01-06,244.81
2017-01-05,244.76
2017-01-04,244.68
2017-01-03,244.88
2017-01-02,244.65
2017-01-01,244.6
2016-12-31,244.58
2016-12-30,244.48
2016-12-29,244.93
2016-12-28,244.69
2016-12-27,244.75
2016-12-26,244.81
2016-12-25,244.56
2016-12-24,244.62
2016-12-22,244.84
2016-12-21,244.66
2016-12-20,244.65
2016-12-19,244.77
2016-12-18,244.93
2016-12-17,244.8
2016-12-16,244.35
2016-12-15,244.61
2016-12-14,244.75
2016-12-13,244.75
2016-12-12,244.68
2016-12-11,244.56
2016-12-10,244.49
2016-12-09,244.62
2016-12-08,244.93
2016-12-07,244.77
2016-12-06,244.81
2016-12-05,244.47
2016-12-04,244.67
2016-12-03,244.69
2016-12-02,244.75
2016-12-01,244.68
2016-11-30,244.63
2016-11-29,244.5
2016-11-28,244.24
2016-11-27,244.16
2016-11-26,244.45
2016-11-25,244.63
2016-11-24,244.52
2016-11-23,244.6
2016-11-22,244.41
2016-11-21,244.34
2016-11-20,244.35
2016-11-19,244.61
2016-11-18,244.78
2016-11-17,244.29
2016-11-16,244.35
2016-11-15,244.46
2016-11-14,244.42
2016-11-13,244.39
2016-11-12,244.49
2016-11-11,244.5
2016-11-10,244.45
2016-11-09,244.51
2016-11-08,244.58
2016-11-07,244.46
2016-11-06,244.39
2016-11-05,244.45
2016-11-04,244.54
2016-11-03,244.6
2016-11-02,244.53
2016-11-01,244.35
2016-10-31,244.33
2016-10-30,244.53
2016-10-29,244.37
2016-10-28,244.4
2016-10-27,244.5
2016-10-26,244.48
2016-10-25,244.42
2016-10-24,244.5
2016-10-23,244.36
2016-10-22,244.3
2016-10-21,244.39
2016-10-20,244.6
2016-10-19,244.51
2016-10-18,244.55
2016-10-17,244.29
2016-10-16,244.3
2016-10-15,244.28
2016-10-14,244.33
2016-10-13,244.46
2016-10-12,244.51
2016-10-11,244.32
2016-10-10,244.36
2016-10-09,244.42
2016-10-08,244.47
2016-10-07,244.6
2016-10-06,244.42
2016-10-05,244.37
2016-10-04,244.26
2016-10-03,244.24
2016-10-02,244.31
2016-10-01,244.28
2016-09-30,244.36
2016-09-29,244.5
2016-09-28,244.34
2016-09-27,244.36
2016-09-26,244.49
2016-09-25,244.53
2016-09-24,244.33
2016-09-23,244.32
2016-09-22,244.35
2016-09-21,244.36
2016-09-20,244.36
2016-09-19,244.35
2016-09-18,244.34
2016-09-17,244.35
2016-09-16,244.3
2016-09-15,244.33
2016-09-14,244.44
2016-09-13,244.41
2016-09-12,244.24
2016-09-11,244.3
2016-09-10,244.54
2016-09-09,244.31
2016-09-08,244.31
2016-09-07,244.33
2016-09-06,244.32
2016-09-05,244.3
2016-09-04,244.27
2016-09-03,244.26
2016-09-02,244.29
2016-09-01,244.31
2016-08-31,244.32
2016-08-30,244.32
2016-08-29,244.32
2016-08-28,244.31
2016-08-27,244.28
2016-08-26,244.3
2016-08-25,244.31
2016-08-24,244.3
2016-08-23,244.26
2016-08-22,244.28
2016-08-21,244.31
2016-08-20,244.3
2016-08-19,244.23
2016-08-18,244.24
2016-08-17,244.28
2016-08-16,244.29
2016-08-15,244.28
2016-08-14,244.3
2016-08-13,244.3
2016-08-12,244.29
2016-08-11,244.26
2016-08-10,244.27
2016-08-09,244.28
2016-08-08,244.25
2016-08-07,244.25
2016-08-06,244.26
2016-08-05,244.29
2016-08-04,244.23
2016-08-03,244.25
2016-08-02,244.28
2016-08-01,244.26
2016-07-31,244.23
2016-07-30,244.23
2016-07-29,244.26
2016-07-28,244.25
2016-07-27,244.25
2016-07-26,244.24
2016-07-25,244.29
2016-07-24,244.25
2016-07-23,244.19
2016-07-22,244.22
2016-07-21,244.24
2016-07-20,244.25
2016-07-19,244.27
2016-07-18,244.3
2016-07-17,244.23
2016-07-16,244.22
2016-07-15,244.25
2016-07-14,244.28
2016-07-13,244.27
2016-07-12,244.25
2016-07-11,244.12
2016-07-10,244.16
2016-07-09,244.25
2016-07-08,244.28
2016-07-07,244.2
2016-07-06,244.17
2016-07-05,244.18
2016-07-04,244.22
2016-07-03,244.2
2016-07-02,244.14
2016-07-01,244.2
2016-06-30,244.19
2016-06-29,244.18
2016-06-28,244.22
2016-06-27,244.25
2016-06-26,244.27
2016-06-25,244.19
2016-06-24,244.18
2016-06-23,244.21
2016-06-22,244.09
2016-06-21,244.16
2016-06-20,244.23
2016-06-19,244.26
2016-06-18,244.28
2016-06-17,244.19
2016-06-16,244.19
2016-06-15,244.16
2016-06-14,244.1
2016-06-13,244.17
2016-06-12,244.19
2016-06-11,244.21
2016-06-10,244.2
2016-06-09,244.15
2016-06-08,244.12
2016-06-07,244.16
2016-06-06,244.1
2016-06-05,244.16
2016-06-04,244.19
2016-06-03,244.16
2016-06-02,244.19
2016-06-01,244.2
2016-05-31,244.14
2016-05-30,244.11
2016-05-29,244.25
2016-05-28,244.26
2016-05-27,244.12
2016-05-26,244.08
2016-05-25,244.16
2016-05-24,244.13
2016-05-23,244.07
2016-05-22,244.06
2016-05-21,244.12
2016-05-20,244.06
2016-05-19,244.07
2016-05-18,244.18
2016-05-17,244.24
2016-05-16,244.0
2016-05-15,244.06
2016-05-14,244.2
2016-05-13,244.11
2016-05-12,244.27
2016-05-11,244.25
2016-05-10,244.14
2016-05-09,244.0
2016-05-08,243.98
2016-05-07,244.02
2016-05-06,244.07
2016-05-05,244.09
2016-05-04,244.11
2016-05-03,244.09
2016-05-02,244.17
2016-05-01,244.26
2016-04-30,244.13
2016-04-29,244.06
2016-04-28,244.13
2016-04-27,244.12
2016-04-26,244.03
2016-04-25,244.01
2016-04-24,243.93
2016-04-23,244.0
2016-04-22,244.11
2016-04-21,244.09
2016-04-20,244.04
2016-04-19,244.08
2016-04-18,244.19
2016-04-17,244.23
2016-04-16,244.06
2016-04-15,243.95
2016-04-14,244.0
2016-04-13,244.05
2016-04-12,244.16
2016-04-11,244.18
2016-04-10,243.93
2016-04-09,243.96
2016-04-08,244.12
2016-04-07,244.09
2016-04-06,244.13
2016-04-05,243.98
2016-04-04,244.11
2016-04-03,244.01
2016-04-02,244.14
2016-04-01,244.2
2016-03-31,244.08
2016-03-30,243.94
2016-03-29,243.9
2016-03-28,243.98
2016-03-27,244.2
2016-03-26,244.11
2016-03-25,243.92
2016-03-24,244.18
2016-03-23,243.95
2016-03-22,243.8
2016-03-21,243.9
2016-03-20,244.1
2016-03-19,244.17
2016-03-18,244.14
2016-03-17,244.02
2016-03-16,244.11
2016-03-15,244.11
2016-03-14,243.96
2016-03-13,243.91
2016-03-12,243.91
2016-03-11,244.07
2016-03-10,244.12
2016-03-09,244.07
2016-03-08,244.01
2016-03-07,243.86
2016-03-06,243.86
2016-03-05,244.07
2016-03-04,244.0
2016-03-03,244.12
2016-03-02,243.88
2016-03-01,244.12
2016-02-29,243.94
2016-02-28,243.98
2016-02-27,243.87
2016-02-26,244.01
2016-02-25,244.14
2016-02-24,244.05
2016-02-23,243.97
2016-02-22,243.93
2016-02-21,244.07
2016-02-20,243.98
2016-02-19,244.01
2016-02-18,243.89
2016-02-17,244.01
2016-02-16,244.04
2016-02-15,243.91
2016-02-14,243.87
2016-02-13,243.9
2016-02-12,244.04
2016-02-11,243.96
2016-02-10,243.89
2016-02-09,243.94
2016-02-08,244.03
2016-02-07,243.96
2016-02-06,244.0
2016-02-05,243.96
2016-02-04,244.09
2016-02-03,244.18
2016-02-02,243.9
2016-02-01,243.86
2016-01-31,244.01
2016-01-30,243.78
2016-01-29,243.8
2016-01-28,243.91
2016-01-27,243.98
2016-01-26,244.12
2016-01-25,244.0
2016-01-24,243.74
2016-01-23,243.84
2016-01-22,244.03
2016-01-21,244.03
2016-01-20,243.87
2016-01-19,243.91
2016-01-18,243.99
2016-01-17,244.01
2016-01-16,244.01
2016-01-15,243.91
2016-01-14,243.74
2016-01-13,243.9
2016-01-12,243.96
2016-01-11,243.95
2016-01-10,244.0
2016-01-09,244.01
2016-01-08,243.89
2016-01-07,243.78
2016-01-06,243.77
2016-01-05,243.84
2016-01-04,243.9
2016-01-03,243.89
2016-01-02,243.88
2016-01-01,244.0
2015-12-31,244.0
2015-12-30,243.98
2015-12-29,243.81
2015-12-28,243.9
2015-12-27,244.03
2015-12-26,243.97
2015-12-25,243.9
2015-12-24,244.05
2015-12-23,243.79
2015-12-22,243.67
2015-12-21,243.88
2015-12-20,243.76
2015-12-19,243.89
2015-12-18,243.98
2015-12-17,243.99
2015-12-16,244.03
2015-12-15,243.87
2015-12-14,243.84
2015-12-13,243.77
2015-12-12,243.81
2015-12-11,243.74
2015-12-10,243.8
2015-12-09,243.8
2015-12-08,243.74
2015-12-07,243.76
2015-12-06,243.96
2015-12-05,243.87
2015-12-04,243.89
2015-12-03,244.05
2015-12-02,244.27
2015-12-01,244.13
2015-11-30,244.09
2015-11-29,244.14
2015-11-28,244.21
2015-11-27,244.32
2015-11-26,244.26
2015-11-25,244.1
2015-11-24,244.04
2015-11-23,244.12
2015-11-22,244.11
2015-11-21,244.38
2015-11-20,244.12
2015-11-19,244.4
2015-11-18,244.2
2015-11-17,244.0
2015-11-16,243.95
2015-11-15,244.06
2015-11-14,244.14
2015-11-13,244.22
2015-11-12,244.31
2015-11-11,244.12
2015-11-10,244.04
2015-11-09,244.03
2015-11-08,244.13
2015-11-07,244.29
2015-11-06,244.24
2015-11-05,244.16
2015-11-04,244.13
2015-11-03,244.12
2015-11-02,244.11
2015-11-01,244.18
2015-10-31,244.15
2015-10-30,244.06
2015-10-29,244.11
2015-10-28,244.14
2015-10-27,244.0
2015-10-26,244.07
2015-10-25,244.18
2015-10-24,244.23
2015-10-23,244.09
2015-10-22,244.03
2015-10-21,244.15
2015-10-20,244.05
2015-10-19,244.02
2015-10-18,244.08
2015-10-17,244.11
2015-10-16,244.28
2015-10-15,244.12
2015-10-14,244.1
2015-10-13,244.14
2015-10-12,244.17
2015-10-11,243.95
2015-10-10,244.05
2015-10-09,244.19
2015-10-08,244.1
2015-10-07,244.1
2015-10-06,244.09
2015-10-05,244.14
2015-10-04,244.13
2015-10-03,244.02
2015-10-02,244.09
2015-10-01,244.1
2015-09-30,244.12
2015-09-29,244.11
2015-09-28,244.02
2015-09-27,244.02
2015-09-26,244.05
2015-09-25,244.11
2015-09-24,244.12
2015-09-23,244.08
2015-09-22,244.09
2015-09-21,244.05
2015-09-20,244.04
2015-09-19,244.17
2015-09-18,244.06
2015-09-17,244.02
2015-09-16,244.05
2015-09-15,244.08
2015-09-14,243.99
2015-09-13,243.96
2015-09-12,244.07
2015-09-11,244.13
2015-09-10,244.03
2015-09-09,244.08
2015-09-08,244.02
2015-09-07,244.03
2015-09-06,244.05
2015-09-05,244.06
2015-09-04,244.02
2015-09-03,244.0
2015-09-02,244.02
2015-09-01,244.03
2015-08-31,244.0
2015-08-30,244.03
2015-08-29,244.05
2015-08-28,243.99
2015-08-27,244.0
2015-08-26,244.03
2015-08-25,244.02
2015-08-24,244.08
2015-08-23,244.18
2015-08-22,243.98
2015-08-21,243.98
2015-08-20,244.03
2015-08-19,244.08
2015-08-18,243.94
2015-08-17,243.98
2015-08-16,243.97
2015-08-15,244.0
2015-08-14,243.99
2015-08-13,243.97
2015-08-12,244.03
2015-08-11,244.08
2015-08-10,244.06
2015-08-09,244.01
2015-08-08,243.99
2015-08-07,243.99
2015-08-06,243.98
2015-08-05,243.98
2015-08-04,243.98
2015-08-03,243.97
2015-08-02,243.91
2015-08-01,243.95
2015-07-31,244.0
2015-07-30,244.04
2015-07-29,244.09
2015-07-28,243.98
2015-07-27,243.97
2015-07-26,243.97
2015-07-25,243.98
2015-07-24,244.0
2015-07-23,243.98
2015-07-22,243.94
2015-07-21,243.97
2015-07-20,243.98
2015-07-19,243.99
2015-07-18,243.97
2015-07-17,243.97
2015-07-16,243.97
2015-07-15,243.95
2015-07-14,243.92
2015-07-13,243.92
2015-07-12,243.96
2015-07-11,243.98
2015-07-10,243.96
2015-07-09,243.95
2015-07-08,243.94
2015-07-07,244.02
2015-07-06,243.94
2015-07-05,243.91
2015-07-04,243.92
2015-07-03,243.95
2015-07-02,243.92
2015-07-01,243.87
2015-06-30,243.93
2015-06-29,243.91
2015-06-28,243.89
2015-06-27,243.96
2015-06-26,243.93
2015-06-25,243.89
2015-06-24,243.94
2015-06-23,243.99
2015-06-22,243.94
2015-06-21,243.93
2015-06-20,243.87
2015-06-19,243.91
2015-06-18,243.9
2015-06-17,243.89
2015-06-16,243.97
2015-06-15,243.98
2015-06-14,243.91
2015-06-13,243.93
2015-06-12,243.95
2015-06-11,243.8
2015-06-10,243.8
2015-06-09,243.89
2015-06-08,243.95
2015-06-07,243.87
2015-06-06,243.9
2015-06-05,243.95
2015-06-04,243.91
2015-06-03,243.81
2015-06-02,243.81
2015-06-01,243.84
2015-05-31,243.88
2015-05-30,244.01
2015-05-29,243.87
2015-05-28,243.88
2015-05-27,243.91
2015-05-26,243.9
2015-05-25,243.83
2015-05-24,243.72
2015-05-23,243.77
2015-05-22,243.82
2015-05-21,243.94
2015-05-20,243.96
2015-05-19,243.81
2015-05-18,243.99
2015-05-17,243.9
2015-05-16,243.72
2015-05-15,243.76
2015-05-14,243.78
2015-05-13,243.75
2015-05-12,243.94
2015-05-11,244.01
2015-05-10,243.88
2015-05-09,243.77
2015-05-08,243.89
2015-05-07,243.86
2015-05-06,243.72
2015-05-05,243.75
2015-05-04,243.86
2015-05-03,243.76
2015-05-02,243.8
2015-05-01,243.86
2015-04-30,243.76
2015-04-29,243.85
2015-04-28,243.98
2015-04-27,243.95
2015-04-26,243.85
2015-04-25,243.79
2015-04-24,243.69
2015-04-23,243.8
2015-04-22,243.81
2015-04-21,243.76
2015-04-20,243.86
2015-04-19,243.83
2015-04-18,243.76
2015-04-17,243.8
2015-04-16,243.75
2015-04-15,243.68
2015-04-14,243.87
2015-04-13,243.97
2015-04-12,243.68
2015-04-11,243.72
2015-04-10,243.94
2015-04-09,243.92
2015-04-08,243.7
2015-04-07,243.77
2015-04-06,243.67
2015-04-05,243.61
2015-04-04,243.85
2015-04-03,244.04
2015-04-02,243.76
2015-04-01,243.66
2015-03-31,243.67
2015-03-30,243.81
2015-03-29,243.84
2015-03-28,243.72
2015-03-27,243.77
2015-03-26,243.94
2015-03-25,243.79
2015-03-24,243.73
2015-03-23,243.7
2015-03-22,243.67
2015-03-21,243.75
2015-03-20,243.83
2015-03-19,243.71
2015-03-18,243.67
2015-03-17,243.82
2015-03-16,243.67
2015-03-15,243.75
2015-03-14,243.83
2015-03-13,243.7
2015-03-12,243.76
2015-03-11,243.83
2015-03-10,243.69
2015-03-09,243.67
2015-03-08,243.65
2015-03-07,243.68
2015-03-06,243.73
2015-03-05,243.87
2015-03-04,243.83
2015-03-03,243.53
2015-03-02,243.7
2015-03-01,243.72
2015-02-28,243.68
2015-02-27,243.79
2015-02-26,243.9
2015-02-25,243.58
2015-02-24,243.6
2015-02-23,243.84
2015-02-22,243.93
2015-02-21,243.74
2015-02-20,243.53
2015-02-19,243.63
2015-02-18,243.7
2015-02-17,243.7
2015-02-16,243.7
2015-02-15,243.64
2015-02-14,243.65
2015-02-13,243.66
2015-02-12,243.81
2015-02-11,243.89
2015-02-10,243.62
2015-02-09,243.72
2015-02-08,243.72
2015-02-07,243.57
2015-02-06,243.62
2015-02-05,243.79
2015-02-04,243.76
2015-02-03,243.6
2015-02-02,243.68
2015-02-01,243.68
2015-01-31,243.54
2015-01-30,243.74
2015-01-29,243.87
2015-01-28,243.6
2015-01-27,243.67
2015-01-26,243.68
2015-01-25,243.64
2015-01-24,243.58
2015-01-23,243.64
2015-01-22,243.71
2015-01-21,243.74
2015-01-20,243.68
2015-01-19,243.58
2015-01-18,243.64
2015-01-17,243.64
2015-01-16,243.57
2015-01-15,243.64
2015-01-14,243.61
2015-01-13,243.69
2015-01-12,243.81
2015-01-11,243.47
2015-01-10,243.51
2015-01-09,243.72
2015-01-08,243.39
2015-01-07,243.89
2015-01-06,243.68
2015-01-05,243.59
2015-01-04,243.9
2015-01-03,243.52
2015-01-02,243.55
2015-01-01,243.53
2014-12-31,243.67
2014-12-30,243.88
2014-12-29,243.62
2014-12-28,243.59
2014-12-27,243.77
2014-12-26,243.66
2014-12-25,243.44
2014-12-24,243.65
2014-12-23,243.65
2014-12-22,243.51
2014-12-21,243.48
2014-12-20,243.6
2014-12-19,243.62
2014-12-18,243.59
2014-12-17,243.55
2014-12-16,243.71
2014-12-15,243.68
2014-12-14,243.42
2014-12-13,243.54
2014-12-12,243.57
2014-12-11,243.56
2014-12-10,243.55
2014-12-09,243.59
2014-12-08,243.59
2014-12-07,243.57
2014-12-06,243.71
2014-12-05,243.59
2014-12-04,243.57
2014-12-03,243.56
2014-12-02,243.41
2014-12-01,243.61
2014-11-28,243.32
2014-11-27,243.46
2014-11-26,243.54
2014-11-25,243.49
2014-11-24,243.5
2014-11-23,243.26
2014-11-22,243.31
2014-11-21,243.38
2014-11-20,243.38
2014-11-19,243.39
2014-11-18,243.41
2014-11-17,243.46
2014-11-16,243.48
2014-11-15,243.27
2014-11-14,243.28
2014-11-13,243.47
2014-11-12,243.53
2014-11-11,243.63
2014-11-10,243.22
2014-11-09,243.22
2014-11-08,243.46
2014-11-07,243.24
2014-11-06,243.46
2014-11-05,243.43
2014-11-04,243.49
2014-11-03,243.32
2014-11-02,243.25
2014-11-01,243.31
2014-10-31,243.46
2014-10-30,243.42
2014-10-29,243.43
2014-10-28,243.49
2014-10-27,243.32
2014-10-26,243.27
2014-10-25,243.37
2014-10-24,243.37
2014-10-23,243.37
2014-10-22,243.37
2014-10-21,243.36
2014-10-20,243.34
2014-10-19,243.36
2014-10-18,243.44
2014-10-17,243.42
2014-10-16,243.26
2014-10-15,243.36
2014-10-14,243.44
2014-10-13,243.44
2014-10-12,243.15
2014-10-11,243.41
2014-10-10,243.41
2014-10-09,243.32
2014-10-08,243.34
2014-10-07,243.31
2014-10-06,243.27
2014-10-05,243.22
2014-10-04,243.3
2014-10-03,243.5
2014-10-02,243.4
2014-10-01,243.23
2014-09-30,243.21
2014-09-29,243.28
2014-09-28,243.3
2014-09-27,243.3
2014-09-26,243.32
2014-09-25,243.35
2014-09-24,243.31
2014-09-23,243.28
2014-09-22,243.36
2014-09-21,243.38
2014-09-20,243.28
2014-09-19,243.26
2014-09-18,243.24
2014-09-17,243.24
2014-09-16,243.31
2014-09-15,243.27
2014-09-14,243.23
2014-09-13,243.32
2014-09-12,243.44
2014-09-11,243.37
2014-09-10,243.3
2014-09-09,243.17
2014-09-08,243.2
2014-09-07,243.29
2014-09-06,243.38
2014-09-05,243.37
2014-09-04,243.28
2014-09-03,243.28
2014-09-02,243.28
2014-09-01,243.24
2014-08-31,243.19
2014-08-30,243.24
2014-08-29,243.23
2014-08-28,243.23
2014-08-27,243.27
2014-08-26,243.3
2014-08-25,243.28
2014-08-24,243.23
2014-08-23,243.23
2014-08-22,243.26
2014-08-21,243.26
2014-08-20,243.21
2014-08-19,243.21
2014-08-18,243.22
2014-08-17,243.23
2014-08-16,243.22
2014-08-15,243.18
2014-08-14,243.19
2014-08-13,243.19
2014-08-12,243.24
2014-08-11,243.27
2014-08-10,243.25
2014-08-09,243.24
2014-08-08,243.24
2014-08-07,243.18
2014-08-06,243.18
2014-08-05,243.19
2014-08-04,243.2
2014-08-03,243.23
2014-08-02,243.24
2014-08-01,243.24
2014-07-31,243.24
2014-07-30,243.17
2014-07-29,243.23
2014-07-28,243.31
2014-07-27,243.27
2014-07-26,243.18
2014-07-25,243.15
2014-07-24,243.17
2014-07-23,243.23
2014-07-22,243.24
2014-07-21,243.21
2014-07-20,243.17
2014-07-19,243.17
2014-07-18,243.19
2014-07-17,243.18
2014-07-16,243.13
2014-07-15,243.2
2014-07-14,243.18
2014-07-13,243.19
2014-07-12,243.21
2014-07-11,243.2
2014-07-10,243.15
2014-07-09,243.19
2014-07-08,243.22
2014-07-07,243.15
2014-07-06,243.14
2014-07-05,243.15
2014-07-04,243.18
2014-07-03,243.23
2014-07-02,243.3
2014-07-01,243.29
2014-06-30,243.15
2014-06-29,243.19
2014-06-28,243.17
2014-06-27,243.08
2014-06-26,243.09
2014-06-25,243.16
2014-06-24,243.19
2014-06-23,243.2
2014-06-22,243.11
2014-06-21,243.13
2014-06-20,243.2
2014-06-19,243.21
2014-06-18,243.16
2014-06-17,243.15
2014-06-16,243.13
2014-06-15,243.17
2014-06-14,243.0
2014-06-13,243.15
2014-06-12,243.24
2014-06-11,243.07
2014-06-10,243.14
2014-06-09,243.12
2014-06-08,243.13
2014-06-07,243.18
2014-06-06,243.14
2014-06-05,243.14
2014-06-04,243.06
2014-06-03,243.11
2014-06-02,243.16
2014-06-01,243.04
2014-05-31,243.12
2014-05-30,243.12
2014-05-29,243.11
2014-05-28,243.13
2014-05-27,243.12
2014-05-26,243.11
2014-05-25,243.1
2014-05-24,243.09
2014-05-23,243.14
2014-05-22,243.16
2014-05-21,243.15
2014-05-20,243.1
2014-05-19,242.96
2014-05-18,243.02
2014-05-17,243.1
2014-05-16,243.0
2014-05-15,243.05
2014-05-14,243.13
2014-05-13,243.27
2014-05-12,243.27
2014-05-11,242.99
2014-05-10,243.01
2014-05-09,243.11
2014-05-08,243.13
2014-05-07,243.03
2014-05-06,242.96
2014-05-05,243.0
2014-05-04,243.0
2014-05-03,242.99
2014-05-02,243.01
2014-05-01,243.08
2014-04-30,243.17
2014-04-29,243.19
2014-04-28,243.13
2014-04-27,242.91
2014-04-26,242.87
2014-04-25,243.01
2014-04-24,243.12
2014-04-23,242.83
2014-04-22,243.02
2014-04-21,243.09
2014-04-20,243.0
2014-04-19,242.99
2014-04-18,243.05
2014-04-17,243.18
2014-04-16,242.89
2014-04-15,242.98
2014-04-14,243.27
2014-04-13,242.99
2014-04-12,242.87
2014-04-11,243.03
2014-04-10,242.98
2014-04-09,242.95
2014-04-08,243.11
2014-04-07,243.07
2014-04-06,242.92
2014-04-05,242.97
2014-04-04,243.14
2014-04-03,243.05
2014-04-02,242.84
2014-04-01,243.01
2014-03-31,242.94
2014-03-30,242.84
2014-03-29,243.08
2014-03-28,243.11
2014-03-27,242.83
2014-03-26,242.72
2014-03-25,243.01
2014-03-24,242.94
2014-03-23,243.08
2014-03-22,243.09
2014-03-21,242.95
2014-03-20,242.9
2014-03-19,243.17
2014-03-18,242.89
2014-03-17,242.72
2014-03-16,243.11
2014-03-15,242.92
2014-03-14,242.92
2014-03-13,242.88
2014-03-12,243.2
2014-03-11,242.87
2014-03-10,242.81
2014-03-09,243.0
2014-03-08,243.15
2014-03-07,242.8
2014-03-06,242.92
2014-03-05,243.01
2014-03-04,242.8
2014-03-03,242.98
2014-03-02,243.11
2014-03-01,243.04
2014-02-28,242.78
2014-02-27,242.72
2014-02-26,242.97
2014-02-25,243.02
2014-02-24,242.94
2014-02-23,243.06
2014-02-22,242.88
2014-02-21,242.96
2014-02-20,243.0
2014-02-19,242.8
2014-02-18,242.82
2014-02-17,243.02
2014-02-16,242.88
2014-02-15,242.89
2014-02-14,242.96
2014-02-13,242.78
2014-02-12,242.84
2014-02-11,242.88
2014-02-10,242.98
2014-02-09,242.89
2014-02-08,242.75
2014-02-07,242.74
2014-02-06,242.91
2014-02-05,243.14
2014-02-04,242.82
2014-02-03,242.82
2014-02-02,243.03
2014-02-01,242.88
2014-01-31,242.81
2014-01-30,242.63
2014-01-29,242.75
2014-01-28,242.92
2014-01-27,243.04
2014-01-26,242.69
2014-01-25,242.72
2014-01-24,242.76
2014-01-23,243.12
2014-01-22,242.79
2014-01-21,242.9
2014-01-20,242.87
2014-01-19,242.78
2014-01-18,242.81
2014-01-17,242.84
2014-01-16,242.85
2014-01-15,242.84
2014-01-14,243.01
2014-01-13,242.96
2014-01-12,242.69
2014-01-11,242.88
2014-01-10,242.67
2014-01-09,242.76
2014-01-08,242.74
2014-01-07,242.69
2014-01-06,242.96
2014-01-05,242.99
2014-01-04,242.69
2014-01-03,242.6
2014-01-02,242.96
2014-01-01,242.76
2013-12-31,242.75
2013-12-30,242.8
2013-12-29,242.91
2013-12-28,242.62
2013-12-27,242.78
2013-12-26,242.8
2013-12-25,242.9
2013-12-24,242.72
2013-12-23,243.0
2013-12-22,242.99
2013-12-21,242.68
2013-12-20,242.79
2013-12-19,242.53
2013-12-18,242.61
2013-12-17,242.83
2013-12-16,242.75
2013-12-15,242.79
2013-12-14,242.89
2013-12-13,242.52
2013-12-12,242.72
2013-12-11,242.94
2013-12-10,242.72
2013-12-09,242.81
2013-12-08,242.57
2013-12-07,242.76
2013-12-06,242.86
2013-12-05,242.94
2013-12-04,242.77
2013-12-03,242.57
2013-12-02,242.6
2013-12-01,242.68
2013-11-30,242.68
2013-11-29,242.7
2013-11-28,242.68
2013-11-27,242.7
2013-11-26,242.75
2013-11-25,242.57
2013-11-24,242.67
2013-11-23,242.85
2013-11-22,242.97
2013-11-21,242.88
2013-11-20,242.59
2013-11-19,242.61
2013-11-18,242.86
2013-11-17,242.74
2013-11-16,242.47
2013-11-15,242.48
2013-11-14,242.47
2013-11-13,242.58
2013-11-12,242.96
2013-11-11,242.74
2013-11-10,242.76
2013-11-09,242.65
2013-11-08,242.54
2013-11-07,242.78
2013-11-06,242.85
2013-11-05,242.7
2013-11-04,242.69
2013-11-03,242.51
2013-11-02,242.75
2013-11-01,242.77
2013-10-31,242.64
2013-10-30,242.6
2013-10-29,242.64
2013-10-28,242.55
2013-10-27,242.6
2013-10-26,242.62
2013-10-25,242.67
2013-10-24,242.74
2013-10-23,242.65
2013-10-22,242.71
2013-10-21,242.74
2013-10-20,242.53
2013-10-19,242.67
2013-10-18,242.68
2013-10-17,242.59
2013-10-16,242.66
2013-10-15,242.71
2013-10-14,242.54
2013-10-13,242.71
2013-10-12,242.76
2013-10-11,242.57
2013-10-10,242.54
2013-10-09,242.55
2013-10-08,242.53
2013-10-07,242.61
2013-10-06,242.67
2013-10-05,242.79
2013-10-04,242.61
2013-10-03,242.53
2013-10-02,242.59
2013-10-01,242.56
2013-09-30,242.47
2013-09-29,242.62
2013-09-28,242.74
2013-09-27,242.58
2013-09-26,242.5
2013-09-25,242.53
2013-09-24,242.69
2013-09-23,242.48
2013-09-22,242.47
2013-09-21,242.59
2013-09-20,242.63
2013-09-19,242.53
2013-09-18,242.48
2013-09-17,242.55
2013-09-16,242.64
2013-09-15,242.55
2013-09-14,242.49
2013-09-13,242.53
2013-09-12,242.58
2013-09-11,242.59
2013-09-10,242.57
2013-09-09,242.5
2013-09-08,242.5
2013-09-07,242.51
2013-09-06,242.54
2013-09-05,242.55
2013-09-04,242.55
2013-09-03,242.54
2013-09-02,242.58
2013-09-01,242.55
2013-08-31,242.48
2013-08-30,242.49
2013-08-29,242.51
2013-08-28,242.49
2013-08-27,242.5
2013-08-26,242.52
2013-08-25,242.55
2013-08-24,242.52
2013-08-23,242.49
2013-08-22,242.51
2013-08-21,242.52
2013-08-20,242.48
2013-08-19,242.48
2013-08-18,242.47
2013-08-17,242.48
2013-08-16,242.48
2013-08-15,242.46
2013-08-14,242.48
2013-08-13,242.48
2013-08-12,242.49
2013-08-11,242.49
2013-08-10,242.54
2013-08-09,242.52
2013-08-08,242.49
2013-08-07,242.51
2013-08-06,242.4
2013-08-05,242.43
2013-08-04,242.47
2013-08-03,242.45
2013-08-02,242.38
2013-08-01,242.45
2013-07-31,242.52
2013-07-30,242.52
2013-07-29,242.41
2013-07-28,242.37
2013-07-27,242.43
2013-07-26,242.48
2013-07-25,242.49
2013-07-24,242.49
2013-07-23,242.43
2013-07-22,242.41
2013-07-21,242.37
2013-07-20,242.36
2013-07-19,242.34
2013-07-18,242.42
2013-07-17,242.5
2013-07-16,242.45
2013-07-15,242.47
2013-07-14,242.43
2013-07-13,242.42
2013-07-12,242.38
2013-07-11,242.41
2013-07-10,242.42
2013-07-09,242.43
2013-07-08,242.45
2013-07-07,242.44
2013-07-06,242.38
2013-07-05,242.34
2013-07-04,242.34
2013-07-03,242.36
2013-07-02,242.42
2013-07-01,242.45
2013-06-30,242.44
2013-06-29,242.4
2013-06-28,242.45
2013-06-27,242.44
2013-06-26,242.4
2013-06-25,242.37
2013-06-24,242.39
2013-06-23,242.35
2013-06-22,242.34
2013-06-21,242.37
2013-06-20,242.32
2013-06-19,242.33
2013-06-18,242.49
2013-06-17,242.52
2013-06-16,242.5
2013-06-15,242.47
2013-06-14,242.48
2013-06-13,242.51
2013-06-12,242.52
2013-06-11,242.47
2013-06-10,242.45
2013-06-09,242.53
2013-06-08,242.37
2013-06-07,242.44
2013-06-06,242.51
2013-06-05,242.55
2013-06-04,242.43
2013-06-03,242.34
2013-06-02,242.52
2013-06-01,242.63
2013-05-31,242.49
2013-05-30,242.45
2013-05-29,242.37
2013-05-28,242.38
2013-05-27,242.35
2013-05-26,242.37
2013-05-25,242.43
2013-05-24,242.51
2013-05-23,242.5
2013-05-22,242.43
2013-05-21,242.52
2013-05-20,242.45
2013-05-19,242.39
2013-05-18,242.36
2013-05-17,242.41
2013-05-16,242.37
2013-05-15,242.32
2013-05-14,242.35
2013-05-13,242.39
2013-05-12,242.39
2013-05-11,242.5
2013-05-10,242.5
2013-05-09,242.45
2013-05-08,242.33
2013-05-07,242.33
2013-05-06,242.36
2013-05-05,242.42
2013-05-04,242.32
2013-05-03,242.3
2013-05-02,242.67
2013-05-01,242.57
2013-04-30,242.29
2013-04-29,242.26
2013-04-28,242.28
2013-04-27,242.41
2013-04-26,242.31
2013-04-25,242.33
2013-03-05,242.33
2013-03-04,241.92
2013-03-03,241.79
2013-03-02,242.04
2013-03-01,242.06
2013-02-28,242.11
2013-02-27,242.12
2013-02-26,241.99
2013-02-25,241.99
2013-02-24,241.92
2013-02-23,241.95
2013-02-22,242.1
2013-02-21,241.91
2013-02-20,241.87
2013-02-19,242.05
2013-02-18,241.99
2013-02-17,241.77
2013-02-16,241.96
2013-02-15,242.12
2013-02-14,242.04
2013-02-13,241.98
2013-02-12,241.98
2013-02-11,242.08
2013-02-10,241.96
2013-02-09,241.76
2013-02-08,242.03
2013-02-07,242.07
2013-02-06,241.89
2013-02-05,241.95
2013-02-04,241.87
2013-02-03,241.88
2013-02-02,242.03
2013-02-01,242.0
2013-01-31,242.07
2013-01-30,242.08
2013-01-29,241.85
2013-01-28,241.87
2013-01-27,241.81
2013-01-26,241.89
2013-01-25,241.96
2013-01-24,241.94
2013-01-23,241.94
2013-01-22,241.89
2013-01-21,241.98
2013-01-20,241.93
2013-01-19,241.89
2013-01-18,241.86
2013-01-17,242.07
2013-01-16,241.94
2013-01-15,241.93
2013-01-14,241.99
2013-01-13,242.03
2013-01-12,241.99
2013-01-11,241.75
2013-01-10,241.75
2013-01-09,242.02
2013-01-08,241.83
2013-01-07,241.81
2013-01-06,241.97
2013-01-05,241.88
2013-01-04,241.89
2013-01-03,242.0
2013-01-02,241.95
2013-01-01,242.0
2012-12-31,241.84
2012-12-30,241.85
2012-12-29,242.03
2012-12-28,241.97
2012-12-27,241.76
2012-12-26,241.88
2012-12-25,241.99
2012-12-24,241.83
2012-12-23,241.82
2012-12-22,241.8
2012-12-21,241.91
2012-12-20,242.18
2012-12-19,241.82
2012-12-18,241.86
2012-12-17,241.87
2012-12-16,241.83
2012-12-15,241.8
2012-12-14,241.72
2012-12-13,241.87
2012-12-12,241.83
2012-12-11,241.86
2012-12-10,241.81
2012-12-06,241.62
2012-12-05,241.79
2012-12-04,242.03
2012-12-03,241.84
2012-12-02,241.83
2012-12-01,241.78
2012-11-30,241.79
2012-11-29,241.75
2012-11-28,241.79
2012-11-27,241.88
2012-11-26,241.93
2012-11-25,241.65
2012-11-24,241.67
2012-11-23,242.02
2012-11-22,241.79
2012-11-21,241.77
2012-11-20,241.86
2012-11-19,241.83
2012-11-18,241.73
2012-11-17,241.76
2012-11-16,241.85
2012-11-15,241.8
2012-11-14,241.79
2012-11-13,241.8
2012-11-12,241.97
2012-11-11,241.81
2012-11-10,241.69
2012-11-09,241.69
2012-11-08,241.67
2012-11-07,241.73
2012-11-06,241.79
2012-11-05,241.81
2012-11-04,241.79
2012-11-03,241.88
2012-11-02,241.72
2012-11-01,241.74
2012-10-31,241.76
2012-10-30,241.71
2012-10-29,241.74
2012-10-28,241.73
2012-10-27,241.74
2012-10-26,241.95
2012-10-25,241.93
2012-10-24,241.72
2012-10-23,241.74
2012-10-22,241.77
2012-10-21,241.68
2012-10-20,241.63
2012-10-19,241.73
2012-10-18,241.84
2012-10-17,241.7
2012-10-16,241.56
2012-10-15,241.69
2012-10-14,241.84
2012-10-13,241.59
2012-10-12,241.75
2012-10-11,241.67
2012-10-10,241.81
2012-10-09,241.63
2012-10-08,241.6
2012-10-07,241.73
2012-10-06,241.77
2012-10-05,241.74
2012-10-04,241.84
2012-10-03,241.61
2012-10-02,241.67
2012-10-01,241.69
2012-09-30,241.64
2012-09-29,241.68
2012-09-28,241.7
2012-09-27,241.75
2012-09-26,241.7
2012-09-25,241.56
2012-09-24,241.59
2012-09-23,241.68
2012-09-22,241.71
2012-09-21,241.65
2012-09-20,241.62
2012-09-19,241.61
2012-09-18,241.7
2012-09-17,241.57
2012-09-16,241.55
2012-09-15,241.61
2012-09-14,241.7
2012-09-13,241.79
2012-09-12,241.63
2012-09-11,241.54
2012-09-10,241.58
2012-09-09,241.64
2012-09-08,241.74
2012-09-07,241.64
2012-09-06,241.62
2012-09-05,241.59
2012-09-04,241.59
2012-09-03,241.59
2012-09-02,241.58
2012-09-01,241.62
2012-08-31,241.6
2012-08-30,241.55
2012-08-29,241.57
2012-08-28,241.63
2012-08-27,241.67
2012-08-24,241.51
2012-08-23,241.52
2012-08-22,241.58
2012-08-21,241.61
2012-08-20,241.58
2012-08-19,241.62
2012-08-18,241.53
2012-08-17,241.6
2012-08-16,241.64
2012-08-15,241.51
2012-08-14,241.5
2012-08-13,241.59
2012-08-12,241.56
2012-08-11,241.49
2012-08-10,241.57
2012-08-09,241.55
2012-08-08,241.58
2012-08-07,241.5
2012-08-06,241.53
2012-08-05,241.69
2012-08-04,241.6
2012-08-03,241.5
2012-08-02,241.47
2012-08-01,241.5
2012-07-31,241.52
2012-07-30,241.5
2012-07-29,241.52
2012-07-28,241.56
2012-07-27,241.58
2012-07-26,241.53
2012-07-25,241.44
2012-07-24,241.48
2012-07-23,241.49
2012-07-22,241.51
2012-07-21,241.5
2012-07-20,241.54
2012-07-19,241.55
2012-07-18,241.53
2012-07-17,241.46
2012-07-16,241.43
2012-07-15,241.48
2012-07-14,241.49
2012-07-13,241.47
2012-07-12,241.45
2012-07-11,241.47
2012-07-10,241.5
2012-07-09,241.52
2012-07-08,241.49
2012-07-07,241.51
2012-07-06,241.51
2012-07-05,241.49
2012-07-04,241.45
2012-07-03,241.46
2012-07-02,241.49
2012-07-01,241.49
2012-06-30,241.41
2012-06-29,241.42
2012-06-28,241.49
2012-06-27,241.46
2012-06-26,241.4
2012-06-25,241.46
2012-06-24,241.48
2012-06-23,241.39
2012-06-22,241.44
2012-06-21,241.6
2012-06-20,241.48
2012-06-19,241.39
2012-06-18,241.28
2012-06-17,241.38
2012-06-16,241.48
2012-06-15,241.46
2012-06-14,241.34
2012-06-13,241.36
2012-06-12,241.5
2012-06-11,241.54
2012-06-10,241.34
2012-06-09,241.27
2012-06-08,241.41
2012-06-07,241.48
2012-06-06,241.4
2012-06-05,241.42
2012-06-04,241.43
2012-06-03,241.37
2012-06-02,241.37
2012-06-01,241.39
2012-05-31,241.49
2012-05-30,241.36
2012-05-29,241.4
2012-05-28,241.45
2012-05-27,241.36
2012-05-26,241.43
2012-05-25,241.38
2012-05-24,241.3
2012-05-23,241.09
2012-05-22,241.23
2012-05-21,241.43
2012-05-20,241.55
2012-05-19,241.35
2012-05-18,241.21
2012-05-17,241.24
2012-05-16,241.32
2012-05-15,241.31
2012-05-14,241.31
2012-05-13,241.41
2012-05-12,241.48
2012-05-11,241.38
2012-05-10,241.26
2012-05-09,241.33
2012-05-08,241.41
2012-05-07,241.47
2012-05-06,241.42
2012-05-05,241.3
2012-05-04,241.34
2012-05-03,241.38
2012-05-02,241.3
2012-05-01,241.22
2012-04-30,241.33
2012-04-29,241.36
2012-04-28,241.39
2012-04-27,241.19
2012-04-26,241.3
2012-04-25,241.19
2012-04-24,241.15
2012-04-23,241.31
2012-04-22,241.41
2012-04-21,241.32
2012-04-20,241.4
2012-04-19,241.2
2012-04-18,241.22
2012-04-17,241.37
2012-04-16,241.51
2012-04-15,241.29
2012-04-14,241.11
2012-04-13,241.21
2012-04-12,241.15
2012-04-11,241.26
2012-04-10,241.25
2012-04-09,241.21
2012-04-08,241.38
2012-04-07,241.42
2012-04-06,241.31
2012-04-05,241.32
2012-04-04,241.32
2012-04-03,241.41
2012-04-02,241.19
2012-04-01,241.13
2012-03-31,241.25
2012-03-30,241.26
2012-03-29,241.21
2012-03-28,241.25
2012-03-27,241.23
2012-03-26,241.23
2012-03-25,241.28
2012-03-24,241.28
2012-03-23,241.34
2012-03-22,241.27
2012-03-21,241.29
2012-03-20,241.25
2012-03-19,241.16
2012-03-18,241.15
2012-03-17,241.17
2012-03-16,241.19
2012-03-15,241.25
2012-03-14,241.22
2012-03-13,241.21
2012-03-12,241.16
2012-03-11,240.99
2012-03-10,241.13
2012-03-09,241.31
2012-03-05,241.24
2012-03-04,241.27
2012-03-03,241.26
2012-03-01,241.05
2012-02-29,241.19
2012-02-28,241.0
2012-02-27,241.32
2012-02-26,241.15
2012-02-25,241.14
2012-02-24,241.44
2012-02-23,241.14
2012-02-22,241.05
2012-02-21,241.2
2012-02-20,241.1
2012-02-19,241.09
2012-02-18,241.18
2012-02-17,241.15
2012-02-16,241.31
2012-02-15,241.15
2012-02-14,241.04
2012-02-13,240.87
2012-02-12,240.98
2012-02-11,241.31
2012-02-10,241.18
2012-02-09,241.06
2012-02-08,241.2
2012-02-07,241.25
2012-02-06,241.07
2012-02-05,241.25
2012-02-04,241.32
2012-02-03,241.16
2012-02-02,241.05
2012-02-01,241.2
2012-01-31,241.18
2012-01-30,240.96
2012-01-29,241.12
2012-01-28,241.37
2012-01-27,241.12
2012-01-26,241.14
2012-01-25,241.22
2012-01-24,241.22
2012-01-23,241.26
2012-01-22,241.06
2012-01-21,241.12
2012-01-20,240.96
2012-01-19,241.03
2012-01-18,241.05
2012-01-17,241.27
2012-01-16,240.96
2012-01-15,240.98
2012-01-14,241.11
2012-01-13,241.11
2012-01-12,241.12
2012-01-11,241.0
2012-01-10,241.01
2012-01-09,241.09
2012-01-08,241.13
2012-01-07,241.05
2012-01-06,240.88
2012-01-05,240.96
2012-01-04,241.16
2012-01-03,240.87
2012-01-02,241.23
2012-01-01,241.35
2011-12-31,240.97
2011-12-30,241.11
2011-12-29,240.95
2011-12-28,240.97
2011-12-27,241.02
2011-12-26,240.95
2011-12-25,241.1
2011-12-24,241.09
2011-12-23,241.3
2011-12-22,241.22
2011-12-21,240.94
2011-12-20,241.01
2011-12-19,240.8
2011-12-18,240.97
2011-12-17,241.06
2011-12-16,241.16
2011-12-15,241.16
2011-12-14,240.91
2011-12-13,241.01
2011-12-12,240.98
2011-12-11,240.92
2011-12-10,241.1
2011-12-09,241.18
2011-12-08,240.93
2011-12-07,240.98
2011-12-06,241.04
2011-12-05,241.13
2011-12-04,241.06
2011-12-03,240.87
2011-12-02,240.93
2011-12-01,241.04
2011-11-30,240.8
2011-11-29,241.09
2011-11-28,240.9
2011-11-27,241.08
2011-11-26,241.16
2011-11-25,240.84
2011-11-24,240.94
2011-11-23,241.02
2011-11-22,240.98
2011-11-21,241.0
2011-11-20,241.13
2011-11-19,241.0
2011-11-18,240.75
2011-11-17,241.0
2011-11-16,241.09
2011-11-15,241.01
2011-11-14,240.93
2011-11-13,240.88
2011-11-11,240.78
2011-11-10,240.99
2011-11-09,241.17
2011-11-08,241.0
2011-11-07,240.95
2011-11-06,240.93
2011-11-05,240.71
2011-11-04,240.81
2011-11-03,241.01
2011-11-02,240.88
2011-11-01,240.83
2011-10-31,240.88
2011-10-30,240.95
2011-10-29,240.79
2011-10-28,241.01
2011-10-27,241.0
2011-10-26,240.99
2011-10-25,240.82
2011-10-24,240.91
2011-10-23,240.93
2011-10-22,240.88
2011-10-21,240.95
2011-10-20,240.84
2011-10-19,240.91
2011-10-18,241.02
2011-10-17,240.85
2011-10-16,240.9
2011-10-15,240.94
2011-10-14,240.82
2011-10-13,240.94
2011-10-12,240.91
2011-10-11,240.78
2011-10-10,240.88
2011-10-09,240.97
2011-10-08,240.94
2011-10-07,240.87
2011-10-06,240.76
2011-10-05,240.8
2011-10-04,240.85
2011-10-03,240.86
2011-10-02,240.85
2011-10-01,240.83
2011-09-30,240.99
2011-09-29,240.98
2011-09-28,240.86
2011-09-27,240.91
2011-09-26,240.85
2011-09-25,240.75
2011-09-24,240.7
2011-09-23,240.8
2011-09-22,240.91
2011-09-21,240.9
2011-09-20,240.78
2011-09-19,240.87
2011-09-18,240.85
2011-09-17,240.73
2011-09-16,240.78
2011-09-15,240.89
2011-09-14,240.85
2011-09-13,240.76
2011-09-12,240.73
2011-09-11,240.83
2011-09-10,240.78
2011-09-09,240.78
2011-09-08,240.77
2011-09-07,240.88
2011-09-06,240.77
2011-09-05,240.88
2011-09-04,240.91
2011-09-03,240.8
2011-09-02,240.8
2011-09-01,240.84
2011-08-31,240.8
2011-08-30,240.75
2011-08-29,240.73
2011-08-28,240.73
2011-08-27,240.76
2011-08-26,240.81
2011-08-25,240.82
2011-08-24,240.77
2011-08-23,240.72
2011-08-22,240.75
2011-08-21,240.83
2011-08-20,240.78
2011-08-19,240.71
2011-08-18,240.72
2011-08-17,240.84
2011-08-16,240.72
2011-08-15,240.67
2011-08-14,240.79
2011-08-13,240.84
2011-08-12,240.73
2011-08-11,240.8
2011-08-10,240.74
2011-08-09,240.75
2011-08-08,240.69
2011-08-07,240.71
2011-08-06,240.74
2011-08-05,240.72
2011-08-04,240.73
2011-08-03,240.67
2011-08-02,240.67
2011-08-01,240.71
2011-07-31,240.75
2011-07-30,240.76
2011-07-29,240.77
2011-07-28,240.75
2011-07-27,240.66
2011-07-26,240.62
2011-07-25,240.72
2011-07-24,240.78
2011-07-23,240.73
2011-07-22,240.69
2011-07-21,240.67
2011-07-20,240.63
2011-07-19,240.63
2011-07-18,240.74
2011-07-17,240.76
2011-07-16,240.72
2011-07-15,240.66
2011-07-14,240.65
2011-07-13,240.64
2011-07-12,240.66
2011-07-11,240.72
2011-07-10,240.69
2011-07-09,240.62
2011-07-08,240.61
2011-07-07,240.65
2011-07-06,240.61
2011-07-04,240.66
2011-07-03,240.64
2011-07-02,240.71
2011-07-01,240.68
2011-06-30,240.64
2011-06-29,240.64
2011-06-28,240.73
2011-06-27,240.77
2011-06-26,240.62
2011-06-25,240.62
2011-06-24,240.56
2011-06-23,240.6
2011-06-22,240.71
2011-06-21,240.76
2011-06-20,240.6
2011-06-19,240.53
2011-06-18,240.67
2011-06-17,240.61
2011-06-16,240.5
2011-06-15,240.63
2011-06-14,240.64
2011-06-13,240.6
2011-06-12,240.57
2011-06-11,240.61
2011-06-10,240.67
2011-06-09,240.6
2011-06-08,240.56
2011-06-07,240.5
2011-06-06,240.53
2011-06-05,240.62
2011-06-04,240.69
2011-06-03,240.59
2011-06-02,240.53
2011-06-01,240.63
2011-05-31,240.85
2011-05-30,240.64
2011-05-29,240.52
2011-05-28,240.52
2011-05-27,240.45
2011-05-26,240.64
2011-05-25,240.71
2011-05-24,240.52
2011-05-23,240.55
2011-05-22,240.58
2011-05-21,240.58
2011-05-20,240.59
2011-05-19,240.51
2011-05-18,240.38
2011-05-17,240.38
2011-05-16,240.51
2011-05-15,240.57
2011-05-14,240.6
2011-05-13,240.68
2011-05-12,240.68
2011-05-11,240.57
2011-05-10,240.52
2011-05-09,240.45
2011-05-08,240.42
2011-05-07,240.43
2011-05-06,240.37
2011-05-05,240.55
2011-05-04,240.47
2011-05-03,240.6
2011-05-02,240.71
2011-05-01,240.69
2011-04-30,240.61
2011-04-29,240.32
2011-04-28,240.7
2011-04-27,240.68
2011-04-26,240.42
2011-04-25,240.45
2011-04-24,240.53
2011-04-23,240.61
2011-04-22,240.45
2011-04-21,240.48
2011-04-20,240.72
2011-04-19,240.55
2011-04-18,240.41
2011-04-17,240.37
2011-04-16,240.55
2011-04-15,240.62
2011-04-14,240.41
2011-04-13,240.44
2011-04-12,240.53
2011-04-11,240.73
2011-04-10,240.55
2011-04-09,240.46
2011-04-08,240.5
2011-04-07,240.44
2011-04-06,240.44
2011-04-05,240.44
2011-04-04,240.72
2011-04-03,240.31
2011-04-02,240.47
2011-04-01,240.5
2011-03-31,240.41
2011-03-30,240.46
2011-03-29,240.6
2011-03-28,240.51
2011-03-27,240.53
2011-03-26,240.49
2011-03-25,240.37
2011-03-24,240.47
2011-03-23,240.6
2011-03-22,240.32
2011-03-21,240.41
2011-03-20,240.41
2011-03-19,240.44
2011-03-18,240.54
2011-03-17,240.37
2011-03-16,240.42
2011-03-15,240.41
2011-03-14,240.56
2011-03-13,240.51
2011-03-12,240.48
2011-03-11,240.28
2011-03-10,240.53
2011-03-09,240.64
2011-03-08,240.44
2011-03-07,240.26
2011-03-06,240.3
2011-03-05,240.62
2011-03-04,240.48
2011-03-03,240.35
2011-03-02,240.43
2011-03-01,240.5
2011-02-28,240.71
2011-02-27,240.27
2011-02-26,240.32
2011-02-25,240.49
2011-02-24,240.42
2011-02-23,240.36
2011-02-22,240.45
2011-02-21,240.49
2011-02-20,240.25
2011-02-19,240.36
2011-02-18,240.54
2011-02-17,240.33
2011-02-16,240.27
2011-02-15,240.3
2011-02-14,240.46
2011-02-13,240.29
2011-02-12,240.43
2011-02-11,240.42
2011-02-10,240.34
2011-02-09,240.55
2011-02-08,240.59
2011-02-07,240.57
2011-02-06,240.41
2011-02-05,240.15
2011-02-04,240.19
2011-02-03,240.37
2011-02-02,240.57
2011-02-01,240.52
2011-01-31,240.39
2011-01-30,240.44
2011-01-29,240.26
2011-01-28,240.31
2011-01-27,240.37
2011-01-26,240.44
2011-01-25,240.41
2011-01-24,240.38
2011-01-23,240.44
2011-01-22,240.24
2011-01-21,240.26
2011-01-20,240.55
2011-01-19,240.28
2011-01-18,240.4
2011-01-17,240.13
2011-01-16,240.24
2011-01-15,240.32
2011-01-14,240.23
2011-01-13,240.24
2011-01-12,240.45
2011-01-11,240.56
2011-01-10,240.5
2011-01-09,240.26
2011-01-08,240.22
2011-01-07,240.27
2011-01-06,240.35
2011-01-05,240.31
2011-01-04,240.33
2011-01-03,240.26
2011-01-02,240.38
2011-01-01,240.51
2010-12-31,240.38
2010-12-30,240.09
2010-12-29,239.97
2010-12-28,240.26
2010-12-27,240.2
2010-12-26,240.2
2010-12-25,240.43
2010-12-24,240.36
2010-12-23,240.25
2010-12-22,240.51
2010-12-21,240.42
2010-12-20,240.17
2010-12-19,240.16
2010-12-18,240.21
2010-12-17,240.39
2010-12-16,240.43
2010-12-15,240.06
2010-12-14,240.13
2010-12-13,240.16
2010-12-12,240.4
2010-12-11,240.34
2010-12-10,240.17
2010-12-09,240.13
2010-12-08,240.27
2010-12-07,240.15
2010-12-06,240.24
2010-12-05,240.38
2010-12-04,240.43
2010-12-03,240.15
2010-12-02,240.28
2010-12-01,240.25
2010-11-30,240.44
2010-11-29,240.26
2010-11-28,239.99
2010-11-27,240.2
2010-11-26,240.36
2010-11-25,240.38
2010-11-24,240.08
2010-11-23,240.28
2010-11-22,240.22
2010-11-21,240.15
2010-11-20,240.15
2010-11-19,240.07
2010-11-18,240.32
2010-11-17,240.38
2010-11-16,240.13
2010-11-15,240.07
2010-11-14,240.08
2010-11-13,240.23
2010-11-12,240.31
2010-11-11,240.28
2010-11-10,240.27
2010-11-09,240.04
2010-11-08,240.04
2010-11-07,240.12
2010-11-06,240.14
2010-11-05,240.12
2010-11-04,240.23
2010-11-03,240.23
2010-11-02,240.27
2010-11-01,240.3
2010-10-31,240.11
2010-10-30,240.01
2010-10-29,240.11
2010-10-28,240.46
2010-10-27,240.38
2010-10-26,240.22
2010-10-25,239.92
2010-10-24,240.14
2010-10-23,240.06
2010-10-22,240.05
2010-10-21,240.13
2010-10-20,240.17
2010-10-19,240.19
2010-10-18,240.09
2010-10-17,240.09
2010-10-16,240.09
2010-10-15,240.04
2010-10-14,240.13
2010-10-13,240.28
2010-10-12,240.23
2010-10-11,240.1
2010-10-10,240.06
2010-10-09,240.09
2010-10-08,240.06
2010-10-07,240.1
2010-10-06,240.13
2010-10-05,240.13
2010-10-04,240.08
2010-10-03,240.16
2010-10-02,240.19
2010-10-01,240.16
2010-09-30,240.21
2010-09-29,240.03
2010-09-28,240.05
2010-09-27,240.03
2010-09-26,240.13
2010-09-25,240.15
2010-09-24,240.21
2010-09-23,240.07
2010-09-22,240.08
2010-09-21,240.0
2010-09-20,240.02
2010-09-19,240.11
2010-09-18,240.1
2010-09-17,240.09
2010-09-16,240.12
2010-09-15,240.03
2010-09-14,240.05
2010-09-13,240.06
2010-09-12,240.14
2010-09-11,240.19
2010-09-10,240.01
2010-09-09,239.97
2010-09-08,240.06
2010-09-07,240.17
2010-09-06,239.97
2010-09-05,239.88
2010-09-04,240.0
2010-09-03,240.2
2010-09-02,240.07
2010-09-01,240.02
2010-08-31,240.04
2010-08-30,240.03
2010-08-29,239.98
2010-08-28,239.93
2010-08-27,239.94
2010-08-26,240.02
2010-08-25,240.11
2010-08-24,240.13
2010-08-23,240.0
2010-08-22,240.06
2010-08-21,240.06
2010-08-20,239.95
2010-08-19,239.94
2010-08-18,240.02
2010-08-17,239.98
2010-08-16,240.07
2010-08-15,240.08
2010-08-14,240.02
2010-08-13,239.95
2010-08-12,239.96
2010-08-11,240.0
2010-08-10,240.02
2010-08-09,240.0
2010-08-08,239.96
2010-08-07,239.94
2010-08-06,239.98
2010-08-05,239.99
2010-08-04,239.99
2010-08-03,240.0
2010-08-02,239.99
2010-08-01,239.95
2010-07-31,239.92
2010-07-30,239.94
2010-07-29,239.99
2010-07-28,240.0
2010-07-27,239.94
2010-07-26,239.95
2010-07-25,240.0
2010-07-24,240.01
2010-07-23,239.95
2010-07-22,239.93
2010-07-21,239.98
2010-07-20,239.96
2010-07-19,239.93
2010-07-18,239.93
2010-07-17,239.95
2010-07-16,239.98
2010-07-15,240.0
2010-07-14,239.97
2010-07-13,239.92
2010-07-12,239.85
2010-07-11,239.83
2010-07-10,239.89
2010-07-09,239.96
2010-07-08,240.0
2010-07-07,239.98
2010-07-06,239.97
2010-07-05,239.91
2010-07-04,239.84
2010-07-03,239.82
2010-07-02,239.88
2010-07-01,239.92
2010-06-30,239.96
2010-06-29,239.99
2010-06-28,239.97
2010-06-27,239.86
2010-06-26,239.81
2010-06-25,239.85
2010-06-24,239.98
2010-06-23,239.97
2010-06-22,239.91
2010-06-21,239.89
2010-06-20,239.9
2010-06-19,239.92
2010-06-18,239.89
2010-06-17,239.84
2010-06-16,239.89
2010-06-15,239.91
2010-06-14,239.93
2010-06-13,239.9
2010-06-12,239.93
2010-06-11,239.83
2010-06-10,239.8
2010-06-09,239.9
2010-06-08,239.82
2010-06-07,239.86
2010-06-06,239.99
2010-06-05,239.85
2010-06-04,239.83
2010-06-03,239.86
2010-06-02,239.82
2010-06-01,239.79
2010-05-31,239.88
2010-05-30,239.86
2010-05-29,239.77
2010-05-28,239.82
2010-05-27,239.88
2010-05-26,239.92
2010-05-25,239.94
2010-05-24,239.84
2010-05-23,239.84
2010-05-22,239.74
2010-05-21,239.83
2010-05-20,239.84
2010-05-19,239.7
2010-05-18,239.76
2010-05-17,239.85
2010-05-16,239.8
2010-05-15,239.8
2010-05-14,239.93
2010-05-13,239.97
2010-05-12,239.76
2010-05-11,239.76
2010-05-10,239.61
2010-05-09,239.74
2010-05-08,239.95
2010-05-07,239.99
2010-05-06,239.71
2010-05-05,239.89
2010-05-04,239.77
2010-05-03,240.0
2010-05-02,239.78
2010-05-01,239.82
2010-04-30,239.75
2010-04-29,239.55
2010-04-28,239.61
2010-04-27,239.83
2010-04-26,239.91
2010-04-25,239.88
2010-04-24,239.8
2010-04-23,239.66
2010-04-22,239.63
2010-04-21,239.7
2010-04-20,239.73
2010-04-19,239.76
2010-04-18,239.75
2010-04-17,239.76
2010-04-16,239.83
2010-04-15,239.83
2010-04-14,239.83
2010-04-13,239.74
2010-04-12,239.78
2010-04-11,239.83
2010-04-10,239.79
2010-04-09,239.71
2010-04-08,239.84
2010-04-07,239.93
2010-04-06,239.71
2010-04-05,239.73
2010-04-04,239.78
2010-04-03,239.8
2010-04-02,239.8
2010-04-01,239.69
2010-03-31,239.7
2010-03-30,239.58
2010-03-29,239.68
2010-03-28,239.9
2010-03-27,239.75
2010-03-26,239.55
2010-03-25,239.8
2010-03-24,239.76
2010-03-23,239.62
2010-03-22,239.59
2010-03-21,239.73
2010-03-20,239.83
2010-03-19,239.66
2010-03-18,239.6
2010-03-17,239.65
2010-03-16,239.65
2010-03-15,239.65
2010-03-14,239.65
2010-03-13,239.65
2010-03-12,239.65
2010-03-11,239.65
2010-03-10,239.65
2010-03-09,239.65
2010-03-08,239.65
2010-03-07,239.65
2010-03-06,239.65
2010-03-05,239.65
2010-03-04,239.65
2010-03-03,239.65
2010-03-02,239.65
2010-03-01,239.65
2010-02-28,239.65
2010-02-27,239.65
2010-02-26,239.65
2010-02-25,239.65
2010-02-24,239.65
2010-02-23,239.65
2010-02-22,239.65
2010-02-21,239.65
2010-02-20,239.65
2010-02-19,239.65
2010-02-18,239.65
2010-02-17,239.65
2010-02-16,239.68
2010-02-15,239.73
2010-02-14,239.78
2010-02-13,239.61
2010-02-12,239.64
2010-02-11,239.61
2010-01-28,239.69
2010-01-27,239.6
2010-01-26,239.68
2010-01-25,239.73
2010-01-24,239.69
2010-01-23,239.48
2010-01-22,239.47
2010-01-21,239.55
2010-01-20,239.44
2010-01-19,239.44
2010-01-18,239.48
2010-01-17,239.45
2010-01-15,239.62
2010-01-14,239.46
2010-01-13,239.37
2010-01-12,239.53
2010-01-11,239.53
2010-01-10,239.54
2010-01-09,239.5
2010-01-08,239.61
2010-01-07,239.74
2010-01-06,239.47
2010-01-05,239.48
2010-01-04,239.63
2010-01-03,239.54
2010-01-02,239.54
2010-01-01,239.61
2009-12-31,239.62
2009-12-30,239.35
2009-12-29,239.5
2009-12-28,239.67
2009-12-27,239.64
2009-12-26,239.55
2009-12-25,239.53
2009-12-24,239.55
2009-12-23,239.42
2009-12-22,239.36
2009-12-21,239.41
2009-12-20,239.48
2009-12-19,239.53
2009-12-18,239.49
2009-12-17,239.41
2009-12-16,239.5
2009-12-15,239.72
2009-12-14,239.58
2009-12-13,239.43
2009-12-12,239.42
2009-12-11,239.54
2009-12-10,239.55
2009-12-09,239.58
2009-12-08,239.25
2009-12-06,239.41
2009-12-05,239.31
2009-12-04,239.51
2009-12-03,239.6
2009-12-02,239.5
2009-12-01,239.33
2009-11-30,239.56
2009-11-29,239.58
2009-11-28,239.32
2009-11-27,239.36
2009-11-26,239.5
2009-11-25,239.55
2009-11-24,239.62
2009-11-23,239.48
2009-11-22,239.42
2009-11-21,239.38
2009-11-20,239.54
2009-11-19,239.41
2009-11-18,239.29
2009-11-15,239.49
2009-11-14,239.45
2009-11-13,239.29
2009-11-12,239.34
2009-11-11,239.44
2009-11-10,239.54
2009-11-09,239.52
2009-11-08,239.4
2009-11-07,239.34
2009-11-06,239.3
2009-11-05,239.42
2009-11-04,239.48
2009-11-03,239.47
2009-11-02,239.51
2009-11-01,239.48
2009-10-31,239.55
2009-10-30,239.48
2009-10-29,239.37
2009-10-28,239.21
2009-10-27,239.19
2009-10-26,239.56
2009-10-25,239.44
2009-10-24,239.33
2009-10-23,239.43
2009-10-22,239.42
2009-10-21,239.35
2009-10-20,239.3
2009-10-19,239.24
2009-10-18,239.3
2009-10-17,239.51
2009-10-16,239.51
2009-10-15,239.4
2009-10-14,239.33
2009-10-13,239.37
2009-10-12,239.3
2009-10-11,239.42
2009-10-10,239.47
2009-10-09,239.46
2009-10-08,239.34
2009-10-07,239.43
2009-10-06,239.48
2009-10-05,239.32
2009-10-04,239.35
2009-10-03,239.31
2009-10-02,239.39
2009-10-01,239.35
2009-09-30,239.22
2009-09-29,239.35
2009-09-28,239.5
2009-09-27,239.27
2009-09-26,239.32
2009-09-25,239.32
2009-09-24,239.35
2009-09-23,239.38
2009-09-22,239.45
2009-09-21,239.32
2009-09-20,239.25
2009-09-19,239.32
2009-09-18,239.34
2009-09-17,239.37
2009-09-16,239.37
2009-09-15,239.33
2009-09-14,239.32
2009-09-13,239.32
2009-09-12,239.31
2009-09-11,239.33
2009-09-10,239.37
2009-09-09,239.35
2009-09-08,239.27
2009-09-07,239.28
2009-09-06,239.33
2009-09-05,239.34
2009-09-04,239.32
2009-09-03,239.3
2009-09-02,239.27
2009-09-01,239.28
2009-08-31,239.31
2009-08-30,239.33
2009-08-29,239.3
2009-08-28,239.32
2009-08-27,239.33
2009-08-26,239.32
2009-08-25,239.31
2009-08-24,239.28
2009-08-23,239.26
2009-08-22,239.3
2009-08-21,239.38
2009-08-20,239.35
2009-08-19,239.2
2009-08-18,239.31
2009-08-17,239.32
2009-08-16,239.3
2009-08-15,239.21
2009-08-14,239.24
2009-08-13,239.24
2009-08-12,239.3
2009-08-11,239.34
2009-08-10,239.32
2009-08-09,239.3
2009-08-08,239.25
2009-08-07,239.23
2009-08-06,239.27
2009-08-05,239.29
2009-08-04,239.27
2009-08-03,239.21
2009-08-02,239.25
2009-08-01,239.28
2009-07-31,239.27
2009-07-30,239.3
2009-07-29,239.22
2009-07-28,239.22
2009-07-27,239.24
2009-07-26,239.3
2009-07-25,239.22
2009-07-24,239.22
2009-07-23,239.24
2009-07-22,239.29
2009-07-21,239.25
2009-07-20,239.12
2009-07-19,239.21
2009-07-18,239.27
2009-07-17,239.29
2009-07-16,239.27
2009-07-15,239.27
2009-07-14,239.16
2009-07-13,239.17
2009-07-12,239.25
2009-07-11,239.3
2009-07-10,239.28
2009-07-09,239.22
2009-07-08,239.14
2009-07-07,239.13
2009-07-06,239.21
2009-07-05,239.26
2009-07-04,239.19
2009-07-03,239.22
2009-07-02,239.24
2009-07-01,239.21
2009-06-30,239.16
2009-06-29,239.16
2009-06-28,239.27
2009-06-27,239.19
2009-06-26,239.16
2009-06-25,239.21
2009-06-14,238.55
2009-06-13,238.59
2009-06-12,238.57
2009-06-11,238.57
2009-06-10,238.55
2009-06-09,238.56
2009-06-08,238.61
2009-06-07,238.44
2009-06-05,238.48
2009-06-04,238.57
2009-06-03,238.65
2009-06-02,238.55
2009-06-01,238.51
2009-05-30,238.58
2009-05-29,238.58
2009-05-28,238.54
2009-05-27,238.56
2009-05-26,238.51
2009-05-25,238.43
2009-05-24,238.48
2009-05-23,238.51
2009-05-22,238.53
2009-05-21,238.45
2009-05-20,238.47
2009-05-19,238.46
2009-05-18,238.49
2009-05-17,238.64
2009-05-16,238.69
2009-05-15,238.55
2009-05-12,238.45
2009-05-11,238.56
2009-05-10,238.54
2009-05-09,238.68
2009-05-08,238.51
2009-05-07,238.45
2009-05-06,238.49
2009-05-05,238.45
2009-05-04,238.51
2009-05-03,238.5
2009-05-02,238.52
2009-05-01,238.55
2009-04-30,238.45
2009-04-29,238.42
2009-04-28,238.62
2009-04-27,238.65
2009-04-26,238.42
2009-04-25,238.49
2009-04-24,238.42
2009-04-23,238.38
2009-04-22,238.4
2009-04-21,238.46
2009-04-20,238.52
2009-04-19,238.62
2009-04-18,238.49
2009-04-17,238.49
2009-04-16,238.5
2009-04-15,238.43
2009-04-14,238.46
2009-04-13,238.52
2009-04-12,238.35
2009-04-11,238.51
2009-04-10,238.63
2009-04-09,238.26
2009-04-08,238.25
2009-04-07,238.37
2009-04-06,238.65
2009-04-05,238.78
2009-04-04,238.48
2009-04-03,238.48
2009-04-02,238.55
2009-04-01,238.3
2009-03-31,238.54
2009-03-30,238.35
2009-03-29,238.39
2009-03-28,238.5
2009-03-27,238.51
2009-03-26,238.33
2009-03-25,238.4
2009-03-24,238.49
2009-03-23,238.25
2009-03-22,238.34
2009-03-21,238.38
2009-03-20,238.41
2009-03-19,238.53
2009-03-18,238.46
2009-03-17,238.44
2009-03-16,238.46
2009-03-15,238.31
2009-03-14,238.37
2009-03-13,238.39
2009-03-12,238.46
2009-03-11,238.66
2009-03-10,238.46
2009-03-09,238.38
2009-03-08,238.46
2009-03-07,238.31
2009-03-06,238.4
2009-03-05,238.33
2009-03-04,238.29
2009-03-03,238.29
2009-03-02,238.27
2009-03-01,238.49
2009-02-28,238.65
2009-02-27,238.45
2009-02-26,238.32
2009-02-25,238.36
2009-02-24,238.3
2009-02-23,238.33
2009-02-22,238.42
2009-02-21,238.57
2009-02-20,238.31
2009-02-19,238.53
2009-02-18,238.39
2009-02-17,238.2
2009-02-16,238.37
2009-02-15,238.49
2009-02-14,238.45
2009-02-13,238.42
2009-02-12,238.46
2009-02-11,238.5
2009-02-10,238.27
2009-02-09,238.2
2009-02-08,238.33
2009-02-07,238.36
2009-02-06,238.24
2009-02-05,238.3
2009-02-04,238.42
2009-02-03,238.42
2009-02-02,238.43
2009-02-01,238.33
2009-01-31,238.23
2009-01-30,238.45
2009-01-29,238.45
2009-01-28,238.34
2009-01-27,238.41
2009-01-26,238.35
2009-01-25,238.25
2009-01-24,238.47
2009-01-23,238.4
2009-01-22,238.23
2009-01-21,238.28
2009-01-20,238.38
2009-01-19,238.28
2009-01-18,238.3
2009-01-16,238.43
2009-01-15,238.49
2009-01-13,238.49
2009-01-12,238.37
2009-01-11,238.41
2009-01-10,238.59
2009-01-09,238.34
2009-01-08,238.37
2009-01-07,238.28
2009-01-06,238.14
2009-01-05,238.21
2009-01-04,238.58
2009-01-03,238.24
2009-01-02,238.19
2009-01-01,238.1
2008-12-31,238.41
2008-12-30,238.28
2008-12-29,238.41
2008-12-28,238.47
2008-12-27,238.39
2008-12-26,238.16
2008-12-23,237.99
2008-12-22,238.17
2008-12-21,238.5
2008-12-20,238.36
2008-12-19,238.32
2008-12-18,238.22
2008-12-17,238.25
2008-12-16,238.17
2008-12-15,238.57
2008-12-14,238.28
2008-12-13,237.96
2008-12-09,238.25
2008-12-08,238.02
2008-12-05,238.42
2008-12-04,238.48
2008-12-03,238.4
2008-12-02,238.18
2008-12-01,238.36
2008-11-30,238.25
2008-11-29,238.19
2008-11-28,238.22
2008-11-26,238.16
2008-11-25,238.18
2008-11-24,238.37
2008-11-23,238.16
2008-11-22,238.15
2008-11-21,238.23
2008-11-20,238.44
2008-11-19,238.16
2008-11-18,238.31
2008-11-17,238.34
2008-11-16,238.28
2008-11-15,238.46
2008-11-14,238.4
2008-11-13,238.16
2008-11-12,238.31
2008-11-11,238.29
2008-11-10,238.14
2008-11-09,238.2
2008-11-08,238.26
2008-11-07,238.32
2008-11-06,238.34
2008-11-05,238.12
2008-11-04,238.13
2008-11-03,238.15
2008-11-02,238.14
2008-11-01,238.25
2008-10-31,238.31
2008-10-30,238.18
2008-10-29,238.17
2008-10-28,238.19
2008-10-27,238.42
2008-10-26,238.38
2008-10-25,238.22
2008-10-24,238.18
2008-10-23,238.21
2008-10-22,238.29
2008-10-21,238.16
2008-10-20,238.27
2008-10-19,238.14
2008-10-18,238.21
2008-10-17,238.23
2008-10-16,238.27
2008-10-15,238.27
2008-10-14,238.27
2008-10-13,238.37
2008-10-12,238.21
2008-10-11,238.25
2008-10-10,238.15
2008-10-08,238.21
2008-10-07,238.34
2008-10-06,238.2
2008-10-05,238.17
2008-10-04,238.14
2008-10-03,238.09
2008-10-02,238.13
2008-10-01,238.16
2008-09-30,238.21
2008-09-29,238.24
2008-09-28,238.22
2008-09-27,238.16
2008-09-26,238.15
2008-09-25,238.21
2008-09-24,238.25
2008-09-23,238.21
2008-09-22,238.19
2008-09-21,238.18
2008-09-20,238.17
2008-09-19,238.15
2008-09-18,238.15
2008-09-17,238.15
2008-09-16,238.18
2008-09-15,238.29
2008-09-14,238.33
2008-09-13,238.13
2008-09-12,238.13
2008-09-11,238.15
2008-09-10,238.12
2008-09-09,238.22
2008-09-08,238.21
2008-09-07,238.21
2008-09-06,238.22
2008-09-05,238.16
2008-09-04,238.13
2008-09-03,238.24
2008-09-02,238.23
2008-09-01,238.13
2008-08-31,238.15
2008-08-30,238.2
2008-08-29,238.23
2008-08-28,238.17
2008-08-27,238.13
2008-08-26,238.09
2008-08-25,238.14
2008-08-24,238.19
2008-08-23,238.24
2008-08-22,238.14
2008-08-21,238.09
2008-08-20,238.14
2008-08-19,238.15
2008-08-18,238.12
2008-08-17,238.13
2008-08-16,238.21
2008-08-15,238.21
2008-08-14,238.14
2008-08-13,238.17
2008-08-12,238.15
2008-08-11,238.15
2008-08-10,238.16
2008-08-09,238.05
2008-08-08,238.12
2008-08-07,238.14
2008-08-06,238.18
2008-08-05,238.17
2008-08-04,238.16
2008-08-03,238.12
2008-08-02,238.13
2008-08-01,238.16
2008-07-31,238.12
2008-07-30,238.13
2008-07-29,238.12
2008-07-28,238.02
2008-07-27,238.04
2008-07-26,238.11
2008-07-25,238.15
2008-07-24,238.12
2008-07-23,238.11
2008-07-22,238.08
2008-07-21,238.09
2008-07-20,238.14
2008-07-19,238.12
2008-07-18,238.07
2008-07-17,238.08
2008-07-16,238.12
2008-07-15,238.11
2008-07-14,238.05
2008-07-13,238.14
2008-07-12,238.15
2008-07-11,238.03
2008-07-10,238.07
2008-07-09,238.13
2008-07-08,238.12
2008-07-07,238.08
2008-07-06,238.05
2008-07-05,238.03
2008-07-04,238.05
2008-07-03,238.1
2008-07-02,238.01
2008-07-01,238.0
2008-06-30,238.08
2008-06-29,238.19
2008-06-28,238.15
2008-06-27,237.99
2008-06-26,237.99
2008-06-25,238.04
2008-06-24,238.06
2008-06-23,238.01
2008-06-22,238.01
2008-06-21,238.13
2008-06-20,238.12
2008-06-19,238.05
2008-06-18,238.01
2008-06-17,238.13
2008-06-16,238.07
2008-06-15,237.98
2008-06-14,238.08
2008-06-13,238.17
2008-06-12,238.1
2008-06-11,237.91
2008-06-10,238.01
2008-06-09,238.16
2008-06-08,238.06
2008-06-05,237.94
2008-06-04,237.88
2008-06-03,237.92
2008-06-02,237.93
2008-06-01,238.03
2008-05-31,238.02
2008-05-30,237.96
2008-05-29,237.97
2008-05-28,238.14
2008-05-27,238.12
2008-05-26,237.97
2008-05-25,238.03
2008-05-24,238.14
2008-05-22,237.75
2008-05-21,237.83
2008-05-20,238.05
2008-05-19,237.91
2008-05-16,238.13
2008-05-15,238.07
2008-05-14,238.09
2008-05-13,238.03
2008-05-12,237.83
2008-05-11,238.12
2008-05-10,238.01
2008-05-09,238.03
2008-05-08,237.94
2008-05-07,237.88
2008-05-06,237.82
2008-05-05,238.0
2008-05-04,238.0
2008-05-03,238.16
2008-05-02,238.08
2008-05-01,237.89
2008-04-28,237.98
2008-04-27,238.14
2008-04-26,238.06
2008-04-25,238.14
2008-04-22,238.03
2008-04-21,238.0
2008-04-20,237.86
2008-04-19,237.91
2008-04-16,237.82
2008-04-15,237.78
2008-04-14,237.91
2008-04-13,238.09
2008-04-12,238.09
2008-04-11,238.12
2008-04-10,237.81
2008-04-09,237.9
2008-04-08,238.03
2008-04-07,237.92
2008-04-06,237.96
2008-04-05,237.78
2008-04-04,238.05
2008-04-03,237.84
2008-04-02,237.92
2008-04-01,238.16
2008-03-31,237.92
2008-03-30,237.85
2008-03-29,237.95
2008-03-28,237.99
2008-03-27,237.81
2008-03-26,237.77
2008-03-25,237.74
2008-03-24,237.98
2008-03-23,238.04
2008-03-22,238.02
2008-03-21,238.01
2008-03-20,237.97
2008-03-19,237.96
2008-03-18,237.92
2008-03-17,237.92
2008-03-16,237.96
2008-03-15,237.98
2008-03-13,237.81
2008-03-12,237.84
2008-03-11,237.94
2008-03-10,237.98
2008-03-09,237.92
2008-03-08,237.9
2008-03-07,238.02
2008-03-06,238.02
2008-03-05,237.92
2008-03-04,237.87
2008-03-03,238.06
2008-03-02,237.74
2008-03-01,237.78
2008-02-29,237.86
2008-02-28,237.8
2008-02-27,237.98
2008-02-26,238.11
2008-02-25,237.84
2008-02-24,237.96
2008-02-23,237.88
2008-02-22,237.87
2008-02-19,237.93
2008-02-18,237.93
2008-02-17,237.83
2008-02-16,237.82
2008-02-15,238.04
2008-02-14,237.86
2008-02-13,237.8
2008-02-12,237.89
2008-02-11,237.93
2008-02-10,237.98
2008-02-09,237.94
2008-02-08,237.9
2008-02-05,237.9
2008-02-04,237.78
2008-02-03,237.82
2008-02-02,237.93
2008-02-01,237.97
2008-01-31,238.01
2008-01-30,237.76
2008-01-29,238.0
2008-01-28,237.68
2008-01-27,237.81
2008-01-26,237.86
2008-01-25,237.82
2008-01-24,237.87
2008-01-23,237.88
2008-01-22,238.0
2008-01-21,237.81
2008-01-20,237.8
2008-01-19,237.91
2008-01-17,237.98
2008-01-16,237.84
2008-01-15,237.77
2008-01-14,237.96
2008-01-13,237.97
2008-01-12,237.93
2008-01-11,237.88
2008-01-10,237.88
2008-01-09,237.78
2008-01-08,237.97
2008-01-07,237.74
2008-01-06,237.7
2008-01-05,237.66
2008-01-04,237.66
2008-01-03,237.71
2008-01-02,237.98
2008-01-01,238.05
2007-12-31,237.93
2007-12-30,237.86
2007-12-29,237.88
2007-12-28,237.89
2007-12-27,237.87
2007-12-26,237.88
2007-12-25,237.73
2007-12-24,237.85
2007-12-21,237.73
2007-12-20,237.74
2007-12-19,237.78
2007-12-18,237.79
2007-12-17,237.81
2007-12-16,237.92
2007-12-15,237.88
2007-12-14,237.79
2007-12-13,237.79
2007-12-12,237.88
2007-12-11,237.81
2007-12-10,237.92
2007-12-09,237.92
2007-12-08,237.85
2007-12-07,237.73
2007-12-06,237.77
2007-12-05,237.8
2007-12-04,237.78
2007-12-03,237.93
2007-12-02,237.99
2007-11-29,237.92
2007-11-28,237.92
2007-11-26,237.78
2007-11-25,237.78
2007-11-24,237.78
2007-11-23,237.81
2007-11-19,237.77
2007-11-18,237.72
2007-11-17,237.66
2007-11-16,237.64
2007-11-15,238.03
2007-11-14,238.02
2007-11-13,237.97
2007-11-12,237.89
2007-11-11,237.68
2007-11-10,237.7
2007-11-07,237.84
2007-11-06,237.9
2007-11-05,237.82
2007-11-04,237.75
2007-10-31,237.66
2007-10-30,237.68
2007-10-29,237.76
2007-10-28,237.9
2007-10-27,237.94
2007-10-26,237.72
2007-10-25,237.79
2007-10-24,237.83
2007-10-23,237.87
2007-10-22,238.0
2007-10-21,237.85
2007-10-20,237.65
2007-10-18,237.67
2007-10-17,237.63
2007-10-16,237.76
2007-10-15,237.85
2007-10-14,237.74
2007-10-13,237.67
2007-10-09,237.9
2007-10-08,237.87
2007-10-07,237.78
2007-10-06,237.75
2007-10-02,237.72
2007-10-01,237.81
2007-09-30,237.79
2007-09-29,237.73
2007-09-27,237.71
2007-09-26,237.8
2007-09-25,237.84
2007-09-24,237.71
2007-09-23,237.74
2007-09-22,237.74
2007-09-21,237.72
2007-09-17,237.69
2007-09-16,237.68
2007-09-15,237.77
2007-09-14,237.81
2007-09-13,237.68
2007-09-12,237.74
2007-09-11,237.8
2007-09-10,237.8
2007-09-07,237.76
2007-09-06,237.68
2007-09-05,237.67
2007-09-04,237.7
2007-09-03,237.72
2007-09-02,237.72
2007-08-29,237.73
2007-08-28,237.73
2007-08-27,237.72
2007-08-26,237.72
2007-08-24,237.72
2007-08-23,237.69
2007-08-22,237.73
2007-08-21,237.75
2007-08-20,237.66
2007-08-19,237.65
2007-08-16,237.7
2007-08-10,237.75
2007-08-09,237.75
2007-08-01,237.67
2007-07-31,237.7
2007-07-30,237.68
2007-07-29,237.67
2007-07-28,237.67
2007-07-27,237.69
2007-07-26,237.68
2007-07-25,237.66
2007-07-24,237.65
2007-07-23,237.68
2007-07-22,237.71
2007-07-21,237.71
2007-07-20,237.67
2007-07-19,237.66
2007-07-18,237.68
2007-07-17,237.67
2007-07-16,237.67
2007-07-15,237.68
2007-07-14,237.7
2007-07-13,237.73
2007-07-12,237.67
2007-07-11,237.73
2007-07-10,237.67
2007-07-09,237.61
2007-07-08,237.58
2007-07-07,237.65
2007-07-06,237.69
2007-07-05,237.68
2007-07-04,237.66
2007-07-03,237.67
2007-07-02,237.67
2007-07-01,237.66
2007-06-30,237.65
2007-06-29,237.69
2007-06-28,237.69
2007-06-27,237.71
2007-06-26,237.68
2007-06-25,237.66
2007-06-24,237.65
2007-06-23,237.65
2007-06-22,237.66
2007-06-21,237.7
2007-06-20,237.74
2007-06-19,237.61
2007-06-18,237.57
2007-06-17,237.64
2007-06-16,237.67
2007-06-15,237.65
2007-06-14,237.65
2007-06-13,237.65
2007-06-12,237.64
2007-06-11,237.62
2007-06-10,237.62
2007-06-09,237.72
2007-06-08,237.87
2007-06-07,237.48
2007-06-06,237.51
2007-06-05,237.64
2007-06-04,237.65
2007-06-03,237.65
2007-06-02,237.64
2007-06-01,237.58
2007-05-31,237.64
2007-05-30,237.68
2007-05-29,237.6
2007-05-28,237.63
2007-05-27,237.64
2007-05-26,237.64
2007-05-25,237.78
2007-05-24,237.77
2007-05-23,237.65
2007-05-22,237.67
2007-05-21,237.68
2007-05-20,237.69
2007-05-19,237.71
2007-05-18,237.73
2007-05-17,237.75
2007-05-16,237.78
2007-05-15,237.75
2007-05-14,237.63
2007-05-13,237.67
2007-05-12,237.68
2007-05-11,237.67
2007-05-10,237.66
2007-05-09,237.68
2007-05-08,237.76
2007-05-07,237.77
2007-05-06,237.67
2007-05-05,237.61
2007-05-04,237.61
2007-05-03,237.61
2007-05-02,237.62
2007-05-01,237.62
2007-04-30,237.61
2007-04-29,237.64
2007-04-28,237.72
2007-04-27,237.71
2007-04-25,237.61
2007-04-24,237.6
2007-04-23,237.65
2007-04-22,237.63
2007-04-21,237.59
2007-04-20,237.61
2007-04-19,237.52
2007-04-18,237.58
2007-04-17,237.54
2007-04-16,237.58
2007-04-15,237.61
2007-04-14,237.68
2007-04-13,237.59
2007-04-12,237.6
2007-04-11,237.55
2007-04-10,237.4
2007-04-09,237.41
2007-04-08,237.51
2007-04-07,237.59
2007-04-06,237.68
2007-04-05,237.58
2007-04-04,237.76
2007-04-03,237.7
2007-04-02,237.52
2007-04-01,237.55
2007-03-31,237.48
2007-03-30,237.61
2007-03-29,237.62
2007-03-28,237.48
2007-03-27,237.53
2007-03-26,237.54
2007-03-25,237.59
2007-03-24,237.57
2007-03-23,237.55
2007-03-22,237.59
2007-03-21,237.5
2007-03-20,237.58
2007-03-19,237.56
2007-03-18,237.44
2007-03-17,237.48
2007-03-16,237.68
2007-03-15,237.62
2007-03-14,237.47
2007-03-13,237.51
2007-03-12,237.61
2007-03-11,237.61
2007-03-10,237.55
2007-03-09,237.55
2007-03-08,237.46
2007-03-07,237.55
2007-03-06,237.5
2007-03-05,237.57
2007-03-04,237.7
2007-03-03,237.76
2007-03-02,237.63
2007-03-01,237.6
2007-02-28,237.38
2007-02-27,237.49
2007-02-26,237.5
2007-02-25,237.57
2007-02-24,237.52
2007-02-20,237.39
2007-02-19,237.29
2007-02-18,237.39
2007-02-16,237.46
2007-02-15,237.57
2007-02-14,237.57
2007-02-13,237.65
2007-02-12,237.37
2007-02-11,237.35
2007-02-10,237.5
2007-02-09,237.54
2007-02-08,237.51
2007-02-07,237.49
2007-02-06,237.43
2007-02-05,237.55
2007-02-04,237.62
2007-02-03,237.51
2007-02-02,237.54
2007-02-01,237.38
2007-01-31,237.29
2007-01-30,237.54
2007-01-29,237.43
2007-01-28,237.51
2007-01-27,237.49
2007-01-26,237.33
2007-01-25,237.5
2007-01-24,237.55
2007-01-23,237.48
2007-01-22,237.57
2007-01-21,237.41
2007-01-20,237.31
2007-01-19,237.44
2007-01-18,237.33
2007-01-17,237.38
2007-01-16,237.57
2007-01-15,237.61
2007-01-12,237.55
2007-01-11,237.43
2007-01-10,237.32
2007-01-09,237.58
2007-01-08,237.48
2007-01-07,237.58
2007-01-06,237.56
2007-01-05,237.48
2007-01-02,237.52
2007-01-01,237.57
2006-12-31,237.55
2006-12-30,237.44
2006-12-29,237.48
2006-12-28,237.38
2006-12-27,237.24
2006-12-26,237.41
2006-12-25,237.52
2006-12-24,237.42
2006-12-23,237.55
2006-12-22,237.46
2006-12-21,237.44
2006-12-20,237.22
2006-12-19,237.47
2006-12-18,237.6
2006-12-17,237.53
2006-12-16,237.35
2006-12-15,237.35
2006-12-14,237.38
2006-12-13,237.42
2006-12-12,237.49
2006-12-11,237.37
2006-12-10,237.27
2006-12-09,237.26
2006-12-08,237.46
2006-12-07,237.62
2006-12-06,237.48
2006-12-05,237.29
2006-12-04,237.4
2006-12-03,237.62
2006-12-02,237.52
2006-12-01,237.43
2006-11-29,237.49
2006-11-28,237.31
2006-11-27,237.39
2006-11-26,237.4
2006-11-25,237.38
2006-11-24,237.46
2006-11-22,237.35
2006-11-21,237.34
2006-11-20,237.48
2006-11-19,237.58
2006-11-18,237.53
2006-11-17,237.49
2006-11-16,237.4
2006-11-15,237.6
2006-11-14,237.22
2006-11-13,237.43
2006-11-12,237.34
2006-11-11,237.53
2006-11-10,237.6
2006-11-09,237.32
2006-11-08,237.28
2006-11-07,237.36
2006-11-06,237.43
2006-11-05,237.43
2006-11-04,237.36
2006-11-03,237.39
2006-11-02,237.52
2006-11-01,237.55
2006-10-31,237.6
2006-10-30,237.33
2006-10-29,237.32
2006-10-28,237.43
2006-10-27,237.6
2006-10-26,237.38
2006-10-25,237.31
2006-10-24,237.35
2006-10-23,237.47
2006-10-22,237.6
2006-10-21,237.57
2006-10-20,237.34
2006-10-19,237.52
2006-10-18,237.62
2006-10-17,237.47
2006-10-16,237.31
2006-10-15,237.33
2006-10-14,237.43
2006-10-13,237.44
2006-10-12,237.49
2006-10-11,237.36
2006-10-10,237.39
2006-10-09,237.49
2006-10-08,237.45
2006-10-07,237.46
2006-10-06,237.44
2006-10-05,237.6
2006-10-04,237.6
2006-10-03,237.51
2006-10-02,237.5
2006-10-01,237.47
2006-09-29,237.42
2006-09-28,237.58
2006-09-27,237.5
2006-09-26,237.49
2006-09-25,237.58
2006-09-24,237.71
2006-09-23,237.69
2006-09-22,237.56
2006-09-21,237.31
2006-09-20,237.46
2006-09-19,237.59
2006-09-18,237.63
2006-09-17,237.64
2006-09-16,237.48
2006-09-15,237.48
2006-09-14,237.46
2006-09-13,237.54
2006-09-12,237.61
2006-09-11,237.64
2006-09-10,237.56
2006-09-09,237.52
2006-09-08,237.55
2006-09-07,237.52
2006-09-06,237.6
2006-09-05,237.65
2006-09-04,237.62
2006-09-03,237.66
2006-09-02,237.74
2006-09-01,237.65
2006-08-31,237.61
2006-08-21,237.69
2006-08-20,237.7
2006-08-19,237.71
2006-08-18,237.66
2006-08-17,237.65
2006-08-16,237.65
2006-08-15,237.68
2006-08-14,237.75
2006-08-13,237.67
2006-08-12,237.64
2006-08-11,237.65
2006-08-10,237.64
2006-08-09,237.65
2006-08-08,237.69
2006-08-07,237.72
2006-08-06,237.7
2006-08-05,237.67
2006-08-04,237.73
2006-08-03,237.77
2006-08-02,237.72
2006-08-01,237.69
2006-07-31,237.62
2006-07-30,237.63
2006-07-29,237.64
2006-07-28,237.75
2006-07-27,237.69
2006-07-26,237.65
2006-07-25,237.63
2006-07-24,237.6
2006-07-23,237.64
2006-07-22,237.72
2006-07-21,237.72
2006-07-20,237.71
2006-07-19,237.69
2006-07-18,237.7
2006-07-17,237.66
2006-07-16,237.68
2006-07-15,237.76
2006-07-14,237.77
2006-07-13,237.67
2006-07-12,237.71
2006-07-11,237.67
2006-07-10,237.61
2006-07-09,237.62
2006-07-08,237.65
2006-07-07,237.68
2006-07-06,237.72
2006-07-05,237.71
2006-07-04,237.71
2006-07-03,237.67
2006-07-02,237.68
2006-07-01,237.66
2006-06-30,237.65
2006-06-29,237.67
2006-06-28,237.66
2006-06-27,237.64
2006-06-26,237.72
2006-06-25,237.71
2006-06-24,237.71
2006-06-23,237.71
2006-06-22,237.78
2006-06-21,237.65
2006-06-20,237.65
2006-06-19,237.68
2006-06-18,237.72
2006-06-17,237.71
2006-06-16,237.6
2006-06-15,237.56
2006-06-14,237.62
2006-06-13,237.73
2006-06-12,237.74
2006-06-11,237.62
2006-06-10,237.54
2006-06-09,237.59
2006-06-08,237.68
2006-06-07,237.73
2006-06-06,237.69
2006-06-05,237.57
2006-06-04,237.55
2006-06-03,237.56
2006-06-02,237.65
2006-06-01,237.71
2006-05-31,237.74
2006-05-30,237.71
2006-05-29,237.73
2006-05-28,237.66
2006-05-27,237.58
2006-05-26,237.54
2006-05-25,237.59
2006-05-24,237.68
2006-05-23,237.61
2006-05-22,237.65
2006-05-21,237.63
2006-05-20,237.57
2006-05-19,237.55
2006-05-18,237.55
2006-05-17,237.56
2006-05-16,237.6
2006-05-15,237.72
2006-05-14,237.72
2006-05-13,237.57
2006-05-12,237.52
2006-05-11,237.71
2006-05-10,237.77
2006-05-09,237.59
2006-05-08,237.51
2006-05-07,237.56
2006-05-06,237.59
2006-05-05,237.61
2006-05-04,237.69
2006-05-03,237.64
2006-05-02,237.59
2006-05-01,237.61
2006-04-30,237.58
2006-04-29,237.59
2006-04-28,237.54
2006-04-27,237.54
2006-04-26,237.64
2006-04-25,237.73
2006-04-24,237.61
2006-04-23,237.55
2006-04-22,237.59
2006-04-21,237.63
2006-04-20,237.63
2006-04-19,237.7
2006-04-18,237.66
2006-04-17,237.54
2006-04-16,237.61
2006-04-15,237.44
2006-04-14,237.49
2006-04-13,237.59
2006-04-12,237.72
2006-04-11,237.61
2006-04-10,237.53
2006-04-09,237.55
2006-04-08,237.77
2006-04-07,237.67
2006-04-06,237.4
2006-04-05,237.41
2006-04-04,237.54
2006-04-03,237.76
2006-04-02,237.61
2006-04-01,237.53
2006-03-31,237.67
2006-03-30,237.47
2006-03-29,237.44
2006-03-28,237.59
2006-03-27,237.68
2006-03-26,237.37
2006-03-25,237.47
2006-03-24,237.52
2006-03-23,237.72
2006-03-22,237.7
2006-03-21,237.76
2006-03-20,237.44
2006-03-19,237.43
2006-03-18,237.49
2006-03-17,237.62
2006-03-16,237.7
2006-03-15,237.48
2006-03-14,237.71
2006-03-13,237.76
2006-03-12,237.54
2006-03-10,237.48
2006-03-09,237.43
2006-03-08,237.36
2006-03-07,237.43
2006-03-06,237.55
2006-03-05,237.62
2006-03-04,237.5
2006-03-03,237.63
2006-03-02,237.69
2006-03-01,237.53
2006-02-28,237.45
2006-02-27,237.38
2006-02-26,237.61
2006-02-25,237.69
2006-02-24,237.5
2006-02-23,237.63
2006-02-22,237.55
2006-02-21,237.42
2006-02-20,237.46
2006-02-19,237.45
2006-02-18,237.64
2006-02-17,237.75
2006-02-16,237.61
2006-02-15,237.44
2006-02-14,237.34
2006-02-13,237.53
2006-02-12,237.55
2006-02-11,237.63
2006-02-10,237.64
2006-02-09,237.47
2006-02-08,237.57
2006-02-07,237.59
2006-02-06,237.75
2006-02-05,237.42
2006-02-04,237.64
2006-02-03,237.64
2006-02-02,237.5
2006-02-01,237.5
2006-01-31,237.4
2006-01-30,237.6
2006-01-29,237.49
2006-01-28,237.41
2006-01-27,237.43
2006-01-26,237.44
2006-01-25,237.61
2006-01-24,237.63
2006-01-23,237.56
2006-01-22,237.58
2006-01-21,237.66
2006-01-20,237.67
2006-01-19,237.5
2006-01-18,237.46
2006-01-17,237.62
2006-01-16,237.52
2006-01-15,237.34
2006-01-14,237.47
2006-01-13,237.71
2006-01-12,237.42
2006-01-11,237.38
2006-01-10,237.51
2006-01-09,237.69
2006-01-08,237.44
2006-01-07,237.32
2006-01-06,237.48
2006-01-05,237.71
2006-01-04,237.71
2006-01-03,237.57
2006-01-02,237.72
2006-01-01,237.42
2005-12-31,237.46
2005-12-30,237.54
2005-12-29,237.52
2005-12-28,237.66
2005-12-27,237.4
2005-12-26,237.41
2005-12-25,237.55
2005-12-24,237.6
2005-12-23,237.34
2005-12-22,237.47
2005-12-21,237.51
2005-12-20,237.45
2005-12-19,237.63
2005-12-18,237.72
2005-12-17,237.53
2005-12-16,237.5
2005-12-15,237.59
