var2,var4,var6,var8,var10,var12,var14,var16,var18,var20,var22,var24,var26,var28,var30,var32,var34,var36,var38,var40,var42,var44,var46,var48,var50,var52,var54,var56,var58,var60,var62,var64,var66,var68,var70,var72,var74,var76,var78,var80,var82,var84,var86,var88,var90,var92,var94,var96,var98,var100,var102,var104,var106,var108,var110,var112,var114,var116,var118,var120,var122,var124,var126,var128,var130,var132,var134,var136,var138,var140,var142,var144,var146,var148,var150,var152,var154,var156,var158,var160,var162,var164,var166,var168,var170,var172,var174,var176,var178,var180,var182,var184,var186,var188,var190,var192,var194,var196,var198,var200,var202,var204,var206,var208,var210,var212,var214,var216,var218,var220,var222,var224,var226,var228,var230,var232,var234,var236,var238,var240,var242,var244,var246,var248,var250,var252,var254,var256,var258,var260,var262,var264,var266,var268,var270,var272,var274,var276,var278,var280,var282,var284,var286,var288,var290,var292,var294,var296,var298,var300,var302,var304,var306,var308,var310,var312,var314,var316,var318,var320,var322,var324,var326,var328,var330,var332,var334,var336,var338,var340,var342,var344,var346,var348,var350,var352,var354,var356,var358,var360,var362,var364,var366,var368,var370,var372,var374,var376,var378,var380,var382,var384,var386,var388,var390,var392,var394,var396,var398,var400,var402,var404,var406,var408,var410,var412,var414,var416,var418,var420,var422,var424,var426,var428,var430,var432,var434,var436,var438,var440,var442,var444,var446,var448,var450,var452,var454,var456,var458,var460,var462,var464,var466,var468,var470,var472,var474,var476,var478,var480,var482,var484,var486,var488,var490,var492,var494,var496,var498,var500,var502,var504,var506,var508,var510,var512,var514,var516,var518,var520,var522,var524,var526,var528,var530,var532,var534,var536,var538,var540,var542,var544,var546,var548,var550,var552,var554,var556,var558,var560,var562,var564,var566,var568,var570,var572,var574,var576,var578,var580,var582,var584,var586,var588,var590,var592,var594,var596,var598
"-9999.0",-9999.0,-9999.0,-9999.0,-9999.0,-9999.0,-9999.0,-9999.0,-9999.0,-9999.0,-9999.0,-9999.0,-9999.0,-9999.0,-9999.0,-9999.0,-9999.0,-9999.0,-9999.0,-9999.0,-9999.0,-9999.0,-9999.0,-9999.0,-9999.0,-9999.0,-9999.0,-9999.0,-9999.0,-9999.0,-9999.0,-9999.0,-9999.0,-9999.0,-9999.0,-9999.0,-9999.0,-9999.0,-9999.0,-9999.0,-9999.0,189.7092,191.1575,-9999.0,-9999.0,-9999.0,-9999.0,-9999.0,-9999.0,-9999.0,-9999.0,-9999.0,-9999.0,-9999.0,-9999.0,-9999.0,-9999.0,-9999.0,-9999.0,-9999.0,-9999.0,-9999.0,-9999.0,-9999.0,-9999.0,-9999.0,-9999.0,-9999.0,-9999.0,-9999.0,-9999.0,-9999.0,-9999.0,-9999.0,-9999.0,-9999.0,-9999.0,-9999.0,-9999.0,-9999.0,-9999.0,-9999.0,-9999.0,-9999.0,-9999.0,-9999.0,-9999.0,-9999.0,-9999.0,-9999.0,-9999.0,-9999.0,-9999.0,-9999.0,-9999.0,-9999.0,-9999.0,-9999.0,-9999.0,-9999.0,-9999.0,-9999.0,-9999.0,-9999.0,-9999.0,-9999.0,-9999.0,-9999.0,-9999.0,-9999.0,-9999.0,-9999.0,-9999.0,-9999.0,-9999.0,-9999.0,-9999.0,-9999.0,-9999.0,-9999.0,-9999.0,-9999.0,-9999.0,-9999.0,-9999.0,-9999.0,-9999.0,-9999.0,-9999.0,-9999.0,-9999.0,-9999.0,-9999.0,-9999.0,-9999.0,-9999.0,-9999.0,-9999.0,-9999.0,-9999.0,-9999.0,-9999.0,-9999.0,-9999.0,-9999.0,-9999.0,-9999.0,-9999.0,-9999.0,-9999.0,-9999.0,-9999.0,-9999.0,-9999.0,-9999.0,-9999.0,-9999.0,-9999.0,-9999.0,-9999.0,-9999.0,-9999.0,-9999.0,-9999.0,-9999.0,-9999.0,-9999.0,-9999.0,-9999.0,-9999.0,-9999.0,-9999.0,-9999.0,-9999.0,-9999.0,-9999.0,-9999.0,-9999.0,-9999.0,-9999.0,-9999.0,-9999.0,-9999.0,-9999.0,-9999.0,-9999.0,-9999.0,-9999.0,-9999.0,-9999.0,-9999.0,-9999.0,-9999.0,-9999.0,-9999.0,-9999.0,-9999.0,-9999.0,-9999.0,-9999.0,-9999.0,-9999.0,-9999.0,-9999.0,-9999.0,-9999.0,-9999.0,-9999.0,-9999.0,-9999.0,-9999.0,-9999.0,-9999.0,-9999.0,-9999.0,-9999.0,-9999.0,-9999.0,-9999.0,-9999.0,-9999.0,-9999.0,-9999.0,-9999.0,-9999.0,-9999.0,-9999.0,-9999.0,-9999.0,-9999.0,-9999.0,-9999.0,-9999.0,-9999.0,-9999.0,-9999.0,-9999.0,-9999.0,-9999.0,-9999.0,-9999.0,-9999.0,-9999.0,-9999.0,-9999.0,-9999.0,-9999.0,-9999.0,-9999.0,-9999.0,-9999.0,-9999.0,-9999.0,-9999.0,-9999.0,-9999.0,-9999.0,-9999.0,-9999.0,-9999.0,-9999.0,-9999.0,-9999.0,-9999.0,-9999.0,-9999.0,-9999.0,-9999.0,-9999.0,-9999.0,-9999.0,-9999.0,-9999.0,-9999.0,-9999.0,-9999.0,-9999.0,-9999.0,-9999.0,-9999.0,-9999.0,-9999.0,-9999.0,-9999.0,-9999.0,-9999.0,-9999.0,-9999.0,-9999.0,-9999.0,-9999.0,-9999.0,-9999.0,-9999.0,-9999.0,-9999.0,-9999.0,-9999.0,-9999.0
"-9999.0",-9999.0,-9999.0,-9999.0,-9999.0,-9999.0,-9999.0,-9999.0,-9999.0,-9999.0,-9999.0,-9999.0,-9999.0,-9999.0,-9999.0,-9999.0,-9999.0,-9999.0,-9999.0,-9999.0,-9999.0,-9999.0,-9999.0,-9999.0,-9999.0,-9999.0,-9999.0,-9999.0,-9999.0,-9999.0,-9999.0,-9999.0,-9999.0,-9999.0,-9999.0,-9999.0,-9999.0,-9999.0,-9999.0,-9999.0,-9999.0,190.9175,192.5351,194.1779,195.8402,198.9004,198.2001,199.7937,201.2665,203.9134,204.6701,204.87,204.2965,202.7474,200.0835,194.4512,-9999.0,-9999.0,-9999.0,-9999.0,-9999.0,-9999.0,-9999.0,-9999.0,-9999.0,-9999.0,-9999.0,-9999.0,-9999.0,-9999.0,-9999.0,-9999.0,-9999.0,-9999.0,-9999.0,-9999.0,-9999.0,-9999.0,-9999.0,-9999.0,-9999.0,-9999.0,-9999.0,-9999.0,-9999.0,-9999.0,-9999.0,-9999.0,-9999.0,-9999.0,-9999.0,-9999.0,-9999.0,-9999.0,-9999.0,-9999.0,-9999.0,-9999.0,-9999.0,-9999.0,-9999.0,-9999.0,-9999.0,-9999.0,-9999.0,-9999.0,-9999.0,-9999.0,-9999.0,-9999.0,-9999.0,-9999.0,-9999.0,-9999.0,-9999.0,-9999.0,-9999.0,-9999.0,-9999.0,-9999.0,-9999.0,-9999.0,-9999.0,-9999.0,-9999.0,-9999.0,-9999.0,-9999.0,-9999.0,-9999.0,-9999.0,-9999.0,-9999.0,-9999.0,-9999.0,-9999.0,-9999.0,-9999.0,-9999.0,-9999.0,-9999.0,-9999.0,-9999.0,-9999.0,-9999.0,-9999.0,-9999.0,-9999.0,-9999.0,-9999.0,-9999.0,-9999.0,-9999.0,-9999.0,-9999.0,-9999.0,-9999.0,-9999.0,-9999.0,-9999.0,-9999.0,-9999.0,-9999.0,-9999.0,-9999.0,-9999.0,-9999.0,-9999.0,-9999.0,-9999.0,-9999.0,-9999.0,-9999.0,-9999.0,-9999.0,-9999.0,-9999.0,-9999.0,-9999.0,-9999.0,-9999.0,-9999.0,-9999.0,-9999.0,-9999.0,-9999.0,-9999.0,-9999.0,-9999.0,-9999.0,-9999.0,-9999.0,-9999.0,-9999.0,-9999.0,-9999.0,-9999.0,-9999.0,-9999.0,-9999.0,-9999.0,-9999.0,-9999.0,-9999.0,-9999.0,-9999.0,-9999.0,-9999.0,-9999.0,-9999.0,-9999.0,-9999.0,-9999.0,-9999.0,-9999.0,-9999.0,-9999.0,-9999.0,-9999.0,-9999.0,-9999.0,-9999.0,-9999.0,-9999.0,-9999.0,-9999.0,-9999.0,-9999.0,-9999.0,-9999.0,-9999.0,-9999.0,-9999.0,-9999.0,-9999.0,-9999.0,-9999.0,-9999.0,-9999.0,-9999.0,-9999.0,-9999.0,-9999.0,-9999.0,-9999.0,-9999.0,-9999.0,-9999.0,-9999.0,-9999.0,-9999.0,-9999.0,-9999.0,-9999.0,-9999.0,-9999.0,-9999.0,-9999.0,-9999.0,-9999.0,-9999.0,-9999.0,-9999.0,-9999.0,-9999.0,-9999.0,-9999.0,-9999.0,-9999.0,-9999.0,-9999.0,-9999.0,-9999.0,-9999.0,-9999.0,-9999.0,-9999.0,-9999.0,-9999.0,-9999.0,-9999.0,-9999.0,-9999.0,-9999.0,-9999.0,-9999.0,-9999.0,-9999.0,-9999.0,-9999.0,-9999.0,-9999.0,-9999.0,-9999.0,-9999.0,-9999.0,-9999.0,-9999.0,-9999.0
"-9999.0",-9999.0,-9999.0,-9999.0,-9999.0,-9999.0,-9999.0,-9999.0,-9999.0,-9999.0,-9999.0,-9999.0,-9999.0,-9999.0,-9999.0,-9999.0,-9999.0,-9999.0,-9999.0,-9999.0,-9999.0,-9999.0,-9999.0,-9999.0,-9999.0,-9999.0,-9999.0,-9999.0,-9999.0,-9999.0,-9999.0,-9999.0,-9999.0,-9999.0,-9999.0,-9999.0,-9999.0,-9999.0,-9999.0,-9999.0,-9999.0,192.0563,193.8423,195.6788,197.5692,200.8133,202.7095,203.579,204.6266,207.7058,209.0603,209.8288,209.6919,208.3363,205.5422,199.6873,193.8305,186.7897,178.8739,170.42,161.7799,153.3232,145.4408,139.1064,132.0913,128.0268,125.6503,124.8418,125.3203,125.2542,-9999.0,-9999.0,-9999.0,-9999.0,-9999.0,-9999.0,-9999.0,-9999.0,-9999.0,-9999.0,-9999.0,-9999.0,-9999.0,-9999.0,-9999.0,-9999.0,-9999.0,-9999.0,-9999.0,-9999.0,-9999.0,-9999.0,-9999.0,-9999.0,-9999.0,-9999.0,-9999.0,-9999.0,-9999.0,-9999.0,-9999.0,-9999.0,-9999.0,-9999.0,-9999.0,-9999.0,-9999.0,-9999.0,-9999.0,-9999.0,-9999.0,-9999.0,-9999.0,-9999.0,-9999.0,-9999.0,-9999.0,-9999.0,-9999.0,-9999.0,-9999.0,-9999.0,-9999.0,-9999.0,-9999.0,-9999.0,-9999.0,-9999.0,-9999.0,-9999.0,-9999.0,-9999.0,-9999.0,-9999.0,-9999.0,-9999.0,-9999.0,-9999.0,-9999.0,-9999.0,-9999.0,-9999.0,-9999.0,-9999.0,-9999.0,-9999.0,-9999.0,-9999.0,-9999.0,-9999.0,-9999.0,-9999.0,-9999.0,-9999.0,-9999.0,-9999.0,-9999.0,-9999.0,-9999.0,-9999.0,-9999.0,-9999.0,-9999.0,-9999.0,-9999.0,-9999.0,-9999.0,-9999.0,-9999.0,-9999.0,-9999.0,-9999.0,-9999.0,-9999.0,-9999.0,-9999.0,-9999.0,-9999.0,-9999.0,-9999.0,-9999.0,-9999.0,-9999.0,-9999.0,-9999.0,-9999.0,-9999.0,-9999.0,-9999.0,-9999.0,-9999.0,-9999.0,-9999.0,-9999.0,-9999.0,-9999.0,-9999.0,-9999.0,-9999.0,-9999.0,-9999.0,-9999.0,-9999.0,-9999.0,-9999.0,-9999.0,-9999.0,-9999.0,-9999.0,-9999.0,-9999.0,-9999.0,-9999.0,-9999.0,-9999.0,-9999.0,-9999.0,-9999.0,-9999.0,-9999.0,-9999.0,-9999.0,-9999.0,-9999.0,-9999.0,-9999.0,-9999.0,-9999.0,-9999.0,-9999.0,-9999.0,-9999.0,-9999.0,-9999.0,-9999.0,-9999.0,-9999.0,-9999.0,-9999.0,-9999.0,-9999.0,-9999.0,-9999.0,-9999.0,-9999.0,-9999.0,-9999.0,-9999.0,-9999.0,-9999.0,-9999.0,-9999.0,-9999.0,-9999.0,-9999.0,-9999.0,-9999.0,-9999.0,-9999.0,-9999.0,-9999.0,-9999.0,-9999.0,-9999.0,-9999.0,-9999.0,-9999.0,-9999.0,-9999.0,-9999.0,-9999.0,-9999.0,-9999.0,-9999.0,-9999.0,-9999.0,-9999.0,-9999.0,-9999.0,-9999.0,-9999.0,-9999.0,-9999.0,-9999.0,-9999.0,-9999.0,-9999.0,-9999.0,-9999.0,-9999.0,-9999.0,-9999.0,-9999.0,-9999.0,-9999.0,-9999.0,-9999.0,-9999.0,-9999.0
"-9999.0",-9999.0,-9999.0,-9999.0,-9999.0,-9999.0,-9999.0,-9999.0,-9999.0,-9999.0,-9999.0,-9999.0,-9999.0,-9999.0,-9999.0,-9999.0,-9999.0,-9999.0,-9999.0,-9999.0,-9999.0,-9999.0,-9999.0,-9999.0,-9999.0,-9999.0,-9999.0,-9999.0,-9999.0,-9999.0,-9999.0,-9999.0,-9999.0,-9999.0,-9999.0,-9999.0,-9999.0,-9999.0,-9999.0,-9999.0,-9999.0,194.2491,195.0447,197.0663,199.1782,202.6065,204.8466,206.263,208.7716,211.259,213.7966,215.3734,215.9026,214.8878,211.9812,207.106,198.9601,190.6536,181.2956,171.2875,161.0239,150.9223,141.4523,133.1385,125.3181,121.2465,118.9178,118.666,120.0424,121.1798,124.1009,127.2619,130.4925,133.7371,137.0028,140.3132,143.6708,147.0207,149.0089,151.8876,153.9295,152.2902,148.937,146.164,141.7573,-9999.0,-9999.0,-9999.0,-9999.0,-9999.0,-9999.0,-9999.0,-9999.0,-9999.0,-9999.0,-9999.0,-9999.0,-9999.0,-9999.0,-9999.0,-9999.0,-9999.0,-9999.0,-9999.0,-9999.0,-9999.0,-9999.0,-9999.0,-9999.0,-9999.0,-9999.0,-9999.0,-9999.0,-9999.0,-9999.0,-9999.0,-9999.0,-9999.0,-9999.0,-9999.0,-9999.0,-9999.0,-9999.0,-9999.0,-9999.0,-9999.0,-9999.0,-9999.0,-9999.0,-9999.0,-9999.0,-9999.0,-9999.0,-9999.0,-9999.0,-9999.0,-9999.0,-9999.0,-9999.0,-9999.0,-9999.0,-9999.0,-9999.0,-9999.0,-9999.0,-9999.0,-9999.0,-9999.0,-9999.0,-9999.0,-9999.0,-9999.0,-9999.0,-9999.0,-9999.0,-9999.0,-9999.0,-9999.0,-9999.0,-9999.0,-9999.0,-9999.0,-9999.0,-9999.0,-9999.0,-9999.0,-9999.0,-9999.0,-9999.0,-9999.0,-9999.0,-9999.0,-9999.0,-9999.0,-9999.0,-9999.0,-9999.0,-9999.0,-9999.0,-9999.0,-9999.0,-9999.0,-9999.0,-9999.0,-9999.0,-9999.0,-9999.0,-9999.0,-9999.0,-9999.0,-9999.0,-9999.0,-9999.0,-9999.0,-9999.0,-9999.0,-9999.0,-9999.0,-9999.0,-9999.0,-9999.0,-9999.0,-9999.0,-9999.0,-9999.0,-9999.0,-9999.0,-9999.0,-9999.0,-9999.0,-9999.0,-9999.0,-9999.0,-9999.0,-9999.0,-9999.0,-9999.0,-9999.0,-9999.0,-9999.0,-9999.0,-9999.0,-9999.0,-9999.0,-9999.0,-9999.0,-9999.0,-9999.0,-9999.0,-9999.0,-9999.0,-9999.0,-9999.0,-9999.0,-9999.0,-9999.0,-9999.0,-9999.0,-9999.0,-9999.0,-9999.0,-9999.0,-9999.0,-9999.0,-9999.0,-9999.0,-9999.0,-9999.0,-9999.0,-9999.0,-9999.0,-9999.0,-9999.0,-9999.0,-9999.0,-9999.0,-9999.0,-9999.0,-9999.0,-9999.0,-9999.0,-9999.0,-9999.0,-9999.0,-9999.0,-9999.0,-9999.0,-9999.0,-9999.0,-9999.0,-9999.0,-9999.0,-9999.0,-9999.0,-9999.0,-9999.0,-9999.0,-9999.0,-9999.0,-9999.0,-9999.0,-9999.0,-9999.0,-9999.0,-9999.0,-9999.0,-9999.0,-9999.0,-9999.0,-9999.0,-9999.0,-9999.0,-9999.0,-9999.0,-9999.0,-9999.0,-9999.0,-9999.0,-9999.0
"-9999.0",-9999.0,-9999.0,-9999.0,-9999.0,-9999.0,-9999.0,-9999.0,-9999.0,-9999.0,-9999.0,-9999.0,-9999.0,-9999.0,-9999.0,-9999.0,-9999.0,-9999.0,-9999.0,-9999.0,-9999.0,-9999.0,-9999.0,-9999.0,-9999.0,-9999.0,-9999.0,-9999.0,-9999.0,-9999.0,-9999.0,-9999.0,-9999.0,-9999.0,-9999.0,-9999.0,-9999.0,-9999.0,-9999.0,-9999.0,-9999.0,195.1085,197.1226,198.2928,200.6037,204.1965,206.7734,209.5966,211.8876,215.2011,218.7488,221.4446,222.9565,222.4774,219.4512,213.8207,204.7036,194.8991,183.9064,172.1725,160.0986,148.1146,136.7529,126.687,117.7426,112.9152,110.6976,111.2742,113.9178,116.6076,120.7701,124.9798,129.0819,133.0829,137.0635,141.1188,145.3144,148.4378,152.9045,157.0228,160.2102,159.8755,157.1949,153.7291,148.0619,141.0078,133.3404,124.1673,116.7543,109.5723,102.7865,96.40686,91.26878,85.94544,81.36876,77.74539,76.77702,75.98888,75.68822,-9999.0,-9999.0,-9999.0,-9999.0,-9999.0,-9999.0,-9999.0,-9999.0,-9999.0,-9999.0,-9999.0,-9999.0,-9999.0,-9999.0,-9999.0,-9999.0,-9999.0,-9999.0,-9999.0,-9999.0,-9999.0,-9999.0,-9999.0,-9999.0,-9999.0,-9999.0,-9999.0,-9999.0,-9999.0,-9999.0,-9999.0,-9999.0,-9999.0,-9999.0,-9999.0,-9999.0,-9999.0,-9999.0,-9999.0,-9999.0,-9999.0,-9999.0,-9999.0,-9999.0,-9999.0,-9999.0,-9999.0,-9999.0,-9999.0,-9999.0,-9999.0,-9999.0,-9999.0,-9999.0,-9999.0,-9999.0,-9999.0,-9999.0,-9999.0,-9999.0,-9999.0,-9999.0,-9999.0,-9999.0,-9999.0,-9999.0,-9999.0,-9999.0,-9999.0,-9999.0,-9999.0,-9999.0,-9999.0,-9999.0,-9999.0,-9999.0,-9999.0,-9999.0,-9999.0,-9999.0,-9999.0,-9999.0,-9999.0,-9999.0,-9999.0,-9999.0,-9999.0,-9999.0,-9999.0,-9999.0,-9999.0,-9999.0,-9999.0,-9999.0,-9999.0,-9999.0,-9999.0,-9999.0,-9999.0,-9999.0,-9999.0,-9999.0,-9999.0,-9999.0,-9999.0,-9999.0,-9999.0,-9999.0,-9999.0,-9999.0,-9999.0,-9999.0,-9999.0,-9999.0,-9999.0,-9999.0,-9999.0,-9999.0,-9999.0,-9999.0,-9999.0,-9999.0,-9999.0,-9999.0,-9999.0,-9999.0,-9999.0,-9999.0,-9999.0,-9999.0,-9999.0,-9999.0,-9999.0,-9999.0,-9999.0,-9999.0,-9999.0,-9999.0,-9999.0,-9999.0,-9999.0,-9999.0,-9999.0,-9999.0,-9999.0,-9999.0,-9999.0,-9999.0,-9999.0,-9999.0,-9999.0,-9999.0,-9999.0,-9999.0,-9999.0,-9999.0,-9999.0,-9999.0,-9999.0,-9999.0,-9999.0,-9999.0,-9999.0,-9999.0,-9999.0,-9999.0,-9999.0,-9999.0,-9999.0,-9999.0,-9999.0,-9999.0,-9999.0,-9999.0,-9999.0,-9999.0,-9999.0,-9999.0,-9999.0,-9999.0,-9999.0,-9999.0,-9999.0,-9999.0,-9999.0,-9999.0,-9999.0,-9999.0,-9999.0,-9999.0,-9999.0,-9999.0,-9999.0,-9999.0,-9999.0,-9999.0,-9999.0,-9999.0,-9999.0,-9999.0
"-9999.0",-9999.0,-9999.0,-9999.0,-9999.0,-9999.0,-9999.0,-9999.0,-9999.0,-9999.0,-9999.0,-9999.0,-9999.0,-9999.0,-9999.0,-9999.0,-9999.0,-9999.0,-9999.0,-9999.0,-9999.0,-9999.0,-9999.0,-9999.0,-9999.0,-9999.0,-9999.0,-9999.0,-9999.0,-9999.0,-9999.0,-9999.0,-9999.0,-9999.0,-9999.0,-9999.0,-9999.0,-9999.0,-9999.0,-9999.0,-9999.0,195.8168,197.9441,200.1861,201.7779,205.4891,208.3636,211.624,215.3306,218.875,223.3802,227.8041,230.7057,230.9932,227.7681,221.1027,211.7462,199.234,186.5261,173.0363,159.1107,145.1334,131.6555,119.4985,109.0576,102.9509,101.1651,102.902,107.2505,112.2201,117.4457,122.7682,127.7291,132.4424,137.0919,141.8636,145.6613,151.2105,157.0378,162.7723,167.6012,170.2974,168.3824,162.5731,155.0631,146.0155,136.6086,126.2348,117.7552,109.7309,102.2176,95.13674,89.1859,83.09709,77.81197,73.68784,72.24187,71.56655,71.86225,72.93526,74.20019,75.20062,75.6561,75.19266,74.46999,73.09636,71.16463,68.5601,66.58831,66.65121,66.14783,64.78422,64.06342,64.57103,-9999.0,-9999.0,-9999.0,-9999.0,-9999.0,-9999.0,-9999.0,-9999.0,-9999.0,-9999.0,-9999.0,-9999.0,-9999.0,-9999.0,-9999.0,-9999.0,-9999.0,-9999.0,-9999.0,-9999.0,-9999.0,-9999.0,-9999.0,-9999.0,-9999.0,-9999.0,-9999.0,-9999.0,-9999.0,-9999.0,-9999.0,-9999.0,-9999.0,-9999.0,-9999.0,-9999.0,-9999.0,-9999.0,-9999.0,-9999.0,-9999.0,-9999.0,-9999.0,-9999.0,-9999.0,-9999.0,-9999.0,-9999.0,-9999.0,-9999.0,-9999.0,-9999.0,-9999.0,-9999.0,-9999.0,-9999.0,-9999.0,-9999.0,-9999.0,-9999.0,-9999.0,-9999.0,-9999.0,-9999.0,-9999.0,-9999.0,-9999.0,-9999.0,-9999.0,-9999.0,-9999.0,-9999.0,-9999.0,-9999.0,-9999.0,-9999.0,-9999.0,-9999.0,-9999.0,-9999.0,-9999.0,-9999.0,-9999.0,-9999.0,-9999.0,-9999.0,-9999.0,-9999.0,-9999.0,-9999.0,-9999.0,-9999.0,-9999.0,-9999.0,-9999.0,-9999.0,-9999.0,-9999.0,-9999.0,-9999.0,-9999.0,-9999.0,-9999.0,-9999.0,-9999.0,-9999.0,-9999.0,-9999.0,-9999.0,-9999.0,-9999.0,-9999.0,-9999.0,-9999.0,-9999.0,-9999.0,-9999.0,-9999.0,-9999.0,-9999.0,-9999.0,-9999.0,-9999.0,-9999.0,-9999.0,-9999.0,-9999.0,-9999.0,-9999.0,-9999.0,-9999.0,-9999.0,-9999.0,-9999.0,-9999.0,-9999.0,-9999.0,-9999.0,-9999.0,-9999.0,-9999.0,-9999.0,-9999.0,-9999.0,-9999.0,-9999.0,-9999.0,-9999.0,-9999.0,-9999.0,-9999.0,-9999.0,-9999.0,-9999.0,-9999.0,-9999.0,-9999.0,-9999.0,-9999.0,-9999.0,-9999.0,-9999.0,-9999.0,-9999.0,-9999.0,-9999.0,-9999.0,-9999.0,-9999.0,-9999.0,-9999.0,-9999.0,-9999.0,-9999.0,-9999.0,-9999.0,-9999.0,-9999.0,-9999.0,-9999.0,-9999.0,-9999.0,-9999.0,-9999.0,-9999.0
"-9999.0",-9999.0,-9999.0,-9999.0,-9999.0,-9999.0,-9999.0,-9999.0,-9999.0,-9999.0,-9999.0,-9999.0,-9999.0,-9999.0,-9999.0,-9999.0,-9999.0,-9999.0,-9999.0,-9999.0,-9999.0,-9999.0,-9999.0,-9999.0,-9999.0,-9999.0,-9999.0,-9999.0,-9999.0,-9999.0,-9999.0,-9999.0,-9999.0,-9999.0,-9999.0,-9999.0,-9999.0,-9999.0,-9999.0,-9999.0,-9999.0,196.3515,198.5584,200.8774,203.3661,206.385,209.4805,213.1086,217.3913,221.8979,227.6913,233.832,238.5347,239.7912,236.1627,228.1137,217.075,203.0958,188.8385,173.8176,158.2603,142.4481,126.8866,112.4935,100.7157,92.96379,91.22952,94.42086,100.8378,107.8455,114.9895,120.9034,126.5742,131.8526,137.0392,142.4124,147.049,153.6319,160.8965,168.5515,175.5944,180.0628,179.0201,172.1872,162.0921,150.548,138.1726,127.6459,118.2305,109.5243,101.4311,93.75033,86.39496,80.08315,73.92218,70.03699,67.06728,66.6579,67.67712,69.74039,71.90942,73.59177,74.47783,74.80988,73.4037,71.80524,69.50324,66.52206,63.79219,62.85699,61.59629,60.18616,59.98967,60.53355,61.12541,63.72567,70.17607,79.02757,88.25549,97.59911,105.0874,111.7848,117.9432,122.6335,127.7554,132.0721,135.4162,-9999.0,-9999.0,-9999.0,-9999.0,-9999.0,-9999.0,-9999.0,-9999.0,-9999.0,-9999.0,-9999.0,-9999.0,-9999.0,-9999.0,-9999.0,-9999.0,-9999.0,-9999.0,-9999.0,-9999.0,-9999.0,-9999.0,-9999.0,-9999.0,-9999.0,-9999.0,-9999.0,-9999.0,-9999.0,-9999.0,-9999.0,-9999.0,-9999.0,-9999.0,-9999.0,-9999.0,-9999.0,-9999.0,-9999.0,-9999.0,-9999.0,-9999.0,-9999.0,-9999.0,-9999.0,-9999.0,-9999.0,-9999.0,-9999.0,-9999.0,-9999.0,-9999.0,-9999.0,-9999.0,-9999.0,-9999.0,-9999.0,-9999.0,-9999.0,-9999.0,-9999.0,-9999.0,-9999.0,-9999.0,-9999.0,-9999.0,-9999.0,-9999.0,-9999.0,-9999.0,-9999.0,-9999.0,-9999.0,-9999.0,-9999.0,-9999.0,-9999.0,-9999.0,-9999.0,-9999.0,-9999.0,-9999.0,-9999.0,-9999.0,-9999.0,-9999.0,-9999.0,-9999.0,-9999.0,-9999.0,-9999.0,-9999.0,-9999.0,-9999.0,-9999.0,-9999.0,-9999.0,-9999.0,-9999.0,-9999.0,-9999.0,-9999.0,-9999.0,-9999.0,-9999.0,-9999.0,-9999.0,-9999.0,-9999.0,-9999.0,-9999.0,-9999.0,-9999.0,-9999.0,-9999.0,-9999.0,-9999.0,-9999.0,-9999.0,-9999.0,-9999.0,-9999.0,-9999.0,-9999.0,-9999.0,-9999.0,-9999.0,-9999.0,-9999.0,-9999.0,-9999.0,-9999.0,-9999.0,-9999.0,-9999.0,-9999.0,-9999.0,-9999.0,-9999.0,-9999.0,-9999.0,-9999.0,-9999.0,-9999.0,-9999.0,-9999.0,-9999.0,-9999.0,-9999.0,-9999.0,-9999.0,-9999.0,-9999.0,-9999.0,-9999.0,-9999.0,-9999.0,-9999.0,-9999.0,-9999.0,-9999.0,-9999.0,-9999.0,-9999.0,-9999.0,-9999.0,-9999.0,-9999.0,-9999.0,-9999.0,-9999.0,-9999.0
"-9999.0",-9999.0,-9999.0,-9999.0,-9999.0,-9999.0,-9999.0,-9999.0,-9999.0,-9999.0,-9999.0,-9999.0,-9999.0,-9999.0,-9999.0,-9999.0,-9999.0,-9999.0,-9999.0,-9999.0,-9999.0,-9999.0,-9999.0,-9999.0,-9999.0,-9999.0,-9999.0,-9999.0,-9999.0,-9999.0,-9999.0,-9999.0,-9999.0,-9999.0,-9999.0,-9999.0,-9999.0,-9999.0,-9999.0,-9999.0,194.5106,196.6955,198.9427,201.2762,203.7635,206.5349,209.986,213.8782,218.6186,224.2943,230.6235,238.151,244.8004,247.0145,242.7372,233.2173,220.749,206.7454,190.4475,174.4454,157.8116,140.7205,123.5922,107.3454,93.67712,84.84294,83.07974,87.71841,96.13608,104.8974,113.1219,120.1702,125.7516,131.3382,136.8456,141.3599,147.8375,155.1889,163.6334,173.1073,182.6358,189.4342,189.2399,180.8134,167.5912,153.4666,139.5234,127.957,117.9361,108.8578,100.4625,92.41211,84.5117,77.3362,70.21926,65.17831,61.81063,61.61662,63.69714,66.91136,69.94354,72.30508,73.59805,74.1348,73.33685,70.75063,67.59029,64.53348,60.78397,58.44926,55.95832,54.37391,55.75323,58.47337,58.95485,60.91285,67.70166,77.5907,87.56767,97.69167,104.3852,111.0648,117.4734,122.6387,128.1853,132.7482,136.1092,138.1624,138.5368,138.6986,139.1168,142.0326,145.1192,148.4044,152.3489,157.2172,160.5069,158.1729,150.9551,142.0879,133.9147,129.4506,-9999.0,-9999.0,-9999.0,-9999.0,-9999.0,-9999.0,-9999.0,-9999.0,-9999.0,-9999.0,-9999.0,-9999.0,-9999.0,-9999.0,-9999.0,-9999.0,-9999.0,-9999.0,-9999.0,-9999.0,-9999.0,-9999.0,-9999.0,-9999.0,-9999.0,-9999.0,-9999.0,-9999.0,-9999.0,-9999.0,-9999.0,-9999.0,-9999.0,-9999.0,-9999.0,-9999.0,-9999.0,-9999.0,-9999.0,-9999.0,-9999.0,-9999.0,-9999.0,-9999.0,-9999.0,-9999.0,-9999.0,-9999.0,-9999.0,-9999.0,-9999.0,-9999.0,-9999.0,-9999.0,-9999.0,-9999.0,-9999.0,-9999.0,-9999.0,-9999.0,-9999.0,-9999.0,-9999.0,-9999.0,-9999.0,-9999.0,-9999.0,-9999.0,-9999.0,-9999.0,-9999.0,-9999.0,-9999.0,-9999.0,-9999.0,-9999.0,-9999.0,-9999.0,-9999.0,-9999.0,-9999.0,-9999.0,-9999.0,-9999.0,-9999.0,-9999.0,-9999.0,-9999.0,-9999.0,-9999.0,-9999.0,-9999.0,-9999.0,-9999.0,-9999.0,-9999.0,-9999.0,-9999.0,-9999.0,-9999.0,-9999.0,-9999.0,-9999.0,-9999.0,-9999.0,-9999.0,-9999.0,-9999.0,-9999.0,-9999.0,-9999.0,-9999.0,-9999.0,-9999.0,-9999.0,-9999.0,-9999.0,-9999.0,-9999.0,-9999.0,-9999.0,-9999.0,-9999.0,-9999.0,-9999.0,-9999.0,-9999.0,-9999.0,-9999.0,-9999.0,-9999.0,-9999.0,-9999.0,-9999.0,-9999.0,-9999.0,-9999.0,-9999.0,-9999.0,-9999.0,-9999.0,-9999.0,-9999.0,-9999.0,-9999.0,-9999.0,-9999.0,-9999.0,-9999.0,-9999.0,-9999.0,-9999.0,-9999.0,-9999.0,-9999.0,-9999.0,-9999.0
"-9999.0",-9999.0,-9999.0,-9999.0,-9999.0,-9999.0,-9999.0,-9999.0,-9999.0,-9999.0,-9999.0,-9999.0,-9999.0,-9999.0,-9999.0,-9999.0,-9999.0,-9999.0,-9999.0,-9999.0,-9999.0,-9999.0,-9999.0,-9999.0,-9999.0,-9999.0,-9999.0,-9999.0,-9999.0,-9999.0,-9999.0,-9999.0,-9999.0,-9999.0,-9999.0,-9999.0,-9999.0,-9999.0,-9999.0,-9999.0,196.0817,196.839,199.0858,201.3604,203.7275,206.3575,209.7331,213.7912,218.9309,225.0249,231.594,239.3124,246.5596,249.2038,244.5174,234.4222,221.6152,207.4387,192.3201,174.8704,157.9839,140.5447,122.9295,105.996,91.45825,81.94275,80.07667,85.50621,94.95306,104.3784,112.7894,119.7954,125.8633,130.8889,136.4524,141.1321,147.7903,155.4074,164.2965,174.6306,185.7413,194.4605,194.9512,184.6773,169.0772,153.4147,138.7384,126.7783,116.5492,107.6381,99.33625,91.28749,83.19122,75.02813,68.3056,61.56261,57.76598,57.76147,60.72847,64.92708,68.84932,71.55828,73.13524,73.82538,72.9934,70.86522,66.69872,62.80931,57.76454,53.72524,48.41042,44.8405,46.98999,54.57038,58.44493,60.72097,67.91972,78.29926,89.57489,97.64264,104.2166,109.9192,116.6632,123.5056,128.8541,133.8036,137.1979,139.1217,139.2355,139.686,140.5296,143.2087,146.149,148.6992,152.0506,156.819,159.7954,157.2724,149.4032,138.7072,128.0699,121.4375,123.0986,129.5609,136.8448,143.6015,150.4167,159.1121,167.6965,173.7869,174.3768,170.774,165.9316,161.6063,159.4444,158.0832,156.7715,156.1779,157.1942,-9999.0,-9999.0,-9999.0,-9999.0,-9999.0,-9999.0,-9999.0,-9999.0,-9999.0,-9999.0,-9999.0,-9999.0,-9999.0,-9999.0,-9999.0,-9999.0,-9999.0,-9999.0,-9999.0,-9999.0,-9999.0,-9999.0,-9999.0,-9999.0,-9999.0,-9999.0,-9999.0,-9999.0,-9999.0,-9999.0,-9999.0,-9999.0,-9999.0,-9999.0,-9999.0,-9999.0,-9999.0,-9999.0,-9999.0,-9999.0,-9999.0,-9999.0,-9999.0,-9999.0,-9999.0,-9999.0,-9999.0,-9999.0,-9999.0,-9999.0,-9999.0,-9999.0,-9999.0,-9999.0,-9999.0,-9999.0,-9999.0,-9999.0,-9999.0,-9999.0,-9999.0,-9999.0,-9999.0,-9999.0,-9999.0,-9999.0,-9999.0,-9999.0,-9999.0,-9999.0,-9999.0,-9999.0,-9999.0,-9999.0,-9999.0,-9999.0,-9999.0,-9999.0,-9999.0,-9999.0,-9999.0,-9999.0,-9999.0,-9999.0,-9999.0,-9999.0,-9999.0,-9999.0,-9999.0,-9999.0,-9999.0,-9999.0,-9999.0,-9999.0,-9999.0,-9999.0,-9999.0,-9999.0,-9999.0,-9999.0,-9999.0,-9999.0,-9999.0,-9999.0,-9999.0,-9999.0,-9999.0,-9999.0,-9999.0,-9999.0,-9999.0,-9999.0,-9999.0,-9999.0,-9999.0,-9999.0,-9999.0,-9999.0,-9999.0,-9999.0,-9999.0,-9999.0,-9999.0,-9999.0,-9999.0,-9999.0,-9999.0,-9999.0,-9999.0,-9999.0,-9999.0,-9999.0,-9999.0,-9999.0,-9999.0,-9999.0,-9999.0,-9999.0,-9999.0,-9999.0
"-9999.0",-9999.0,-9999.0,-9999.0,-9999.0,-9999.0,-9999.0,-9999.0,-9999.0,-9999.0,-9999.0,-9999.0,-9999.0,-9999.0,-9999.0,-9999.0,-9999.0,-9999.0,-9999.0,-9999.0,-9999.0,-9999.0,-9999.0,-9999.0,-9999.0,-9999.0,-9999.0,-9999.0,-9999.0,-9999.0,-9999.0,-9999.0,-9999.0,-9999.0,-9999.0,-9999.0,-9999.0,-9999.0,-9999.0,-9999.0,195.9497,197.9992,198.9929,201.1343,203.2342,205.4884,208.3678,212.6715,218.447,225.225,231.8063,237.4569,242.5351,244.3248,240.1679,231.2243,219.5525,206.2962,191.9063,175.0883,158.8051,142.0521,125.2712,109.2902,95.63119,86.66858,84.60983,89.51057,97.4306,106.6227,114.0168,120.2103,125.729,130.4448,134.535,140.3838,146.856,154.1541,162.4827,171.9563,182.0801,190.124,190.0746,179.7448,164.8219,149.8303,135.5881,123.9271,114.1271,105.7631,98.01463,90.43096,82.6563,74.62392,67.7561,60.73373,56.74706,56.77821,60.06585,64.59029,68.74131,71.7584,73.41021,73.94447,73.08463,70.44554,66.39287,61.73946,55.32298,48.7604,39.40984,30.1555,27.30149,37.9449,51.63787,60.33253,70.04337,81.98431,91.2032,97.50359,102.3975,107.6498,115.1713,123.4449,130.1989,135.8237,139.3454,141.1009,141.8642,143.3726,144.127,144.959,146.8862,149.0977,151.1164,153.5604,154.8839,152.7066,146.3703,136.5074,125.2972,117.6902,120.1091,128.0935,135.2487,141.8405,150.0799,161.915,174.8579,184.4618,185.4455,178.2407,168.669,161.8326,159.5283,158.7899,157.4487,156.1322,156.2003,156.1179,153.8819,148.4671,142.1386,134.75,127.9729,121.8921,117.3682,112.5126,109.7248,107.2694,103.918,101.5789,100.6511,101.3608,103.21,104.9015,106.5408,-9999.0,-9999.0,-9999.0,-9999.0,-9999.0,-9999.0,-9999.0,-9999.0,-9999.0,-9999.0,-9999.0,-9999.0,-9999.0,-9999.0,-9999.0,-9999.0,-9999.0,-9999.0,-9999.0,-9999.0,-9999.0,-9999.0,-9999.0,-9999.0,-9999.0,-9999.0,-9999.0,-9999.0,-9999.0,-9999.0,-9999.0,-9999.0,-9999.0,-9999.0,-9999.0,-9999.0,-9999.0,-9999.0,-9999.0,-9999.0,-9999.0,-9999.0,-9999.0,-9999.0,-9999.0,-9999.0,-9999.0,-9999.0,-9999.0,-9999.0,-9999.0,-9999.0,-9999.0,-9999.0,-9999.0,-9999.0,-9999.0,-9999.0,-9999.0,-9999.0,-9999.0,-9999.0,-9999.0,-9999.0,-9999.0,-9999.0,-9999.0,-9999.0,-9999.0,-9999.0,-9999.0,-9999.0,-9999.0,-9999.0,-9999.0,-9999.0,-9999.0,-9999.0,-9999.0,-9999.0,-9999.0,-9999.0,-9999.0,-9999.0,-9999.0,-9999.0,-9999.0,-9999.0,-9999.0,-9999.0,-9999.0,-9999.0,-9999.0,-9999.0,-9999.0,-9999.0,-9999.0,-9999.0,-9999.0,-9999.0,-9999.0,-9999.0,-9999.0,-9999.0,-9999.0,-9999.0,-9999.0,-9999.0,-9999.0,-9999.0,-9999.0,-9999.0,-9999.0,-9999.0,-9999.0,-9999.0,-9999.0,-9999.0,-9999.0,-9999.0,-9999.0,-9999.0
"-9999.0",-9999.0,-9999.0,-9999.0,-9999.0,-9999.0,-9999.0,-9999.0,-9999.0,-9999.0,-9999.0,-9999.0,-9999.0,-9999.0,-9999.0,-9999.0,-9999.0,-9999.0,-9999.0,-9999.0,-9999.0,-9999.0,-9999.0,-9999.0,-9999.0,-9999.0,-9999.0,-9999.0,-9999.0,-9999.0,-9999.0,-9999.0,-9999.0,-9999.0,-9999.0,-9999.0,-9999.0,-9999.0,-9999.0,-9999.0,195.6299,197.6848,199.6408,200.6453,202.3306,203.8873,205.992,210.033,217.2188,226.1899,233.853,237.9129,238.6421,237.5924,233.4439,225.9201,215.8374,203.976,190.8027,176.6063,160.0543,144.7409,129.7541,115.9362,104.534,97.21247,95.075,98.48212,103.8113,110.7124,116.1551,121.0064,125.6853,130.4838,133.6786,139.1872,145.2165,151.8064,158.9157,166.3069,173.242,177.807,176.2823,168.5581,157.1424,144.0173,130.5195,119.4038,110.4453,103.9552,96.36897,89.69479,82.767,75.56491,69.09538,63.27979,59.64512,59.46135,62.20651,66.13225,69.81408,72.54607,74.0711,74.51821,73.67214,71.17575,66.93787,61.8394,54.45409,44.394,32.77283,17.4116,7.784568,18.23507,41.38199,59.32877,73.13837,85.50565,92.93438,96.2143,98.44942,103.8467,112.751,123.607,132.6213,139.5873,143.2472,144.4218,144.5772,145.8439,146.2058,147.2419,147.4958,147.5559,149.4106,151.6906,152.2075,150.0511,145.0027,137.2566,128.9003,123.3244,124.7503,129.7225,133.4995,138.6381,148.2054,163.6574,182.1675,196.7468,198.8673,186.7608,171.3043,161.5682,159.0846,159.0297,157.8647,156.2301,154.7894,153.3759,149.8266,145.294,138.3363,130.7553,123.8262,117.9239,113.8025,109.7798,107.7864,106.1858,104.352,101.4976,100.4738,101.2621,103.0921,104.7541,106.3921,107.9116,112.4514,113.6548,115.5968,117.2984,120.5333,121.8627,127.8034,130.1352,128.0253,123.1383,116.0498,108.7874,107.3482,120.5018,144.9402,-9999.0,-9999.0,-9999.0,-9999.0,-9999.0,-9999.0,-9999.0,-9999.0,-9999.0,-9999.0,-9999.0,-9999.0,-9999.0,-9999.0,-9999.0,-9999.0,-9999.0,-9999.0,-9999.0,-9999.0,-9999.0,-9999.0,-9999.0,-9999.0,-9999.0,-9999.0,-9999.0,-9999.0,-9999.0,-9999.0,-9999.0,-9999.0,-9999.0,-9999.0,-9999.0,-9999.0,-9999.0,-9999.0,-9999.0,-9999.0,-9999.0,-9999.0,-9999.0,-9999.0,-9999.0,-9999.0,-9999.0,-9999.0,-9999.0,-9999.0,-9999.0,-9999.0,-9999.0,-9999.0,-9999.0,-9999.0,-9999.0,-9999.0,-9999.0,-9999.0,-9999.0,-9999.0,-9999.0,-9999.0,-9999.0,-9999.0,-9999.0,-9999.0,-9999.0,-9999.0,-9999.0,-9999.0,-9999.0,-9999.0,-9999.0,-9999.0,-9999.0,-9999.0,-9999.0,-9999.0,-9999.0,-9999.0,-9999.0,-9999.0,-9999.0,-9999.0,-9999.0,-9999.0,-9999.0,-9999.0,-9999.0,-9999.0,-9999.0,-9999.0,-9999.0,-9999.0,-9999.0,-9999.0,-9999.0,-9999.0,-9999.0,-9999.0,-9999.0,-9999.0,-9999.0,-9999.0
"-9999.0",-9999.0,-9999.0,-9999.0,-9999.0,-9999.0,-9999.0,-9999.0,-9999.0,-9999.0,-9999.0,-9999.0,-9999.0,-9999.0,-9999.0,-9999.0,-9999.0,-9999.0,-9999.0,-9999.0,-9999.0,-9999.0,-9999.0,-9999.0,-9999.0,-9999.0,-9999.0,-9999.0,-9999.0,-9999.0,-9999.0,-9999.0,-9999.0,-9999.0,-9999.0,-9999.0,-9999.0,-9999.0,-9999.0,-9999.0,195.1094,197.1836,199.0964,199.3236,200.734,201.7806,202.4196,205.6353,214.7494,228.7249,240.9203,245.4913,241.8134,235.7579,229.0154,221.2485,211.9713,201.2685,189.3508,176.4853,161.3604,147.7551,134.8132,123.3543,114.3384,108.7317,106.8555,108.1555,110.9818,114.776,118.1113,121.5966,125.4542,127.9449,132.5927,137.6807,143.1788,149.0158,155.0051,160.7313,165.4311,168.0357,166.8113,161.7383,151.845,138.237,123.9957,113.0732,105.3349,100.299,95.10219,89.74125,84.02798,78.16265,72.10416,67.78699,64.99725,64.49585,66.19643,68.95642,71.73428,73.91327,75.18385,75.5251,74.32626,72.62294,68.53006,63.5401,56.10719,45.72651,33.53799,17.67879,8.290931,17.69125,40.37526,62.14808,77.81884,89.45597,94.17128,93.43108,92.37033,98.01481,110.5359,124.4928,137.088,145.4017,149.2753,149.0385,147.6493,148.0555,148.7204,148.013,146.0869,144.4858,148.0746,152.9424,153.6008,150.8019,145.8703,139.6049,134.0017,130.2586,129.7533,130.1016,129.5905,133.6812,144.6701,162.33,183.6988,200.9544,203.454,189.735,173.0981,162.8836,159.7391,159.1443,158.1257,156.2157,154.0161,151.3832,147.4717,141.6897,134.1507,125.8403,118.1264,112.7802,109.527,107.6709,105.9407,105.7389,105.1873,103.6802,102.244,102.1761,103.6081,104.9781,105.852,108.0164,109.4727,113.4386,115.2407,116.7731,119.7343,122.3059,126.1791,128.4012,126.3696,120.5026,109.6925,95.3605,90.16198,106.7212,139.3535,175.7121,211.5477,240.2639,259.2891,263.1664,256.4168,246.2568,236.5906,226.6749,215.8517,200.4713,185.9762,180.1783,183.8143,-9999.0,196.7791,-9999.0,-9999.0,-9999.0,-9999.0,-9999.0,-9999.0,-9999.0,-9999.0,-9999.0,-9999.0,-9999.0,-9999.0,-9999.0,-9999.0,-9999.0,-9999.0,-9999.0,-9999.0,-9999.0,-9999.0,-9999.0,-9999.0,-9999.0,-9999.0,-9999.0,-9999.0,-9999.0,-9999.0,-9999.0,-9999.0,-9999.0,-9999.0,-9999.0,-9999.0,-9999.0,-9999.0,-9999.0,-9999.0,-9999.0,-9999.0,-9999.0,-9999.0,-9999.0,-9999.0,-9999.0,-9999.0,-9999.0,-9999.0,-9999.0,-9999.0,-9999.0,-9999.0,-9999.0,-9999.0,-9999.0,-9999.0,-9999.0,-9999.0,-9999.0,-9999.0,-9999.0,-9999.0,-9999.0,-9999.0,-9999.0,-9999.0,-9999.0,-9999.0,-9999.0,-9999.0,-9999.0,-9999.0,-9999.0,-9999.0,-9999.0,-9999.0,-9999.0,-9999.0,-9999.0,-9999.0,-9999.0,-9999.0,-9999.0,-9999.0,-9999.0,-9999.0,-9999.0,-9999.0,-9999.0,-9999.0
"-9999.0",-9999.0,-9999.0,-9999.0,-9999.0,-9999.0,-9999.0,-9999.0,-9999.0,-9999.0,-9999.0,-9999.0,-9999.0,-9999.0,-9999.0,-9999.0,-9999.0,-9999.0,-9999.0,-9999.0,-9999.0,-9999.0,-9999.0,-9999.0,-9999.0,-9999.0,-9999.0,-9999.0,-9999.0,-9999.0,-9999.0,-9999.0,-9999.0,-9999.0,-9999.0,-9999.0,-9999.0,-9999.0,-9999.0,-9999.0,194.3618,196.4801,198.4122,199.9048,199.8187,199.7595,198.8382,200.4251,211.1923,231.4505,250.3644,256.6859,248.7036,236.5027,226.5293,217.5162,208.4316,198.5523,187.7324,176.132,164.1037,150.3469,139.1495,129.4942,122.0675,116.7789,115.1132,115.1906,115.3933,116.7865,118.9334,121.5237,124.8628,127.0764,131.3451,136.0067,140.9934,146.2395,151.6393,157.0293,162.2393,167.0476,169.5303,165.4677,151.8295,132.427,115.3917,104.3977,98.65665,95.75784,92.33717,88.30031,83.79472,80.04602,75.72855,71.92225,69.6469,69.49409,70.32721,72.02142,73.93039,75.56743,76.60614,77.38282,76.0922,74.78056,71.96852,66.93378,60.52179,51.70125,42.58615,31.1451,25.98316,34.04784,51.59484,70.6498,84.55755,93.96334,95.86785,92.06421,89.02205,95.46244,110.3305,127.072,141.3627,151.672,155.6938,153.4928,151.251,150.8982,150.563,149.6467,146.9611,144.5537,150.9865,159.3239,158.6478,153.6744,147.7029,143.0047,137.7012,133.3533,131.2719,129.5122,127.8089,131.4103,142.2588,158.077,176.4315,190.0902,192.5375,183.3553,172.0266,164.2842,160.9458,159.4837,158.3641,156.5544,154.1721,150.9645,146.2301,139.4459,130.4058,120.1307,110.9528,105.7138,103.9761,103.9554,104.3657,106.0024,106.1959,105.0465,103.0134,102.9557,104.1886,104.8282,106.0787,108.2635,109.6295,113.2337,114.8487,116.1453,120.1221,120.7785,121.3744,126.5892,125.9518,121.579,111.1627,95.95408,89.40159,108.0929,143.4499,181.8376,220.7955,255.1702,278.7361,281.1263,268.1415,253.9217,243.7204,234.6399,224.3735,210.8787,195.573,187.4419,-9999.0,-9999.0,-9999.0,202.5135,205.5515,204.8131,199.8014,195.9051,190.5137,183.3388,173.9291,160.4452,142.1424,123.081,100.4427,75.55801,52.46154,37.81996,37.42256,49.85086,69.12231,90.52168,108.2616,122.8802,133.9448,-9999.0,-9999.0,-9999.0,-9999.0,-9999.0,-9999.0,-9999.0,-9999.0,-9999.0,-9999.0,-9999.0,-9999.0,-9999.0,-9999.0,-9999.0,-9999.0,-9999.0,-9999.0,-9999.0,-9999.0,-9999.0,-9999.0,-9999.0,-9999.0,-9999.0,-9999.0,-9999.0,-9999.0,-9999.0,-9999.0,-9999.0,-9999.0,-9999.0,-9999.0,-9999.0,-9999.0,-9999.0,-9999.0,-9999.0,-9999.0,-9999.0,-9999.0,-9999.0,-9999.0,-9999.0,-9999.0,-9999.0,-9999.0,-9999.0,-9999.0,-9999.0,-9999.0,-9999.0,-9999.0,-9999.0,-9999.0,-9999.0,-9999.0,-9999.0,-9999.0,-9999.0,-9999.0,-9999.0,-9999.0,-9999.0,-9999.0,-9999.0,-9999.0
"-9999.0",-9999.0,-9999.0,-9999.0,-9999.0,-9999.0,-9999.0,-9999.0,-9999.0,-9999.0,-9999.0,-9999.0,-9999.0,-9999.0,-9999.0,-9999.0,-9999.0,-9999.0,-9999.0,-9999.0,-9999.0,-9999.0,-9999.0,-9999.0,-9999.0,-9999.0,-9999.0,-9999.0,-9999.0,-9999.0,-9999.0,-9999.0,-9999.0,-9999.0,-9999.0,-9999.0,-9999.0,-9999.0,-9999.0,-9999.0,193.3449,195.5259,197.55,199.1569,199.1869,199.1663,197.9943,198.887,209.1831,230.1724,250.5331,257.5327,247.99,233.7135,222.6457,213.4706,204.8355,195.7718,185.9504,175.4607,164.6655,152.9633,142.1991,133.6428,126.903,121.5533,119.0976,117.6931,116.6112,116.9073,118.3975,120.7652,123.9816,126.0999,130.0393,134.2743,138.7632,143.5232,148.6427,154.3585,161.1687,169.3932,176.2071,172.4856,152.2087,124.9378,103.4324,93.27169,90.93382,90.84433,89.23277,86.28192,82.6767,79.93581,76.82384,74.1652,72.68287,72.86001,73.36503,74.49971,75.90024,77.22174,78.17556,79.13102,78.2634,77.5383,75.57964,71.70242,67.05764,60.9031,56.38924,50.22504,48.97729,55.43212,68.47389,82.84791,93.16355,99.94859,100.4012,96.83115,94.97976,101.3933,114.7605,129.9321,143.4645,153.5158,157.4018,154.7942,152.4116,152.5431,153.1381,153.391,152.313,152.5704,159.3892,167.0427,163.5751,156.5021,150.3275,144.0795,138.6192,134.3956,131.7911,130.0963,130.1139,133.2898,141.5517,153.2458,166.4019,175.446,178.2499,174.2124,168.6336,163.9733,161.5557,160.4789,159.2929,157.7433,155.565,152.4084,147.3895,139.6145,128.2021,114.8204,101.3132,95.79079,96.65202,98.78343,101.3824,105.4142,106.0115,104.7113,103.8179,103.4293,104.1815,105.1286,107.1183,108.544,109.7899,112.9943,114.394,115.3913,118.5719,118.5184,118.6901,123.5766,125.6053,126.6149,121.3927,113.3264,112.8939,129.3975,157.9567,189.7905,224.8259,258.805,283.8223,285.9424,271.0427,257.7486,251.1148,247.9581,239.3779,225.5526,212.107,204.4228,-9999.0,202.9487,204.8621,208.2374,208.3716,207.2751,202.2018,198.3829,193.1652,186.2321,177.1148,160.5392,146.162,126.7686,104.1343,78.37086,53.35384,38.07513,37.58053,51.1205,71.51347,93.29549,111.3478,125.0924,135.4731,143.3407,149.2192,153.1552,156.8843,160.1135,161.7278,162.049,159.928,156.3816,154.4889,159.0609,169.6809,178.6304,179.9361,178.6026,184.844,200.2542,217.3302,231.1052,236.8293,237.3648,-9999.0,-9999.0,-9999.0,-9999.0,-9999.0,-9999.0,-9999.0,-9999.0,-9999.0,-9999.0,-9999.0,-9999.0,-9999.0,-9999.0,-9999.0,-9999.0,-9999.0,-9999.0,-9999.0,-9999.0,-9999.0,-9999.0,-9999.0,-9999.0,-9999.0,-9999.0,-9999.0,-9999.0,-9999.0,-9999.0,-9999.0,-9999.0,-9999.0,-9999.0,-9999.0,-9999.0,-9999.0,-9999.0,-9999.0,-9999.0,-9999.0,-9999.0,-9999.0,-9999.0,-9999.0,-9999.0,-9999.0
"-9999.0",-9999.0,-9999.0,-9999.0,-9999.0,-9999.0,-9999.0,-9999.0,-9999.0,-9999.0,-9999.0,-9999.0,-9999.0,-9999.0,-9999.0,-9999.0,-9999.0,-9999.0,-9999.0,-9999.0,-9999.0,-9999.0,-9999.0,-9999.0,-9999.0,-9999.0,-9999.0,-9999.0,-9999.0,-9999.0,-9999.0,-9999.0,-9999.0,-9999.0,-9999.0,-9999.0,-9999.0,-9999.0,-9999.0,-9999.0,192.0064,194.2423,196.3918,198.2464,198.5737,199.4146,199.6804,201.7452,209.7674,223.6159,236.7892,241.3171,234.582,223.7445,215.1087,208.35,200.9272,192.7998,183.8942,174.4135,164.6187,153.8393,144.9021,136.0658,128.659,123.6982,120.0596,117.6337,116.0785,115.8074,117.0989,119.8366,123.1411,125.1981,128.7967,132.561,136.4956,140.6896,145.3502,150.8767,157.2112,166.017,172.7531,167.7695,144.7816,113.8628,90.73251,82.94922,84.46545,86.71979,86.18544,83.72433,80.53442,78.29372,75.92164,74.12547,73.42242,74.17979,74.90536,76.03939,77.3724,78.68166,79.75142,81.03034,80.71062,80.7104,80.44656,78.68145,74.6593,72.32351,71.0974,69.02793,70.39188,76.13257,86.10172,95.76157,104.0694,107.7827,108.2071,106.7094,107.1679,112.2675,121.6627,132.6276,142.5659,150.3807,153.3034,152.5671,152.4452,154.1305,156.582,159.4117,160.342,159.3694,160.964,164.4405,162.1147,156.0783,150.1873,143.7044,137.5237,132.1304,128.4015,127.5013,129.435,134.0537,141.2072,148.8707,159.6859,166.9205,167.9568,166.962,165.0787,163.6194,162.3535,161.8654,161.1771,159.9824,158.3379,156.024,151.8166,143.8804,129.8999,110.8133,91.22989,84.9507,89.33253,90.53096,92.73544,98.19314,101.2938,101.619,102.7086,103.1226,104.3547,105.4212,107.5089,108.8097,109.9027,109.9653,110.8885,115.8781,116.7561,115.3834,114.2083,117.9693,123.4124,130.3409,135.3241,136.7481,142.9283,156.2273,174.995,196.2806,222.0413,249.4203,268.3224,271.077,263.9451,259.4705,261.1534,262.3573,254.5475,240.871,228.0038,219.6027,-9999.0,210.2954,213.1834,214.5364,211.5265,211.9626,205.0092,201.3322,196.3918,189.8755,181.3567,165.8655,152.6365,135.7,113.8962,89.38056,68.05848,54.18936,53.18193,64.86232,82.59173,100.7931,117.4598,129.2789,136.8529,144.7947,149.7983,153.22,156.6064,159.736,161.5667,162.3481,160.9645,158.3651,157.3794,161.9825,171.6261,179.8069,181.3348,180.8631,188.9319,207.937,230.4201,245.8557,250.1927,246.7831,241.7244,236.8408,231.9814,227.346,226.2043,222.7225,219.6678,217.0359,215.4736,213.904,213.0355,214.8415,215.0973,216.923,217.8627,218.2754,223.4247,224.4282,225.8598,225.7757,225.8163,225.8957,224.3801,-9999.0,-9999.0,-9999.0,-9999.0,-9999.0,-9999.0,-9999.0,-9999.0,-9999.0,-9999.0,-9999.0,-9999.0,-9999.0,-9999.0,-9999.0,-9999.0,-9999.0,-9999.0,-9999.0,-9999.0,-9999.0,-9999.0,-9999.0,-9999.0
"-9999.0",-9999.0,-9999.0,-9999.0,-9999.0,-9999.0,-9999.0,-9999.0,-9999.0,-9999.0,-9999.0,-9999.0,-9999.0,-9999.0,-9999.0,-9999.0,-9999.0,-9999.0,-9999.0,-9999.0,-9999.0,-9999.0,-9999.0,-9999.0,-9999.0,-9999.0,-9999.0,-9999.0,-9999.0,-9999.0,-9999.0,-9999.0,-9999.0,-9999.0,-9999.0,-9999.0,-9999.0,-9999.0,-9999.0,-9999.0,190.3004,192.5482,194.7888,196.8801,198.6565,199.1307,200.7588,203.4952,208.704,215.4234,220.0174,219.2028,214.4905,210.2222,206.6851,202.8029,196.888,189.6769,181.5237,172.8168,163.9442,153.8888,145.688,138.3074,129.9831,124.7696,120.5505,117.4436,115.3908,115.2338,116.6448,119.6468,122.7402,124.5478,127.7155,130.9263,134.206,137.6505,141.4393,144.6639,150.2023,155.8162,157.8183,150.3709,130.7189,105.1427,85.9406,80.08016,82.26247,84.21983,83.2475,80.56787,78.01832,75.12038,73.07233,72.74184,72.11362,73.69269,75.08423,76.66403,78.29812,79.86562,81.23871,82.08183,83.29199,84.08821,85.14,84.82529,83.93888,83.98388,85.24967,85.71968,88.09979,93.52502,101.6331,108.799,114.8733,117.4554,118.149,118.002,118.8275,122.0952,128.2928,135.1792,141.3507,146.6705,148.9259,150.0315,152.2645,155.5317,159.9555,165.9406,169.1569,164.7966,160.94,160.3077,158.2372,153.8929,148.7674,142.1243,134.708,126.7925,119.6957,117.1602,120.9314,129.1421,137.9284,146.9632,154.449,160.7319,161.6042,162.2684,162.8994,163.0559,163.3402,163.8992,163.6576,162.7602,162.0947,162.4576,160.5551,155.8134,140.2558,115.4746,91.30494,83.60912,86.01157,78.92365,74.17285,82.13628,91.85267,97.22431,101.1268,103.8947,104.7245,106.586,107.9189,109.0238,108.9976,109.9865,110.8117,115.0247,115.1739,112.155,108.6486,110.4402,119.5902,132.3001,144.8533,154.6143,165.4652,178.4453,189.6744,201.0483,216.8982,235.4825,248.5043,254.4753,255.249,263.1558,276.3275,279.9462,269.2449,252.5634,238.7194,-9999.0,-9999.0,-9999.0,219.3723,218.3838,216.6001,215.0081,208.1858,204.7141,200.1117,194.1029,183.5024,171.9624,160.7511,146.4117,125.7456,108.1039,91.6097,80.91606,79.13323,87.02847,99.56433,113.4246,124.1548,133.5787,140.302,145.1944,149.372,153.0976,156.0465,158.5759,161.3166,162.65,163.2303,162.8441,163.787,168.0003,175.3435,182.4057,186.0219,189.783,200.9705,220.7107,245.538,265.8549,267.5986,255.8208,247.3491,241.1217,234.7108,228.7546,226.3583,222.2889,218.6749,215.4354,213.2564,211.5281,210.8595,212.7198,214.215,215.0128,216.2236,220.3047,222.3588,222.9973,224.5733,225.2847,225.9163,225.7694,225.4781,223.3496,221.395,220.3601,219.6794,219.6032,220.4728,222.8247,229.5611,234.7221,240.0997,247.4582,257.0069,268.2047,274.7724,268.8662,255.2741,242.6118,232.5089,225.3772,223.8353,229.0815,-9999.0,-9999.0,-9999.0
"-9999.0",-9999.0,-9999.0,-9999.0,-9999.0,-9999.0,-9999.0,-9999.0,-9999.0,-9999.0,-9999.0,-9999.0,-9999.0,-9999.0,-9999.0,-9999.0,-9999.0,-9999.0,-9999.0,-9999.0,-9999.0,-9999.0,-9999.0,-9999.0,-9999.0,-9999.0,-9999.0,-9999.0,-9999.0,-9999.0,-9999.0,-9999.0,-9999.0,-9999.0,-9999.0,-9999.0,-9999.0,-9999.0,-9999.0,-9999.0,188.2049,190.3958,192.6414,194.847,196.9166,197.4572,199.6177,202.1526,205.2113,207.7282,207.5241,203.7915,200.5043,200.5375,200.1879,198.0667,193.0728,186.4352,178.8086,170.7048,162.531,154.6072,145.6856,138.8824,130.7986,125.7508,121.5637,118.5232,116.3502,116.1936,117.4178,120.2335,121.8716,124.2017,126.8279,129.4146,131.9695,134.5375,135.5134,138.6059,140.3455,142.5606,141.3871,133.1011,118.7492,101.6252,88.62199,83.37794,82.65692,81.9537,79.64754,76.59415,73.79402,70.60621,68.87246,68.63408,70.01898,72.2356,74.3089,76.62064,78.78629,80.78927,82.14003,84.12122,85.88345,88.39612,89.83569,90.83131,91.55334,93.56678,96.89552,98.9779,102.6064,107.2486,114.08,121.6345,124.6573,126.6103,127.5243,127.9802,128.7002,130.4402,133.4361,137.3074,141.3783,144.9617,146.4724,148.5947,152.8509,155.946,160.9996,167.5096,170.9221,166.4224,160.8858,158.2542,155.8062,151.907,146.3766,140.172,131.4501,120.4881,108.7863,103.4363,110.339,122.1837,133.936,143.8332,151.0554,157.1245,159.0166,161.4637,161.8993,163.3784,164.8266,165.7455,165.4983,165.4362,166.5819,169.8015,175.2228,174.7476,160.259,132.1205,106.4201,93.18175,82.39569,58.93596,47.79097,63.59444,83.20688,93.56318,100.2314,104.2202,105.5139,107.3195,108.3507,109.145,109.0459,109.8448,110.6368,113.737,114.6224,111.0877,106.433,107.2832,118.4648,134.897,150.3967,167.4982,183.1876,196.9026,202.9567,205.8573,213.3544,225.6283,235.2707,243.275,249.9065,265.0773,284.0117,289.8168,275.8999,257.0956,243.3032,-9999.0,230.8189,229.0044,223.0685,222.0168,219.7752,218.1836,211.7208,208.4952,204.2265,195.9592,189.107,178.7936,168.432,154.397,140.9504,127.7779,116.4859,108.0931,106.6542,110.647,117.9791,126.5738,133.7795,139.5029,143.8648,146.9947,149.7699,152.5392,154.9427,157.3618,160.5029,162.8397,164.6959,166.8142,169.2239,173.6045,180.0791,185.7632,191.1286,199.1543,210.0217,227.8351,253.1889,279.7778,280.7012,258.3832,251.3127,244.9104,236.5957,230.6638,226.0183,221.6536,217.4956,213.3156,210.8285,208.2511,209.5933,211.302,212.2019,213.1199,215.7647,218.6603,221.4189,222.8413,225.422,225.7258,226.3398,225.9383,225.0769,222.1287,218.9398,216.2631,213.9597,213.1627,214.4455,218.8818,225.4498,231.1827,236.3568,242.5134,249.5994,257.2049,261.2954,257.367,248.0116,238.3986,229.0333,220.369,217.9903,226.4924,239.6467,250.2542,253.8005
"-9999.0",-9999.0,-9999.0,-9999.0,-9999.0,-9999.0,-9999.0,-9999.0,-9999.0,-9999.0,-9999.0,-9999.0,-9999.0,-9999.0,-9999.0,-9999.0,-9999.0,-9999.0,-9999.0,-9999.0,-9999.0,-9999.0,-9999.0,-9999.0,-9999.0,-9999.0,-9999.0,-9999.0,-9999.0,-9999.0,-9999.0,-9999.0,-9999.0,-9999.0,-9999.0,-9999.0,-9999.0,-9999.0,-9999.0,-9999.0,185.7312,187.7901,189.9424,192.1186,194.2461,196.2895,196.6648,198.8202,200.7677,201.7932,200.8952,198.3148,196.7631,197.2664,196.9274,195.0219,189.4664,182.9603,175.6277,167.9814,160.4065,153.1816,146.485,138.8577,131.2541,126.7641,123.0906,120.3481,118.3805,118.207,119.2143,119.52,121.4368,124.4579,126.0969,128.0542,126.9682,129.0425,129.2212,131.1208,132.2924,131.9493,128.8635,120.9057,110.4574,98.82861,89.4087,83.37299,79.54375,76.91316,74.30423,71.78783,69.13875,65.41766,63.04255,63.31646,66.15121,69.91241,73.16772,76.28799,79.04134,81.536,83.55133,86.06896,89.81802,91.96799,94.35567,96.47018,98.46276,101.8775,106.2848,109.2158,113.1246,117.8713,125.1715,129.2994,131.4387,132.9387,134.5224,136.0336,136.7442,137.3465,138.5362,140.4038,141.7684,146.3149,148.1908,152.0449,152.2345,154.9519,159.0002,163.4569,165.3185,162.67,159.0575,157.0235,153.8797,152.1347,147.4034,141.4735,129.8989,119.6626,105.8025,99.12408,106.3857,120.7648,131.9607,142.1891,150.2659,155.2413,160.1294,162.7448,162.2766,163.4901,165.1209,165.9469,166.0445,167.0141,170.2599,176.7079,188.0225,194.9829,181.3825,151.8484,123.3841,102.8735,81.89514,53.42451,41.71333,59.65632,81.405,95.52942,102.1206,106.521,106.7376,107.844,108.7974,109.1444,108.8889,109.4374,110.2656,113.5902,113.562,114.1419,111.1937,113.6914,124.3783,139.3603,156.142,174.7225,196.2552,212.4762,215.4131,210.6423,212.5587,219.8621,227.2957,235.5788,245.5219,260.5313,274.5222,279.2516,268.0443,253.2775,243.8134,-9999.0,232.5927,231.0401,226.0865,224.911,222.9375,221.5302,215.6568,212.6777,206.19,201.0195,194.6829,187.792,174.3458,165.0672,154.6866,145.2701,136.4646,131.4967,129.8685,131.2196,135.1904,138.8587,142.3581,144.2904,147.0355,148.3332,149.579,151.2297,152.9575,155.1904,158.6609,161.9137,165.1438,168.887,172.4694,177.0927,183.2176,190.4784,195.9303,202.8705,211.6833,224.4176,242.8221,262.9515,263.9057,254.155,254.7314,246.6421,236.4719,229.4859,225.417,221.3882,216.6931,211.4118,206.0317,204.524,206.0314,209.1667,210.8457,211.6032,213.8526,217.2675,220.8322,223.0673,226.022,226.5997,227.2047,226.5534,226.1299,222.6598,216.4663,213.3587,207.0046,204.4885,207.1284,212.9031,221.0026,227.5163,232.4346,237.1335,241.2811,245.0114,247.0506,245.2444,240.9155,235.4297,229.3228,223.0004,221.5076,229.9136,244.6935,257.3128,-9999.0
"-9999.0",-9999.0,-9999.0,-9999.0,-9999.0,-9999.0,-9999.0,-9999.0,-9999.0,-9999.0,-9999.0,-9999.0,-9999.0,-9999.0,-9999.0,-9999.0,-9999.0,-9999.0,-9999.0,-9999.0,-9999.0,-9999.0,-9999.0,-9999.0,-9999.0,-9999.0,-9999.0,-9999.0,-9999.0,-9999.0,-9999.0,-9999.0,-9999.0,-9999.0,-9999.0,-9999.0,-9999.0,-9999.0,-9999.0,-9999.0,182.9231,184.7846,186.7619,188.7998,190.8341,192.81,192.6607,194.5945,196.2318,197.2703,197.4383,197.0066,196.7112,196.2672,194.4463,190.5382,186.4534,178.9658,171.796,164.5105,157.4572,150.8856,144.9464,138.0655,131.0992,127.3804,124.4356,121.4508,120.38,120.2101,120.8881,120.2076,121.6347,124.3052,125.9254,123.4782,122.6575,124.352,125.7417,126.5752,126.4679,124.8547,120.7499,114.3072,105.3275,94.18258,84.34165,75.9192,69.72733,66.91035,66.63706,66.69301,65.12421,61.07395,57.72747,58.40824,62.85692,68.14381,72.71064,76.0923,79.29543,82.21644,84.86443,87.91023,92.83536,95.38766,98.61754,101.6641,106.0569,109.0083,114.2006,117.4632,121.2149,125.2696,130.987,133.0809,132.8708,133.8819,139.2984,143.2169,143.9122,143.4011,143.2281,145.4963,146.2794,147.237,151.5341,151.4433,150.9334,152.9813,155.6405,157.9211,158.889,158.5851,156.0649,153.7994,152.2961,151.5628,147.4172,141.5321,134.0625,123.6491,112.8672,108.2134,113.1663,124.7539,136.266,145.9332,153.9953,157.6228,161.7733,163.2079,163.1051,163.2912,165.0025,166.0145,167.6645,170.5878,175.1833,180.974,190.8015,198.3274,186.624,161.3972,135.3155,113.1904,92.66038,72.46908,64.66767,74.18987,89.15557,99.04836,105.5002,108.8402,108.9488,108.2584,109.2411,108.81,108.4728,108.6103,110.0348,113.232,113.5325,117.391,117.5392,122.1288,130.89,143.2534,159.1357,178.0496,200.6609,218.387,220.1933,212.0473,211.1264,216.229,221.8865,228.9986,238.2457,248.6107,256.885,258.3193,252.8921,246.272,240.401,235.9971,232.8139,231.9384,231.3522,227.812,226.3483,225.175,218.0791,215.2973,211.2721,206.0597,199.915,193.6299,181.7132,174.0501,165.8459,156.9767,152.7121,148.6992,147.1216,147.6272,148.5161,149.0995,149.3185,147.5799,149.4809,148.9184,147.7299,148.8087,149.696,151.686,155.4579,159.5902,164.024,168.5544,173.6612,178.7915,187.997,192.8452,197.4859,202.329,207.3481,212.3539,218.5077,227.6374,236.9586,245.371,248.5027,241.754,233.3567,228.7758,225.1186,222.85,218.0397,207.8526,198.0506,195.2917,200.8802,207.3291,210.5711,210.9103,212.7139,216.6572,220.6241,223.9066,226.9836,227.6998,228.6331,227.7877,226.3529,222.5035,216.4885,208.4726,199.2259,194.2535,198.0545,207.5984,217.0371,224.3312,229.1957,233.1042,235.5071,237.0943,238.3207,237.7413,235.8056,233.1817,230.84,229.2533,230.1831,236.3397,247.0166,257.4106,-9999.0
"-9999.0",-9999.0,-9999.0,-9999.0,-9999.0,-9999.0,-9999.0,-9999.0,-9999.0,-9999.0,-9999.0,-9999.0,-9999.0,-9999.0,-9999.0,-9999.0,-9999.0,-9999.0,-9999.0,-9999.0,-9999.0,-9999.0,-9999.0,-9999.0,-9999.0,-9999.0,-9999.0,-9999.0,-9999.0,-9999.0,-9999.0,-9999.0,-9999.0,-9999.0,-9999.0,-9999.0,-9999.0,-9999.0,-9999.0,-9999.0,179.8475,181.4635,183.2108,185.0454,186.9102,188.7462,188.0743,189.9047,191.5385,192.8882,193.8868,194.506,194.5328,193.3612,190.4427,185.9992,180.0801,174.8351,167.1287,160.1446,153.5328,147.54,142.316,137.9091,132.7715,127.0647,124.899,122.2417,121.5405,121.4573,119.6966,120.4801,121.5612,124.0472,122.1513,119.6181,121.0881,122.4076,123.4067,123.8551,123.4216,121.267,117.5905,111.2833,101.9683,89.99706,75.34367,61.76939,52.58378,51.93108,56.7757,61.42683,62.43409,59.62426,56.02164,56.85545,62.2027,68.13206,72.90248,76.35719,79.71855,82.90166,86.11761,90.68253,95.66798,99.68822,103.5135,106.4349,112.8697,117.6339,120.8263,124.1385,127.5129,132.2469,134.7412,135.1478,132.8167,134.0909,146.7106,152.558,150.6734,148.305,147.4116,148.5372,148.355,150.809,150.6729,150.8276,149.3073,150.4646,151.9672,153.0485,154.3339,155.1085,153.5914,151.6012,153.386,151.6491,148.4249,143.8416,138.1896,130.7177,123.901,121.8311,124.6956,132.7676,141.211,148.9657,155.8781,158.6519,159.6941,163.3875,165.8671,165.1935,165.2035,168.2678,170.8076,175.1565,180.2391,183.4349,186.301,186.6137,178.5825,161.1053,142.4652,125.3023,109.0221,96.83611,91.98131,95.79657,101.9621,106.6516,110.1084,111.7228,110.3519,110.1752,109.7656,109.5826,107.5523,107.0497,108.8105,110.6933,115.8089,118.5797,119.7537,125.5717,131.7614,142.6275,157.8923,175.6037,194.6358,207.6453,211.6171,209.2081,208.6487,213.4611,217.8206,223.2651,229.9496,235.2543,241.7587,242.8366,242.5448,240.3968,238.0578,234.9733,232.4448,232.4362,232.5841,231.4335,230.4042,227.709,223.6846,221.0889,216.6662,210.8941,204.5257,198.4905,187.747,181.143,172.3185,167.1965,163.3964,161.2958,159.9813,159.743,158.6174,157.3589,155.3055,154.3186,151.4844,148.6116,145.7051,144.9272,144.7485,146.5348,149.9987,155.9344,161.5759,167.3019,176.9927,182.7047,187.8686,193.3859,197.1035,199.9106,200.7298,197.4578,189.3723,186.7482,204.1879,224.2782,232.8923,232.5902,229.1031,227.2347,225.7258,226.4962,221.0744,203.0916,184.7912,182.0491,192.461,204.2382,209.9964,210.9266,213.1003,217.4488,221.9471,226.2412,229.021,229.9321,230.4626,230.8636,228.1468,223.8104,216.2116,206.5334,194.1461,187.2542,192.4558,204.2723,214.6878,222.0172,226.6678,230.8995,233.2793,233.9404,234.3882,233.6225,231.7766,229.7837,229.6149,231.4694,235.2942,240.2108,246.199,251.8342,-9999.0
"-9999.0",-9999.0,-9999.0,-9999.0,-9999.0,-9999.0,-9999.0,-9999.0,-9999.0,-9999.0,-9999.0,-9999.0,-9999.0,-9999.0,-9999.0,-9999.0,-9999.0,-9999.0,-9999.0,-9999.0,-9999.0,-9999.0,-9999.0,-9999.0,-9999.0,-9999.0,-9999.0,-9999.0,-9999.0,-9999.0,-9999.0,-9999.0,-9999.0,-9999.0,-9999.0,-9999.0,-9999.0,-9999.0,-9999.0,-9999.0,176.5852,177.9263,179.414,181.014,182.6754,184.3397,185.9514,184.8577,186.4409,187.8526,189.0056,189.6904,189.4876,187.8801,184.5982,179.3193,173.8748,169.2136,162.3633,154.7653,148.4772,142.9357,138.3223,134.6947,130.4375,127.4964,124.0606,121.7985,121.5413,121.6797,120.6026,120.2145,121.1286,124.4442,121.5711,118.5969,119.9422,121.2098,122.299,123.0696,122.852,122.1372,119.4868,113.5654,103.038,87.45962,67.30218,45.62809,32.09346,33.96596,46.10375,57.21431,62.18386,61.86869,59.65731,60.81673,65.46555,70.36086,74.19714,78.60051,80.3849,83.96628,87.74513,93.6685,98.432,103.079,107.5585,114.045,118.0816,124.7918,126.6189,129.9124,133.9025,136.157,138.8326,138.9719,139.3709,145.8714,160.7128,161.9847,156.2613,153.0377,151.302,151.2998,152.8964,151.6569,150.5681,149.8403,149.6289,147.8802,148.6019,151.8423,152.9701,151.7151,150.8512,153.8504,152.7552,153.2207,150.2263,147.8031,143.713,139.0153,134.952,134.6052,136.2021,141.8498,147.5816,153.3102,158.3731,160.8309,164.2817,165.0945,166.8853,165.7396,169.4572,171.9786,174.3791,180.4494,187.865,190.8392,187.3019,181.6597,172.9559,160.4208,147.5121,134.3338,124.3152,117.4631,114.5021,115.4252,116.5841,116.1321,115.9935,114.0291,112.3758,110.6628,109.6203,109.3807,104.3345,104.8095,107.6146,112.2076,115.3642,115.9046,117.8566,119.8422,123.7758,135.1082,152.4952,171.1667,187.7054,196.1258,201.1433,203.0481,206.049,209.1799,214.8726,219.8021,222.9209,225.8654,231.2865,234.1394,238.2695,240.5963,238.8801,234.5204,232.3815,232.4213,235.5581,237.5428,236.8131,232.5005,231.9925,227.9865,222.3024,215.1526,208.0677,199.9335,193.9493,186.6253,178.6837,174.3652,171.4242,170.1813,169.5058,169.1683,167.1111,164.1368,160.1838,157.3727,152.6769,147.97,143.9528,140.0964,137.8355,139.4769,144.3598,150.5992,158.3106,169.277,175.7885,182.3004,187.8203,193.2833,196.304,197.6735,195.737,187.5405,169.9726,157.992,179.6765,207.0615,221.1603,226.1956,227.4629,226.7884,225.7244,226.7533,220.4846,198.075,173.8674,171.2356,186.2499,200.3379,208.0194,212.3382,215.6041,219.5473,224.5181,229.4642,232.9179,233.9364,233.3827,233.7341,231.0363,226.9245,222.8131,210.9442,198.2036,191.5172,196.2406,206.4947,213.8991,219.3549,224.2907,229.1946,233.1039,233.7776,233.0954,231.2139,227.6951,223.4148,223.4891,229.7664,237.9982,244.0458,247.1695,248.746,-9999.0
"-9999.0",-9999.0,-9999.0,-9999.0,-9999.0,-9999.0,-9999.0,-9999.0,-9999.0,-9999.0,-9999.0,-9999.0,-9999.0,-9999.0,-9999.0,-9999.0,-9999.0,-9999.0,-9999.0,-9999.0,-9999.0,-9999.0,-9999.0,-9999.0,-9999.0,-9999.0,-9999.0,-9999.0,-9999.0,-9999.0,-9999.0,-9999.0,-9999.0,-9999.0,-9999.0,-9999.0,-9999.0,-9999.0,-9999.0,175.7,173.2226,174.2766,175.498,176.8597,178.311,179.788,181.2272,179.5851,180.9609,182.1454,183.0138,183.3228,182.7052,180.7952,177.4254,172.1188,166.2487,160.4962,155.9921,149.2818,142.1687,136.8768,132.7077,129.7602,127.1435,126.2765,124.0993,119.636,119.9855,119.0686,119.8536,120.7939,116.9493,113.7212,115.2257,116.8353,119.1689,120.6572,122.2441,123.4544,125.3823,126.9554,126.8661,122.5017,110.9137,91.12581,64.64194,37.09143,20.19137,23.61575,39.6701,54.51089,62.51456,65.35623,66.0776,68.14874,71.80763,74.672,77.25774,78.53686,83.4105,87.7393,90.27469,95.87462,101.1738,106.386,111.4394,118.4123,122.9404,129.6661,131.9668,136.5001,139.082,141.1053,143.7835,144.6394,147.2163,153.6689,162.2421,162.6881,158.6161,156.2845,155.1744,156.468,154.3863,151.9545,150.1938,148.4196,147.4201,146.8444,147.424,148.6252,150.0944,149.4788,152.7596,152.6932,152.5396,152.1391,152.1128,150.7268,149.5691,147.0058,144.7692,143.7423,146.5615,150.7424,154.4485,158.4131,162.1009,163.7063,166.2719,171.4297,168.2337,172.0986,170.7844,173.8987,178.3291,184.386,191.8541,195.504,190.382,181.6464,171.9267,162.9857,150.962,142.8866,137.0584,133.8121,133.2361,133.2242,131.9875,128.2597,122.5363,117.9469,114.5029,111.6308,109.3103,107.1674,103.8406,104.756,107.5692,112.223,114.0661,114.5151,112.5345,105.3548,105.1402,119.7372,143.9232,167.8371,187.1881,195.5764,197.8044,200.6642,204.7412,207.8592,212.9042,216.1754,217.1042,217.818,223.0844,227.547,236.1657,242.3735,239.5006,232.9656,229.9601,232.4879,239.9287,245.6294,241.8677,237.3061,238.5162,235.9858,227.2578,217.9262,208.9151,202.7033,195.9983,190.6408,183.3359,179.3185,176.8214,176.2086,177.4086,177.2057,176.1151,171.6118,165.1447,159.5131,153.866,146.91,140.2516,133.4463,129.6506,131.7132,138.6323,146.4221,158.5469,166.6543,174.2245,181.4844,189.3686,193.1061,195.902,196.8984,194.8392,187.7069,174.1917,166.5036,182.1855,203.9848,218.1599,226.8025,228.9168,228.4715,225.3809,222.6597,214.964,198.6135,182.3426,179.4845,189.1763,199.4734,206.9844,212.4667,217.0849,223.1266,228.6511,233.2132,236.5549,237.4966,238.1885,237.1875,234.8571,233.1312,228.8804,219.9866,209.9243,205.5146,207.2899,210.7725,212.5448,214.3313,218.4679,224.9181,230.6898,232.404,231.6127,229.6351,224.1557,214.5707,212.6386,226.5249,241.8799,251.5873,252.1477,249.6149,-9999.0
"-9999.0",-9999.0,-9999.0,-9999.0,-9999.0,-9999.0,-9999.0,-9999.0,-9999.0,-9999.0,-9999.0,-9999.0,-9999.0,-9999.0,-9999.0,-9999.0,-9999.0,-9999.0,-9999.0,-9999.0,-9999.0,-9999.0,-9999.0,-9999.0,-9999.0,-9999.0,-9999.0,-9999.0,-9999.0,-9999.0,-9999.0,-9999.0,-9999.0,-9999.0,-9999.0,-9999.0,-9999.0,-9999.0,-9999.0,172.5552,172.9886,173.6417,171.5865,172.7345,174.0003,175.3007,176.5507,174.3558,175.4013,176.188,176.5875,176.3924,175.3326,173.1578,169.7429,164.4315,158.7461,152.3204,146.4305,142.0071,135.5744,129.2378,125.2828,122.9055,121.2223,121.4758,120.4146,116.8666,117.9251,117.3604,118.5038,119.6639,115.8232,112.5819,114.1928,115.926,118.6344,120.4986,122.1916,125.3661,129.4784,134.3963,138.5137,137.4797,125.821,102.5239,72.33204,43.79327,27.75884,29.69193,42.92758,56.04352,64.42386,68.93072,71.3941,73.83817,75.66125,76.48367,77.5522,79.48308,84.38055,89.03842,94.39366,98.16968,103.9558,109.6646,115.214,121.3724,126.6796,133.4171,140.4787,141.7502,144.5533,148.7155,149.7335,150.4256,152.3163,155.2752,158.6402,159.6037,159.7912,160.4898,162.5682,160.4058,156.8522,152.6884,148.8596,145.9105,145.9541,144.5387,145.2761,148.594,150.9317,151.3905,150.6749,151.2567,152.151,153.1133,154.5306,154.8357,155.53,154.6264,154.6641,154.336,154.8273,158.1192,160.3672,163.9834,167.4863,171.0641,170.2173,173.8555,172.7647,173.7903,171.7196,174.8491,178.9177,183.8268,189.3006,192.1688,188.805,181.4035,174.4325,167.9328,156.4226,151.2972,147.1011,147.0966,149.0088,149.5209,145.9068,139.5837,130.6447,122.3331,117.1851,113.3527,110.4819,107.9636,106.5293,107.9343,111.9189,115.98,117.4321,114.5784,106.0563,89.11359,81.11804,101.8619,135.1716,164.5231,187.4355,197.4282,197.9033,202.3536,207.7399,210.085,211.4718,212.6721,212.133,211.6499,210.8936,215.5387,226.7598,234.3065,232.8845,227.2551,225.5993,229.8179,240.4926,250.6222,244.4751,237.6659,242.5873,240.2488,227.3167,216.3446,209.4771,204.3164,198.639,193.857,186.9177,182.716,180.179,180.3863,183.4279,184.8222,182.378,175.9505,169.0354,161.7757,154.7834,146.4781,137.545,128.1546,122.0255,125.8603,135.5433,143.6498,155.3874,164.2666,172.7289,182.9285,189.1715,193.5066,196.1638,197.5874,197.0174,194.0308,189.4258,188.6363,197.1532,210.399,223.8558,233.2617,237.7701,234.8236,228.5037,221.3046,213.0379,202.9307,193.6506,190.7874,193.9772,201.4982,207.7607,214.5779,220.5839,229.2899,233.3505,237.7636,240.8492,241.5975,241.8718,240.6179,238.4763,237.422,235.1067,229.323,223.1114,218.1185,216.1331,213.9236,208.2627,203.9424,207.0279,216.8771,225.6447,229.7415,230.5254,229.6929,225.1253,215.1249,212.9972,229.0426,246.6271,258.7407,256.6323,250.9787,-9999.0
"-9999.0",-9999.0,-9999.0,-9999.0,-9999.0,-9999.0,-9999.0,-9999.0,-9999.0,-9999.0,-9999.0,-9999.0,-9999.0,-9999.0,-9999.0,-9999.0,-9999.0,-9999.0,-9999.0,-9999.0,-9999.0,-9999.0,-9999.0,-9999.0,-9999.0,-9999.0,-9999.0,-9999.0,-9999.0,-9999.0,-9999.0,-9999.0,-9999.0,-9999.0,-9999.0,-9999.0,-9999.0,-9999.0,-9999.0,170.1129,170.23,170.6235,171.1412,172.1105,169.9316,171.111,172.1991,173.0971,170.2033,170.5262,170.4023,169.6804,168.1756,165.7151,161.437,156.8007,151.193,144.7753,137.7861,132.6449,126.9709,121.0093,114.7341,112.7319,113.5156,115.0919,117.4395,113.2359,113.3404,115.1235,116.7253,118.1982,114.5387,111.398,113.1497,115.0412,117.1758,119.6377,122.7993,127.1235,133.1713,141.139,149.3388,151.9546,141.1946,116.682,86.81116,61.79448,47.46428,46.63022,53.78123,61.38157,68.12883,72.18678,74.63121,76.22486,76.763,76.93309,78.06223,80.72176,86.43569,89.06087,96.46236,102.6132,106.8473,112.966,118.9238,125.4198,133.6584,138.1682,144.2687,147.8817,153.028,155.1682,156.5297,158.0728,157.3671,157.7,158.5265,160.2711,162.3416,166.0296,169.199,166.2919,159.8493,153.3238,147.6533,143.3955,141.2275,141.724,142.2731,147.7705,148.7657,148.791,148.692,148.9327,151.0878,153.7941,156.3825,159.2036,160.8051,161.4359,163.4058,163.4909,163.7043,164.3156,167.3751,169.8184,174.049,176.2596,174.6431,179.3183,180.8508,181.9369,176.6605,175.0468,181.0112,183.9006,186.4337,187.0255,184.9454,179.7249,175.0747,169.2534,164.3554,158.5187,157.0996,156.8301,161.0116,162.9681,157.9029,148.5916,139.153,126.6979,120.2602,115.2218,111.744,108.8536,107.2734,108.6959,113.2471,117.612,119.3202,116.47,105.9171,87.89688,78.32475,99.62535,132.868,160.352,181.9371,194.2175,199.8262,210.3777,217.5583,216.3623,213.3633,212.7802,208.3561,202.7728,196.5507,199.7227,212.5339,220.9447,221.323,218.4551,217.6486,220.0854,229.8771,238.1706,235.1983,232.1512,235.0517,232.1264,220.4115,212.485,208.3366,205.224,201.0888,197.0,190.1657,185.1702,181.7694,182.6455,187.2929,191.2573,186.7363,177.8196,170.0274,162.9481,156.2399,148.2247,138.9686,129.6529,123.4638,128.1794,136.7927,145.2595,153.5397,162.517,171.6853,179.8975,189.2386,193.9289,196.9213,198.9227,199.7314,199.8648,200.8797,203.0185,208.6995,217.7767,232.0343,247.1297,254.6433,248.1284,235.8075,224.0066,213.0714,203.3084,194.1024,188.6941,191.0106,198.8679,208.3496,217.3352,225.6681,232.7543,238.8164,243.0012,245.7157,246.0453,245.5907,243.384,241.8791,239.4083,238.3692,235.6909,232.0335,227.2164,221.6932,214.4474,202.5164,189.5156,191.5318,208.8255,222.1484,228.1264,230.8554,231.7719,230.8223,230.245,233.1123,238.2591,246.0546,254.1725,253.7383,249.6958,-9999.0
"-9999.0",-9999.0,-9999.0,-9999.0,-9999.0,-9999.0,-9999.0,-9999.0,-9999.0,-9999.0,-9999.0,-9999.0,-9999.0,-9999.0,-9999.0,-9999.0,-9999.0,-9999.0,-9999.0,-9999.0,-9999.0,-9999.0,-9999.0,-9999.0,-9999.0,-9999.0,-9999.0,-9999.0,-9999.0,-9999.0,-9999.0,-9999.0,-9999.0,-9999.0,-9999.0,-9999.0,-9999.0,-9999.0,-9999.0,166.8698,166.6447,166.763,167.317,168.2925,169.364,170.6258,168.4682,169.1861,165.8237,165.6713,165.0013,163.7254,161.7339,158.9164,154.3265,149.6134,143.9706,137.4452,130.1563,124.3801,116.5121,109.6963,104.2383,102.7933,103.2868,106.1621,109.8127,109.0962,108.3192,110.7293,112.4033,114.306,113.1542,110.1782,112.0644,114.09,115.4928,118.5002,122.8066,127.6398,134.4121,143.2973,152.4527,155.9152,146.3897,124.6203,99.22277,78.97742,66.41333,63.19881,65.2126,69.37622,72.29707,75.10347,76.5945,77.0931,76.96378,77.28856,78.84235,81.91899,86.89746,92.35855,100.0622,103.7727,109.9085,116.325,123.4285,129.3005,137.7676,144.6378,148.9931,153.2779,159.1189,162.3466,164.5979,165.4945,164.0625,162.0501,161.7616,162.2278,165.2753,171.8706,175.1925,171.2613,162.9518,153.6978,147.0032,142.1038,139.2801,140.0787,142.4729,145.6983,146.0511,144.989,144.3676,145.2234,149.1292,154.0132,159.1111,164.5073,167.5461,169.5765,172.4584,172.7449,172.7036,174.4192,174.4787,175.9452,179.38,180.6262,183.1951,182.2861,183.7838,184.0763,181.6126,183.0759,180.8122,182.5617,183.9069,183.9309,183.4814,181.2395,177.9377,172.4411,170.0477,167.9309,163.0955,164.8824,167.2293,169.0252,164.4308,155.4623,145.9399,134.4811,125.113,117.1765,111.9113,105.8291,102.6977,106.481,113.3177,119.0745,122.9958,122.4596,116.5241,106.4461,103.659,116.9106,138.5088,157.8169,176.2096,191.1432,205.5087,225.0138,232.9031,225.1828,218.1654,212.4455,206.476,198.9581,190.1852,192.6746,204.668,211.5453,211.0716,207.3285,204.536,205.3547,210.3622,216.1055,219.1622,220.9857,220.5149,217.5209,211.6388,207.2093,206.6488,206.2715,205.1349,201.1114,194.0441,187.4025,181.7853,180.6846,184.9093,189.7107,183.821,174.5062,168.1256,163.6029,157.9148,151.4801,143.6727,137.0879,134.3041,136.9302,138.7166,144.0131,152.4886,161.778,171.4182,180.0037,191.9321,196.8308,199.1695,200.0511,201.0724,201.8854,204.9946,209.7756,214.4525,220.9272,238.0926,263.1838,275.048,262.6199,243.3691,227.5853,215.6059,202.6258,189.2155,180.5333,185.0729,197.5985,210.1716,221.3356,231.5282,238.8438,244.4594,246.3981,249.4204,250.1052,248.7794,245.7737,240.5179,237.1413,238.8676,240.0072,237.758,233.1777,226.5891,217.1631,202.8766,187.2037,189.5251,209.6987,223.7562,229.5205,232.4357,233.7722,236.4386,242.6044,249.6186,246.1024,244.7533,247.3259,248.053,246.601,-9999.0
"-9999.0",-9999.0,-9999.0,-9999.0,-9999.0,-9999.0,-9999.0,-9999.0,-9999.0,-9999.0,-9999.0,-9999.0,-9999.0,-9999.0,-9999.0,-9999.0,-9999.0,-9999.0,-9999.0,-9999.0,-9999.0,-9999.0,-9999.0,-9999.0,-9999.0,-9999.0,-9999.0,-9999.0,-9999.0,-9999.0,-9999.0,-9999.0,-9999.0,-9999.0,-9999.0,-9999.0,-9999.0,-9999.0,-9999.0,163.7794,163.1806,163.009,163.4489,164.519,166.0027,167.545,168.6454,169.417,169.6458,162.0544,160.7865,158.8669,156.2742,152.9719,147.9657,143.0766,137.3439,130.6973,123.1016,114.6966,107.5941,99.59436,94.26406,91.87552,94.38332,98.9313,101.0037,105.2674,104.6107,108.0463,110.5897,112.7763,109.2374,108.9343,110.9179,111.9693,114.5531,117.5587,121.925,126.4634,132.5127,139.8967,146.7126,148.3994,140.5574,124.2451,105.4918,90.5166,79.98554,75.91029,74.9621,76.06191,78.21315,78.22272,78.74793,78.54264,78.43314,79.12337,81.26147,84.68801,89.5177,95.12193,102.9865,109.6987,116.3174,120.3435,126.9412,132.9766,141.5403,148.4623,153.2447,158.217,164.8977,169.7216,173.7575,175.4118,172.8452,168.024,164.8244,165.7637,167.3502,171.6846,174.6473,170.6959,162.2766,153.9213,147.078,142.9299,140.0485,140.4092,143.9555,144.7471,143.8747,140.7692,138.0342,139.4904,145.97,154.4937,162.8241,170.7887,175.894,178.9052,181.3955,181.8456,182.2446,183.0499,184.4905,183.9226,183.2322,185.4253,188.8944,185.4195,190.0767,186.2769,191.2802,184.5278,184.9815,182.5934,185.1174,185.058,183.4049,182.5584,180.6232,179.6236,178.6211,174.0712,170.8591,168.6654,167.8189,167.9669,165.295,158.485,148.8385,137.7755,127.8219,120.3948,112.7056,104.9214,101.0168,105.6006,114.568,123.9567,129.493,132.3817,131.343,128.597,127.3505,132.6247,144.5035,156.3036,169.8464,187.1146,206.0913,228.151,235.7923,226.6182,218.4683,212.6932,207.548,202.3334,197.1244,198.3991,203.2067,206.661,202.4496,195.7481,190.0701,187.2513,188.6812,194.634,202.9935,209.2028,209.3787,207.9627,204.31,204.0208,205.7248,208.6217,210.4715,207.0677,199.8862,190.353,180.7932,174.4727,172.5363,171.0071,166.993,164.3738,163.8949,163.2745,160.1877,155.6642,149.7981,144.2815,140.8307,138.6798,138.4728,144.1072,153.3966,163.8368,175.0776,183.5918,192.8949,198.9038,201.6652,201.5735,200.9667,200.8577,205.0743,212.0978,214.2738,218.3099,237.091,264.0898,275.8412,264.0416,246.4752,230.6905,217.2335,204.6914,191.9587,184.0678,188.1084,201.2544,214.9617,227.3976,238.5453,246.0264,251.2548,252.9181,255.52,254.835,254.0213,248.2738,239.2974,233.5123,238.3196,243.2753,244.3915,240.7105,232.8205,224.317,214.0247,205.8072,209.5567,222.7673,230.1528,233.4008,233.8401,235.2696,238.1084,244.0926,250.0098,247.0691,244.0149,243.8923,244.1452,243.6752,-9999.0
"-9999.0",-9999.0,-9999.0,-9999.0,-9999.0,-9999.0,-9999.0,-9999.0,-9999.0,-9999.0,-9999.0,-9999.0,-9999.0,-9999.0,-9999.0,-9999.0,-9999.0,-9999.0,-9999.0,-9999.0,-9999.0,-9999.0,-9999.0,-9999.0,-9999.0,-9999.0,-9999.0,-9999.0,-9999.0,-9999.0,-9999.0,-9999.0,-9999.0,-9999.0,-9999.0,-9999.0,-9999.0,-9999.0,-9999.0,160.9535,159.9379,159.4259,159.764,161.0651,163.0229,165.067,166.6956,167.632,167.601,163.1988,161.45,155.2878,151.8764,147.8914,142.3405,137.2053,131.4141,124.7881,117.121,108.3536,100.2225,91.09941,85.03506,83.40451,86.42402,91.90289,98.14178,99.12837,102.4496,103.93,106.7334,109.1629,108.0209,109.8331,108.5414,110.8889,113.3813,116.1723,119.458,123.9479,128.4529,133.3432,137.0736,137.0474,130.9982,120.0074,107.3077,97.11035,88.78013,84.50397,82.12428,82.48169,82.55862,83.37342,83.83114,83.4295,82.86237,84.05721,86.79307,90.88552,93.00586,99.50092,105.6727,112.9086,119.6673,127.1558,133.4016,140.1909,148.2655,151.7166,156.7232,162.1313,168.2175,176.7439,183.0466,185.5769,179.8518,172.6713,167.2444,166.3551,166.012,167.5298,168.2482,164.9578,158.5591,152.0059,148.7969,144.9152,142.5223,142.3642,144.83,144.3363,142.4888,137.765,133.1198,134.9306,144.032,156.4453,167.6935,177.5384,184.5243,190.2925,192.6413,192.7969,192.5205,193.7836,193.2439,192.6481,191.7407,193.8381,192.6027,191.7674,196.5255,197.5684,194.1048,188.0202,185.5403,189.7408,189.3035,189.025,187.5591,187.3353,187.1573,183.9655,184.093,183.6228,180.6831,176.8143,172.6387,169.7328,166.9419,162.6956,152.5392,142.436,135.6234,126.8742,119.0881,111.6826,107.8915,112.9208,120.7888,128.9259,135.946,142.1717,146.3997,146.4656,143.45,143.3382,148.2453,152.7602,160.3554,176.2876,197.1352,215.0743,222.6506,219.3278,216.0286,210.5181,208.4725,209.1274,205.833,206.5217,206.4702,202.5057,195.1779,183.6673,175.0174,170.7871,168.1079,175.6978,189.0316,198.1204,203.8837,204.158,203.526,203.5879,208.1349,216.1625,220.8948,220.2929,209.0513,194.8464,179.9309,166.1206,152.3219,139.1784,139.9945,150.4791,159.2189,163.4424,163.1373,160.4774,155.9637,150.8036,146.2884,143.9311,143.5815,149.1683,157.9417,167.2735,177.6133,185.3979,195.3698,200.048,202.5384,202.0925,201.7173,201.5721,205.8527,212.359,214.4739,218.6826,232.3482,250.1024,258.4619,253.0581,242.5203,230.5826,219.6177,209.8716,201.1751,196.3126,200.6205,210.607,224.8399,237.2517,247.0464,254.3364,258.7078,259.7855,260.8122,261.746,261.8152,258.0858,248.4056,241.9313,245.3927,249.5257,249.06,245.9097,239.9344,233.2701,227.2297,224.6161,227.7893,233.8114,235.5802,235.825,235.7227,235.0453,235.5313,239.4341,243.1695,243.287,242.2081,241.7916,241.6957,241.4287,-9999.0
"-9999.0",-9999.0,-9999.0,-9999.0,-9999.0,-9999.0,-9999.0,-9999.0,-9999.0,-9999.0,-9999.0,-9999.0,-9999.0,-9999.0,-9999.0,-9999.0,-9999.0,-9999.0,-9999.0,-9999.0,-9999.0,-9999.0,-9999.0,-9999.0,-9999.0,-9999.0,-9999.0,-9999.0,-9999.0,-9999.0,-9999.0,-9999.0,-9999.0,-9999.0,-9999.0,-9999.0,-9999.0,-9999.0,-9999.0,158.5597,157.1076,156.1784,156.359,157.9807,160.6733,163.5611,165.865,167.1533,167.2514,162.8353,160.0623,153.6617,148.7478,143.8613,138.731,131.8043,126.064,119.748,112.4954,104.0394,95.34956,86.27627,79.89186,78.77556,82.33775,88.64904,92.26427,97.26492,101.4301,100.0721,103.3141,105.8952,109.6951,108.7401,107.4843,109.7514,112.0662,114.521,117.2098,120.1853,123.7684,126.7438,128.1788,127.1051,122.7243,115.5911,107.2663,100.8603,94.51689,90.93144,88.13905,87.82623,87.0808,86.59156,87.13494,87.00864,87.59686,89.11993,91.87716,95.76448,100.9848,106.919,109.5899,116.613,124.065,130.2867,138.2678,143.7852,150.6013,155.3011,160.8057,165.8106,172.7821,178.8848,186.896,191.9579,181.5217,173.4596,169.8051,166.2932,164.187,163.0964,161.633,158.3194,153.446,150.7271,147.2421,145.0364,143.8416,145.0672,145.9365,145.1318,142.6287,138.8189,134.8342,137.0512,147.0168,161.3157,176.082,189.3109,197.1508,202.661,204.7861,205.3049,205.3709,203.7834,202.5119,199.1953,197.0981,202.4067,200.6079,199.3292,200.9094,199.8002,196.1947,190.138,194.3944,195.118,194.6835,191.1682,191.2609,191.4081,190.4975,190.914,189.3453,190.1549,188.6801,184.7831,179.3934,174.5136,172.7331,167.3143,159.7051,153.1293,142.7365,137.7736,129.4986,121.502,121.2469,123.0738,129.1823,135.7368,143.4172,150.956,157.7793,158.5067,150.9796,147.104,148.1176,148.3537,152.4467,164.7693,183.1342,197.9675,206.5518,210.4216,209.3836,209.5186,212.4879,213.515,216.7276,217.1965,213.0299,203.7275,188.7587,170.627,156.8877,159.6297,159.1531,166.9462,181.244,190.5646,197.8385,202.1733,204.1558,205.6288,212.0661,225.1523,237.4453,236.8587,221.389,200.2921,181.1874,160.6154,137.7041,115.8423,119.9511,141.7606,157.8327,165.4167,167.4919,166.1035,162.7213,158.4025,155.9639,153.7373,153.7513,158.2029,165.0191,172.5358,181.3326,187.9003,197.3937,201.5006,203.7894,204.66,203.7131,204.9022,208.2741,212.6207,215.7073,221.0034,229.2818,238.7686,244.3004,243.3085,237.1785,229.5049,221.8757,215.0182,209.6961,208.2728,213.3196,221.4048,234.3734,246.0955,256.1799,263.4409,265.3901,266.2931,267.361,269.4639,270.9322,272.3197,268.3176,262.8825,260.382,259.1635,256.4418,252.6638,246.5982,241.5441,237.3027,234.8735,236.5807,237.054,236.3251,239.4477,236.4089,231.9512,230.7243,234.5318,238.0876,239.4718,240.1362,240.052,239.9416,239.7532,-9999.0
"-9999.0",-9999.0,-9999.0,-9999.0,-9999.0,-9999.0,-9999.0,-9999.0,-9999.0,-9999.0,-9999.0,-9999.0,-9999.0,-9999.0,-9999.0,-9999.0,-9999.0,-9999.0,-9999.0,-9999.0,-9999.0,-9999.0,-9999.0,-9999.0,-9999.0,-9999.0,-9999.0,-9999.0,-9999.0,-9999.0,-9999.0,-9999.0,-9999.0,-9999.0,-9999.0,-9999.0,-9999.0,-9999.0,-9999.0,156.8162,155.0225,153.6736,153.6056,155.5102,159.0889,163.1507,166.5441,168.5311,168.6922,166.9563,160.3191,155.2073,145.7959,139.5864,133.5919,127.3663,121.865,116.2161,109.044,101.7996,94.34184,85.96444,80.11411,79.19089,82.52294,88.43819,94.83862,96.48524,100.508,99.32361,101.853,103.4451,108.7475,106.7731,106.4792,108.6335,110.7412,112.8416,114.9552,117.0517,120.2396,121.1013,121.344,120.0703,116.9958,112.3842,106.9245,103.1879,99.46566,95.73006,94.2592,92.56413,91.47499,90.23471,91.80865,92.10924,92.68427,94.46898,97.24899,100.9585,105.8411,111.3662,117.299,122.8798,127.4852,135.3457,140.7793,145.9809,152.5198,156.9384,162.462,166.6551,172.6824,177.2236,181.3268,179.9256,171.1504,171.1734,169.2196,165.8715,162.4049,159.5076,156.3763,152.3546,149.5842,145.5613,143.2798,142.609,144.8701,145.6072,145.1923,145.1434,143.5804,142.4483,141.9657,145.6849,155.9064,171.2809,188.6826,203.3292,211.5008,215.5056,216.2036,214.7997,213.198,213.2475,209.4361,202.7165,202.1041,204.849,205.3764,204.5768,204.3112,205.5721,204.5083,203.7233,204.1623,197.4647,194.4018,193.4155,193.5479,193.8094,194.3164,196.6272,194.7631,194.8722,194.7634,191.2287,187.6639,182.4196,177.5582,171.7863,166.5112,162.8352,152.26,145.1971,142.5965,136.4199,132.5354,132.856,136.8497,141.3109,146.4942,153.4801,159.4506,160.0934,151.9456,146.8435,147.3435,146.5047,149.1414,159.8183,171.98,186.6739,195.9677,201.1457,207.0133,210.9868,218.1839,228.2166,231.9899,235.5882,228.1568,213.1837,190.0572,163.5599,141.8872,149.1514,162.2978,169.0548,178.4846,187.365,193.7339,199.1348,203.0773,206.3196,214.8344,230.8766,247.981,246.8288,228.2143,206.0272,186.8392,165.5991,140.5896,122.2293,126.6458,148.8048,165.2006,172.1623,173.1428,171.9151,171.252,169.0094,164.8929,163.8675,165.3206,168.6059,173.375,178.8478,184.2429,195.7537,199.9358,203.0627,205.5386,206.7716,205.9006,207.7136,210.2804,213.4227,216.5858,221.658,227.5787,233.3218,235.9287,235.1844,233.1199,228.5063,223.6896,220.0369,217.7766,217.1405,223.1355,232.4161,242.2084,252.8569,263.896,271.976,272.9513,271.4862,273.4932,277.5006,281.5458,287.3042,289.2186,282.1589,274.67,269.4529,264.3208,259.3811,252.6787,249.0547,245.1572,241.764,242.84,244.5324,250.0838,248.5286,240.3773,230.865,228.6395,233.3062,236.5789,237.863,238.8861,238.8861,238.7622,238.5799,-9999.0
"-9999.0",-9999.0,-9999.0,-9999.0,-9999.0,-9999.0,-9999.0,-9999.0,-9999.0,-9999.0,-9999.0,-9999.0,-9999.0,-9999.0,-9999.0,-9999.0,-9999.0,-9999.0,-9999.0,-9999.0,-9999.0,-9999.0,-9999.0,-9999.0,-9999.0,-9999.0,-9999.0,-9999.0,-9999.0,-9999.0,-9999.0,-9999.0,-9999.0,-9999.0,-9999.0,-9999.0,-9999.0,-9999.0,-9999.0,155.8904,154.0532,152.5465,152.2999,154.3176,158.5814,163.86,168.6838,171.7597,172.0694,168.0691,162.3419,151.9574,143.7773,135.9705,125.2512,119.1114,116.1528,111.5524,106.8836,101.5345,93.69869,88.39146,84.09697,83.40136,85.95209,90.4955,96.09589,96.61533,97.80833,100.8305,100.5284,102.8865,105.0783,107.3816,105.5725,107.6133,109.534,111.3386,113.0086,114.8893,117.0141,117.0932,116.8408,115.7163,113.6142,110.6063,106.9457,104.9985,102.5854,99.52558,98.44751,96.78271,95.64197,94.47995,94.37938,97.04404,98.19183,99.72383,102.2504,106.113,110.7001,115.8453,125.1799,127.0374,132.5705,138.1306,143.1585,147.9697,155.292,159.2016,163.0618,168.7608,171.5936,174.1057,175.4061,171.5035,168.5128,169.7647,168.2471,164.8338,160.799,156.4545,152.0566,148.7505,143.032,138.3057,136.696,139.7969,142.1476,143.5768,143.4406,142.157,142.7013,144.2285,147.7752,154.3736,166.0579,182.6718,201.2696,217.6879,226.4549,228.815,228.7449,226.8437,224.3947,218.3555,211.3923,208.0118,208.7835,210.7719,207.3871,204.8988,208.6267,207.4188,206.1879,210.0848,208.7956,203.59,196.5408,197.7816,195.2895,195.3516,195.9874,198.7542,199.1103,196.6904,195.9757,198.2217,195.3966,187.539,184.3268,178.9455,171.6802,167.0499,163.7232,155.2789,151.788,146.0499,144.8022,144.7623,143.2828,146.1468,147.5779,150.9465,153.874,153.796,147.7296,143.4957,144.8333,147.0032,150.1314,158.6054,167.6882,180.8145,187.132,194.0055,200.6397,209.8617,230.6171,241.7326,254.686,262.36,253.5484,229.0825,199.4332,171.903,155.1986,157.6003,166.4955,171.8693,177.4865,184.3947,190.333,195.9926,200.6053,205.1315,212.861,224.6846,237.74,236.829,222.4647,204.4804,189.3149,173.2735,157.211,148.5873,155.465,172.2362,181.7741,183.1717,181.168,178.9954,178.5718,176.687,174.584,173.565,173.6093,178.7037,181.8224,188.0578,192.2329,197.881,203.0034,205.5169,209.5693,210.7594,210.7927,209.8731,212.0222,214.5317,217.8668,222.305,227.4265,230.0966,231.4486,230.9825,230.6627,227.9289,225.0469,223.4882,222.8492,223.6261,231.0742,237.0164,245.4578,256.2597,266.9947,275.7973,276.4206,274.0373,279.7169,286.8736,288.8839,296.5839,302.8315,292.4092,284.7349,279.2313,272.3706,265.5174,258.1044,252.7809,248.5927,245.7738,247.3415,252.3245,260.6205,255.9625,243.8649,236.7169,234.5147,235.9793,236.9157,238.9006,238.8379,238.1624,239.394,236.8862,-9999.0
"-9999.0",-9999.0,-9999.0,-9999.0,-9999.0,-9999.0,-9999.0,-9999.0,-9999.0,-9999.0,-9999.0,-9999.0,-9999.0,-9999.0,-9999.0,-9999.0,-9999.0,-9999.0,-9999.0,-9999.0,-9999.0,-9999.0,-9999.0,-9999.0,-9999.0,-9999.0,-9999.0,-9999.0,-9999.0,-9999.0,-9999.0,-9999.0,-9999.0,-9999.0,-9999.0,-9999.0,-9999.0,-9999.0,-9999.0,155.6837,154.2099,153.0464,152.9773,154.9577,158.3637,164.1596,170.5339,175.2304,175.7823,171.4734,163.4787,150.8221,140.3104,130.6159,122.2904,114.9686,110.2293,106.8924,104.1622,98.27785,95.17433,90.48614,89.87143,89.43591,90.70738,93.57533,98.23413,97.28873,98.05534,100.7269,103.1491,102.4548,104.5349,106.6835,108.0016,107.3583,109.0916,110.6432,111.984,113.0256,113.7481,114.0601,114.304,113.4823,112.0966,112.0467,109.7509,106.6655,104.5608,102.0729,102.0171,100.5313,98.93771,98.53833,98.5839,101.7829,103.1578,105.1871,107.2651,111.0113,115.3617,120.1888,129.9705,135.1486,135.7165,140.8594,145.4654,155.2811,158.7923,162.1441,170.4366,172.3083,173.8053,174.7651,174.1606,172.228,170.5919,169.812,167.8694,164.2573,159.7205,155.586,149.1674,144.0114,136.795,130.3026,129.0102,134.4107,139.3855,141.1187,138.8003,136.6597,137.0327,141.3991,148.2096,158.3188,172.0495,190.3673,211.164,228.53,236.1107,237.0562,240.0446,240.7957,236.1969,227.7117,219.5523,214.8798,210.2883,213.4747,209.4516,212.3196,210.0674,208.5124,212.6331,211.0871,209.7495,209.9778,205.0885,203.7687,201.9373,200.1826,198.6466,200.9036,203.7536,204.1698,204.4167,204.7859,202.8306,198.563,188.1351,187.3914,180.5569,175.8549,169.0338,163.1117,158.6995,157.5224,153.5688,154.7421,151.6268,150.0723,152.367,149.7066,149.4363,145.8224,139.7313,132.9087,135.194,143.3386,149.4187,156.5593,166.4283,177.2234,186.4483,190.9502,199.6767,215.2294,228.9774,249.808,274.6272,293.2382,283.2584,247.3348,212.0238,187.3207,174.3254,171.0791,169.6588,169.0908,173.3692,181.0879,188.7993,192.2754,196.834,200.8452,204.4994,211.702,218.4159,218.767,213.0633,203.5011,191.1026,179.0803,173.7498,174.1882,185.0812,198.5328,200.6789,194.5649,190.4218,187.402,185.644,184.7584,184.1139,183.4405,183.0678,186.9548,191.2175,193.7638,199.7109,204.2308,206.8959,210.4818,213.1675,213.5925,214.7745,216.0881,214.8962,216.9506,219.7723,221.7469,227.6146,228.6252,229.2363,228.7747,229.4173,227.726,226.591,225.749,225.968,231.2183,234.4099,239.6207,247.6076,255.5123,263.8515,270.6408,272.2027,273.3318,285.1551,297.7224,293.8576,293.8693,297.4941,293.8462,294.5943,288.5388,278.2543,268.8762,260.8858,255.1958,252.1518,248.7106,247.9411,249.9516,253.8266,250.8029,246.691,245.6658,244.5449,242.0078,239.3873,237.3875,236.0785,237.2599,236.8059,235.9702,-9999.0
"-9999.0",-9999.0,-9999.0,-9999.0,-9999.0,-9999.0,-9999.0,-9999.0,-9999.0,-9999.0,-9999.0,-9999.0,-9999.0,-9999.0,-9999.0,-9999.0,-9999.0,-9999.0,-9999.0,-9999.0,-9999.0,-9999.0,-9999.0,-9999.0,-9999.0,-9999.0,-9999.0,-9999.0,-9999.0,-9999.0,-9999.0,-9999.0,-9999.0,-9999.0,-9999.0,-9999.0,-9999.0,-9999.0,-9999.0,155.9519,155.0112,154.4359,154.7461,156.5885,159.2297,164.6865,171.2024,176.3938,177.053,171.9235,162.5769,147.6109,134.9309,123.1728,113.2516,106.0032,100.1868,99.49078,99.2497,97.69627,97.12089,95.99596,94.35033,94.4531,95.76717,96.83024,97.52453,100.2294,102.6208,100.704,102.8818,104.883,104.0988,106.0928,104.0952,105.773,108.2818,109.7375,110.9637,111.8929,112.5388,112.8689,114.6498,114.1799,113.4326,112.2789,110.6594,108.8974,106.7686,104.7185,102.9153,103.8362,103.451,103.3103,106.7513,107.7639,107.7232,108.6645,111.5553,115.5261,119.7021,125.8021,133.4666,138.2473,144.9757,149.6772,153.7263,157.4602,164.2055,166.8758,170.9557,172.6723,174.025,174.7701,174.7486,173.7469,172.5824,170.8097,167.9173,163.6252,158.3911,152.8742,147.2642,141.6375,133.6939,126.3846,125.1338,131.4378,137.5461,138.8728,134.8814,129.0564,128.2689,135.1861,146.2036,159.6664,175.7415,195.0904,215.8634,232.2237,237.6342,242.0893,256.1269,257.8073,249.3604,237.4599,228.1059,218.3025,210.5154,210.4265,213.9872,213.4388,211.0474,214.5582,213.0232,211.8787,210.5705,210.8026,205.9465,203.9265,200.4602,196.2092,193.74,198.7644,207.5393,217.226,220.2289,215.5392,210.9043,205.074,202.6726,192.0159,182.3189,174.0155,168.2165,166.9808,168.5164,170.0249,163.6013,164.2329,159.4373,158.0427,156.118,151.1693,147.5754,142.4794,132.2699,122.0713,124.2448,136.8002,146.5143,156.4743,164.4796,173.7659,184.1562,193.3455,204.328,215.8184,231.5286,252.6239,280.8187,301.2829,291.6899,255.8165,220.794,197.5354,184.5824,177.1989,167.9621,162.2494,168.3257,178.3906,187.2265,190.3638,193.4277,193.9723,195.7531,198.6106,202.2426,203.8896,200.5669,197.8452,191.3394,185.8718,183.7111,187.411,198.3676,209.8782,209.6191,201.9335,195.7829,192.9335,191.9629,191.9923,192.115,193.169,193.4312,194.0713,198.4557,200.2338,202.2663,206.4616,210.6606,213.4282,216.1876,216.6007,217.6982,218.9566,220.4359,219.7326,221.1674,222.5178,228.2397,228.9544,228.4945,227.8788,227.3523,227.7524,227.3478,226.9612,228.9034,232.7821,235.3305,239.5375,246.1498,251.9982,257.3065,260.8544,262.8126,267.3796,280.9964,293.606,291.1385,287.808,289.9,296.4478,307.0075,295.7274,279.7791,271.4721,262.9986,257.5992,252.3551,247.6203,245.8756,245.763,247.0002,248.1749,251.4653,259.9799,259.3268,249.6876,241.9557,237.777,235.8124,235.4646,236.0999,235.6636,-9999.0
"-9999.0",-9999.0,-9999.0,-9999.0,-9999.0,-9999.0,-9999.0,-9999.0,-9999.0,-9999.0,-9999.0,-9999.0,-9999.0,-9999.0,-9999.0,-9999.0,-9999.0,-9999.0,-9999.0,-9999.0,-9999.0,-9999.0,-9999.0,-9999.0,-9999.0,-9999.0,-9999.0,-9999.0,-9999.0,-9999.0,-9999.0,-9999.0,-9999.0,-9999.0,-9999.0,-9999.0,-9999.0,-9999.0,-9999.0,156.0575,155.5723,155.4732,156.0395,157.6234,159.0654,163.3192,168.4205,172.472,172.6732,167.508,156.4837,143.5062,129.3091,115.2048,102.9032,94.37164,90.7589,88.33938,91.26802,93.86532,96.16293,97.36777,95.43755,98.28493,99.46233,98.69636,99.27588,99.99453,101.8006,104.9961,106.8822,104.4479,106.2478,102.0685,103.8363,105.4829,106.9946,109.1595,108.4846,111.354,112.1105,112.6505,114.2724,114.0958,113.7071,112.9317,112.1606,110.7078,108.6631,104.8807,103.2558,104.4366,106.7413,109.7636,110.4761,111.6626,113.3592,112.3652,115.7603,122.2128,125.0797,129.4104,136.6842,143.276,147.7593,152.1377,155.8415,162.1821,165.4533,167.9253,171.8199,173.6824,175.4121,177.4554,178.0106,177.6575,176.2324,173.0722,168.403,162.4661,155.8903,149.6435,144.3569,140.2639,135.1253,129.5612,129.2991,134.0698,138.773,138.9737,133.4468,125.2797,123.6819,132.222,145.138,160.0986,176.8852,195.8915,215.6238,232.1487,243.9648,265.953,287.3232,278.4908,260.799,243.5938,231.3951,220.0087,211.3656,210.8931,213.4891,209.1866,210.8298,210.7457,209.5432,209.9678,207.2912,209.8802,206.1038,203.6877,199.0496,190.9479,182.6478,190.8129,208.5942,222.0161,224.7348,219.5744,215.287,210.4393,203.7155,193.584,182.1913,172.1075,169.9946,172.3437,174.9927,180.0528,177.5474,176.4351,171.0002,164.2492,159.708,156.1127,149.2508,142.7709,133.3143,124.7583,126.5583,136.8083,148.3114,155.693,165.1632,171.3971,180.0801,190.7997,202.5725,213.9844,228.3937,245.9626,266.2881,279.6165,271.6299,246.62,220.2963,201.8682,190.0927,181.3114,171.2178,166.5406,172.088,181.4922,188.665,189.6103,190.9019,188.7505,187.3428,187.6932,191.0929,194.2206,194.2824,194.3273,192.3594,188.7992,188.6786,192.2656,200.0887,206.7566,206.779,202.4352,199.0422,197.6288,198.3037,198.8755,199.6951,199.6953,199.8173,200.1865,201.0045,205.6442,207.4568,210.9846,212.4532,216.7367,217.7354,220.3757,220.7167,221.9763,223.418,222.0789,223.2368,227.9803,229.76,229.8703,229.4885,229.1514,227.5193,226.3582,227.6764,227.2112,229.047,232.3181,233.9479,238.8534,242.6842,247.2314,250.6364,251.3254,250.2497,254.4724,267.3127,278.5032,281.0667,281.1394,284.1323,291.3016,298.3667,287.4852,273.4684,267.7776,264.1371,257.9031,252.9331,244.6146,242.8379,241.2829,243.9471,247.1742,255.5245,271.5652,270.7589,253.6863,242.0327,237.0654,235.5856,235.1167,235.0343,235.3307,-9999.0
"-9999.0",-9999.0,-9999.0,-9999.0,-9999.0,-9999.0,-9999.0,-9999.0,-9999.0,-9999.0,-9999.0,-9999.0,-9999.0,-9999.0,-9999.0,-9999.0,-9999.0,-9999.0,-9999.0,-9999.0,-9999.0,-9999.0,-9999.0,-9999.0,-9999.0,-9999.0,-9999.0,-9999.0,-9999.0,-9999.0,-9999.0,-9999.0,-9999.0,-9999.0,-9999.0,-9999.0,-9999.0,-9999.0,-9999.0,155.5747,155.2947,155.3891,155.9877,157.255,159.3063,160.3594,163.509,165.5965,163.2923,157.8813,148.8493,135.6692,119.7906,102.4758,86.3848,75.54645,72.84447,77.24431,79.8389,86.78896,93.89703,94.79138,96.84083,100.5452,101.7545,103.0462,104.5133,100.5905,102.0123,103.4947,106.4427,105.276,106.9754,104.7637,103.6994,105.3505,106.8648,108.2414,108.4248,109.7654,111.0199,113.6339,113.9462,114.3782,114.0137,113.3381,111.9217,110.7011,109.1346,107.6535,106.3846,105.0991,110.3059,110.5964,113.6899,112.508,114.3715,116.7362,120.6404,125.241,131.5445,134.5351,138.8509,146.1845,151.5018,155.3694,161.2405,163.8592,166.2544,171.1191,173.1548,175.2034,177.7782,181.2271,183.8329,185.2298,183.8589,178.4348,170.6699,161.5263,152.4803,144.6503,139.4962,136.7151,135.7455,135.7425,136.809,139.6791,142.2642,141.6566,136.1233,130.146,129.2423,136.2198,147.3745,161.1171,176.67,194.1271,212.7506,231.3704,252.5943,283.1865,300.7426,286.9142,264.6585,245.2383,230.9778,222.2362,214.0699,215.2232,209.6711,207.614,205.5702,210.0881,209.1459,212.3864,212.0808,210.66,207.4234,206.2838,202.3867,193.0634,183.4944,191.8885,209.4754,219.2326,221.8791,220.4958,217.5809,213.1035,205.0238,191.414,173.4927,156.4991,154.539,167.6546,179.7617,185.0661,189.251,186.3813,181.6126,176.545,167.3251,162.608,156.2087,147.4953,139.8904,135.0377,135.0436,143.0812,150.8028,157.3297,164.8593,170.2628,178.5,187.1153,198.2603,209.0687,221.989,235.5178,246.4879,252.608,247.8964,232.3771,215.6662,201.7953,191.5738,185.6104,180.9505,178.9587,181.4554,186.7554,190.7253,192.9778,189.5052,185.2497,180.9109,179.9619,184.286,187.1192,190.9507,191.6975,193.0653,192.1345,190.4686,193.1789,198.3019,201.1979,202.3225,201.6926,201.6977,202.918,204.4708,204.9642,204.1113,203.2314,203.3192,203.9457,205.394,207.252,212.3713,214.083,216.6898,220.0657,220.7467,221.6694,223.3305,225.2149,227.8414,229.0383,226.2995,230.8904,229.7873,231.8702,231.3231,230.2152,228.8258,226.5934,227.5767,228.0982,228.533,229.4301,230.257,234.0865,238.2848,242.3796,245.18,245.6489,242.695,245.022,256.1055,266.8744,271.7815,273.969,276.3975,279.4325,280.1232,273.5501,265.1319,264.9371,263.5841,257.7237,248.1097,243.0222,240.0362,237.1052,239.1513,241.9031,248.8141,260.8092,259.9817,246.9202,237.8743,235.2713,236.4851,237.1299,236.3967,234.776,-9999.0
"-9999.0",-9999.0,-9999.0,-9999.0,-9999.0,-9999.0,-9999.0,-9999.0,-9999.0,-9999.0,-9999.0,-9999.0,-9999.0,-9999.0,-9999.0,-9999.0,-9999.0,-9999.0,-9999.0,-9999.0,-9999.0,-9999.0,-9999.0,-9999.0,-9999.0,-9999.0,-9999.0,-9999.0,-9999.0,-9999.0,-9999.0,-9999.0,-9999.0,-9999.0,-9999.0,-9999.0,-9999.0,-9999.0,154.9357,154.2676,153.9169,151.5805,152.1393,153.1828,154.7335,156.6089,158.276,157.4252,155.6018,150.4036,141.3133,128.043,110.3479,88.74314,66.59016,51.46766,50.05996,59.19585,72.87165,84.76643,92.65997,94.46372,97.5619,99.34964,102.9341,103.9539,104.9154,105.982,101.7095,103.039,104.1523,105.9166,106.603,108.2819,103.6755,105.3607,106.8948,107.0315,108.5168,109.9379,111.3377,113.2289,114.2729,114.5657,114.4445,113.8361,112.912,111.6823,110.3914,109.1869,107.887,107.0473,109.4017,110.0524,113.8189,115.2656,117.157,119.52,123.4601,126.5124,135.3643,138.9809,143.6623,148.1952,154.2118,160.5703,163.4355,165.8439,170.4904,172.2522,174.3035,176.9733,180.435,185.7508,191.4389,195.9828,194.8606,186.2052,173.8932,160.5555,147.6626,136.5611,130.2098,130.1399,135.2643,139.1782,142.1487,145.9332,147.5735,145.6997,142.5858,139.0208,139.0737,144.0058,152.7769,162.5313,175.5827,190.6224,207.4561,225.9898,247.3513,270.7612,282.9462,274.5095,256.9097,239.2392,226.7388,219.0355,211.1021,208.9439,207.2005,208.3763,206.7353,206.0103,212.035,211.7905,211.8364,210.7573,209.4596,209.5845,208.7165,205.1908,201.7603,206.7151,215.9171,220.882,223.5791,225.3807,224.0408,220.0903,211.7792,196.5938,171.233,147.2739,145.0272,164.6586,182.5211,194.1483,199.4886,197.0424,193.8297,186.4371,176.0566,168.4391,160.6822,153.603,147.1936,144.2428,146.7429,148.9269,152.5399,160.8738,164.2996,170.757,181.5882,188.682,197.4359,204.5735,213.6256,223.7523,229.9841,234.1642,231.612,223.992,211.5254,200.0133,190.6934,186.6596,187.1056,188.2618,190.5126,193.4384,195.6932,194.9338,190.7753,184.9749,179.8359,179.034,182.7782,185.5257,186.6812,190.2648,191.807,191.4453,191.1611,193.2258,197.1704,198.5969,200.7557,202.9209,205.8673,209.4366,211.8425,211.2005,206.7668,202.524,202.483,205.3673,208.5797,211.6852,215.9035,217.9962,218.7293,220.6305,223.5386,224.3701,223.7294,225.4678,228.3537,233.1416,231.3294,234.0096,233.7813,232.7473,233.8944,231.991,229.8489,226.2274,226.3766,223.1945,225.6752,226.1298,225.7337,227.0584,229.6992,234.6109,240.1033,243.452,243.7046,245.4262,252.0126,259.6714,263.7705,265.9798,267.7795,269.8942,271.9506,273.1421,266.343,264.5038,261.5969,256.4672,246.291,240.9413,236.4965,232.8904,232.7115,232.5686,235.0117,237.6579,236.9808,231.8705,229.895,234.2816,241.2197,242.542,239.2711,235.7238,-9999.0
"-9999.0",-9999.0,-9999.0,-9999.0,-9999.0,-9999.0,-9999.0,-9999.0,-9999.0,-9999.0,-9999.0,-9999.0,-9999.0,-9999.0,-9999.0,-9999.0,-9999.0,-9999.0,-9999.0,-9999.0,-9999.0,-9999.0,-9999.0,-9999.0,-9999.0,-9999.0,-9999.0,-9999.0,-9999.0,-9999.0,-9999.0,-9999.0,-9999.0,-9999.0,-9999.0,-9999.0,-9999.0,-9999.0,150.2409,149.3706,148.8083,148.6639,149.0363,149.9679,151.3612,152.8953,152.3985,152.3184,150.2218,145.3169,136.815,123.7358,104.743,78.83156,48.88638,27.17814,27.49087,45.4291,65.31384,81.52849,92.32607,98.27353,98.24426,100.0919,103.3907,103.8909,104.2922,104.9088,105.9282,102.0604,105.2821,105.2191,107.153,106.895,108.2925,105.5149,107.0719,107.2186,108.6765,110.0703,112.3958,113.3057,114.3298,114.5612,114.3954,114.0692,113.3191,112.3754,111.3779,110.446,109.317,108.6643,109.1588,109.4585,112.9686,114.2629,118.8962,121.1401,124.996,128.2597,132.0937,139.3468,143.5223,150.7764,159.186,163.1242,166.1027,168.3429,172.1364,173.5085,175.316,178.0972,183.2691,189.2761,197.1768,204.5052,203.9552,192.8018,176.5705,159.5479,142.4163,126.8894,117.6989,120.4316,131.1878,140.9984,149.5071,154.0143,155.5769,152.476,149.3421,147.1893,147.312,150.4953,156.4829,164.7985,173.4939,185.5453,199.4306,215.0224,231.8865,248.0608,256.5132,252.5788,241.3076,229.4269,219.9168,212.2595,206.4974,205.178,203.9688,201.9353,204.4466,204.075,210.5125,210.7401,211.4347,212.2621,211.8349,211.4579,211.4081,212.8873,217.8024,225.3889,229.7452,229.7728,230.2874,231.7438,230.2823,226.294,218.1958,204.3147,183.1969,161.7942,159.7417,175.3933,189.6133,200.1753,204.7539,205.8488,201.8873,193.7767,185.9777,178.3891,166.0316,159.3242,156.6325,152.1869,151.7937,151.7497,153.2304,163.857,167.2821,172.9493,178.8515,184.6944,193.1863,201.3067,207.9543,216.3226,222.9949,225.8318,223.7715,217.8996,208.4939,197.7096,187.5091,182.295,186.5143,193.0726,197.7124,199.4808,200.2164,198.7673,194.2655,186.9838,183.8183,183.3728,184.1466,184.6354,187.0378,189.1533,191.1974,192.6464,192.7122,194.0058,196.0402,198.1815,201.656,206.0858,211.8832,218.3241,222.7627,220.9465,210.8379,200.3657,200.9595,206.9406,211.7365,216.0084,220.9263,223.4225,223.6188,222.4603,225.862,224.8968,225.3245,226.8576,232.6868,235.361,237.6091,240.1521,239.5139,237.5906,237.5177,234.4888,231.2806,229.5262,226.3736,226.0428,223.4835,219.7477,217.0637,214.8232,215.9585,221.9502,230.858,238.5596,243.0027,245.8732,250.122,254.2214,256.474,257.2926,257.9889,261.1198,268.6472,276.6986,271.2833,264.1428,259.4703,251.6011,244.8847,237.6532,231.9974,228.2624,224.6954,221.8776,218.32,215.6188,214.8873,214.5922,219.2106,232.9205,248.2057,249.0262,241.3522,236.4242,-9999.0
"-9999.0",-9999.0,-9999.0,-9999.0,-9999.0,-9999.0,-9999.0,-9999.0,-9999.0,-9999.0,-9999.0,-9999.0,-9999.0,-9999.0,-9999.0,-9999.0,-9999.0,-9999.0,-9999.0,-9999.0,-9999.0,-9999.0,-9999.0,-9999.0,-9999.0,-9999.0,-9999.0,-9999.0,-9999.0,-9999.0,-9999.0,-9999.0,-9999.0,-9999.0,-9999.0,-9999.0,-9999.0,-9999.0,149.2188,147.6142,146.3351,143.7164,143.8344,144.8405,146.5859,148.6046,150.2049,149.4306,147.8919,143.7691,136.2824,124.3224,106.0774,79.14258,44.45804,17.07297,18.403,41.49865,64.90147,82.5512,93.79706,100.4901,100.0995,100.0379,100.9341,102.852,102.5126,103.9784,105.0223,106.8414,104.1854,106.4727,108.7061,110.8558,109.4331,110.171,108.3005,109.6519,108.9184,110.1769,113.3498,113.8145,114.0555,114.2225,114.066,114.0962,113.5973,112.9412,110.0427,109.0297,108.2204,110.337,110.7325,111.0891,111.7974,118.4026,120.0596,123.3006,125.8895,129.0909,132.999,138.7169,144.1337,149.9535,159.4113,166.1055,169.5036,173.3949,174.3582,174.9825,176.1139,178.4781,183.4492,189.2819,197.2358,204.0439,203.4697,192.7572,176.4168,158.5747,140.2796,122.8526,112.2773,115.8916,130.0554,144.2813,156.5371,163.2151,164.5921,160.6281,155.8536,153.1728,152.6786,154.5022,158.4442,164.2419,171.1441,180.3423,190.8883,202.4843,214.4994,225.2042,230.5078,229.3519,223.8011,215.5148,209.7677,201.6072,200.2138,201.0005,199.53,198.8114,201.6509,201.5513,208.246,208.9179,210.3845,212.0979,212.3209,212.6909,211.9599,216.6793,230.9579,246.9242,248.8988,241.2408,236.7812,237.0941,238.3404,234.5161,226.948,215.9253,202.4775,189.5268,186.9352,192.4548,200.1909,204.2013,206.8409,207.2296,204.4588,197.013,189.1564,183.7432,176.8688,166.3819,159.7492,156.3972,154.8892,153.834,154.3098,156.8813,162.7666,170.1427,178.4039,184.8451,192.0377,197.9947,205.4171,215.9274,220.3468,223.583,220.9612,217.0462,209.0573,199.3734,190.0035,184.612,189.5326,199.1563,206.091,208.1631,207.6181,204.4565,199.0279,190.8245,187.6493,185.4723,184.5015,184.6551,186.677,188.7614,190.7961,192.2464,194.9604,195.281,196.6727,198.3463,203.2801,210.0811,219.2262,230.1595,239.9057,241.6176,228.8573,211.8304,208.6772,212.6077,216.3818,219.985,225.1387,227.8773,227.4292,225.339,224.4086,225.5968,227.3706,230.8516,237.7097,241.9877,245.2097,249.4283,248.1989,244.0637,240.8384,237.6698,234.4156,230.1127,226.4866,223.5393,218.8718,213.2826,205.4257,198.2551,195.8678,202.4236,215.8996,228.9214,237.5948,242.5424,246.5354,248.751,248.8987,246.8392,243.783,244.5973,253.6695,263.541,263.9569,258.7213,254.0931,248.3488,241.8456,236.2306,229.6487,225.9653,221.3518,213.215,202.2648,196.4981,196.1086,195.4736,201.7713,221.7572,242.6872,245.4387,238.8395,234.0085,-9999.0
"-9999.0",-9999.0,-9999.0,-9999.0,-9999.0,-9999.0,-9999.0,-9999.0,-9999.0,-9999.0,-9999.0,-9999.0,-9999.0,-9999.0,-9999.0,-9999.0,-9999.0,-9999.0,-9999.0,-9999.0,-9999.0,-9999.0,-9999.0,-9999.0,-9999.0,-9999.0,-9999.0,-9999.0,-9999.0,-9999.0,-9999.0,-9999.0,-9999.0,-9999.0,-9999.0,-9999.0,-9999.0,-9999.0,146.267,143.6158,139.4617,137.803,137.3649,138.5341,141.1875,144.6069,147.7609,147.799,147.6334,144.9058,139.106,129.6075,115.2469,93.78468,64.34843,38.73815,37.63463,55.72932,74.06831,88.34107,96.91267,101.9595,103.4002,100.6752,99.87823,99.67325,98.43292,100.3479,101.4654,103.8533,102.5767,105.5094,108.2593,110.9283,111.7394,113.0774,113.091,110.7036,110.3772,110.4516,113.6477,112.937,114.0181,114.0618,114.6869,114.5748,114.3469,113.9915,110.778,109.9743,112.1346,111.7256,111.5216,114.2949,114.9553,115.9166,119.9876,123.4356,125.7755,128.847,134.7406,139.8496,144.9861,153.0794,159.8677,168.1415,173.9167,177.2009,177.4263,176.8323,176.7888,178.1936,183.0533,186.6288,192.2429,196.4341,195.3005,186.9986,174.2937,159.2305,143.5104,129.0063,120.6533,123.5874,135.4582,150.2701,163.306,172.4261,172.6298,167.2514,161.4069,157.7914,156.4984,156