date,average_water_level
2018-02-01,414.41
2018-01-31,414.5045833333335
2018-01-30,414.7654166666668
2018-01-29,414.87666666666655
2018-01-28,414.90375
2018-01-27,414.99708333333325
2018-01-26,415.19166666666655
2018-01-25,415.4470833333332
2018-01-24,415.4599999999998
2018-01-23,415.4599999999998
2018-01-22,415.5175
2018-01-21,415.6979166666665
2018-01-20,415.9170833333335
2018-01-19,416.0812500000001
2018-01-18,416.44499999999994
2018-01-17,416.51000000000016
2018-01-16,416.51000000000016
2018-01-15,416.5691666666667
2018-01-14,416.6200000000001
2018-01-13,416.6200000000001
2018-01-12,416.6200000000001
2018-01-11,416.7624999999999
2018-01-10,416.91458333333344
2018-01-09,417.08708333333317
2018-01-08,417.33541666666656
2018-01-07,417.4470833333335
2018-01-06,417.64041666666657
2018-01-05,417.82041666666663
2018-01-04,417.9470833333333
2018-01-03,418.0883333333333
2018-01-02,418.25875000000013
2018-01-01,418.35999999999996
2017-12-31,418.35999999999996
2017-12-30,418.43250000000006
2017-12-29,418.63583333333355
2017-12-28,418.88208333333336
2017-12-27,418.9099999999999
2017-12-26,418.925
2017-12-25,418.9891666666665
2017-12-24,419.01041666666646
2017-12-23,419.0654166666665
2017-12-22,419.1233333333333
2017-12-21,419.33458333333334
2017-12-20,419.48499999999984
2017-12-19,419.6179166666666
2017-12-18,419.9049999999999
2017-12-17,419.92250000000007
2017-12-16,420.0008333333332
2017-12-15,420.09708333333356
2017-12-14,420.1195833333332
2017-12-13,420.46833333333325
2017-12-12,420.5791666666667
2017-12-11,420.68999999999977
2017-12-10,420.7299999999998
2017-12-09,420.75208333333353
2017-12-08,420.83624999999984
2017-12-07,420.8799999999999
2017-12-06,420.8799999999999
2017-12-05,420.8799999999999
2017-12-04,420.91041666666683
2017-12-03,421.07500000000005
2017-12-02,421.2062499999999
2017-12-01,421.29416666666657
2017-11-30,421.36958333333337
2017-11-29,421.41249999999997
2017-11-28,421.4287500000002
2017-11-27,421.47791666666666
2017-11-26,421.5
2017-11-25,421.53833333333336
2017-11-24,421.63166666666666
2017-11-23,421.67
2017-11-22,421.67
2017-11-21,421.6899999999998
2017-11-20,421.7099999999998
2017-11-19,421.7099999999998
2017-11-18,421.7099999999998
2017-11-17,421.7099999999998
2017-11-16,421.70875
2017-11-15,421.69999999999993
2017-10-20,423.72
2017-10-19,423.72
2017-10-18,423.72
2017-10-17,423.7137500000003
2017-10-16,423.6899999999999
2017-10-15,423.6608333333333
2017-10-14,423.6599999999999
2017-10-13,423.6599999999999
2017-10-12,423.6566666666665
2017-10-11,423.56458333333336
2017-10-10,423.3466666666666
2017-10-09,423.3133333333332
2017-10-08,423.29999999999995
2017-10-07,423.28416666666664
2017-10-06,423.28
2017-10-05,423.28
2017-10-04,423.2149999999999
2017-10-03,422.95958333333346
2017-10-02,422.8404166666667
2017-10-01,422.8025000000002
2017-09-30,422.74041666666676
2017-09-29,422.50250000000005
2017-09-28,422.3104166666667
2017-09-27,422.3100000000001
2017-09-26,422.23374999999993
2017-09-25,422.1566666666665
2017-09-24,421.8770833333333
2017-09-23,421.83916666666664
2017-09-22,421.7312499999999
2017-09-21,421.48374999999993
2017-09-20,421.3058333333334
2017-09-19,421.22291666666666
2017-09-18,421.0929166666668
2017-09-17,420.8370833333333
2017-09-16,420.7541666666668
2017-09-15,420.4120833333333
2017-09-14,420.3274999999999
2017-09-13,420.3100000000001
2017-09-12,420.3100000000001
2017-09-11,420.3100000000001
2017-09-10,420.3066666666667
2017-09-09,420.29999999999995
2017-09-08,420.29999999999995
2017-09-07,419.8212500000002
2017-09-06,419.5783333333334
2017-09-05,419.3570833333333
2017-09-04,419.3500000000002
2017-09-03,419.2825000000001
2017-09-02,419.08
2017-09-01,418.8270833333333
2017-08-31,418.63375
2017-08-30,418.35083333333324
2017-08-29,418.3204166666665
2017-08-28,418.31125000000014
2017-08-27,418.26208333333335
2017-08-26,418.1537499999998
2017-08-25,418.11416666666673
2017-08-24,418.0045833333332
2017-08-23,417.8725000000002
2017-08-22,417.8450000000001
2017-08-21,417.82166666666654
2017-08-20,417.6304166666666
2017-08-19,417.34208333333345
2017-08-18,417.3304166666666
2017-08-17,417.32124999999996
2017-08-16,417.0966666666668
2017-08-15,416.8270833333333
2017-08-14,416.7691666666669
2017-08-13,416.6845833333334
2017-08-12,416.6566666666665
2017-08-11,416.6225000000002
2017-08-10,416.42541666666665
2017-08-09,416.3266666666666
2017-08-08,416.3199999999999
2017-08-07,416.3199999999999
2017-08-06,416.0758333333334
2017-08-05,415.8116666666667
2017-08-04,415.65249999999975
2017-08-03,415.5033333333333
2017-08-02,415.30041666666654
2017-08-01,415.08458333333346
2017-07-31,414.80541666666676
2017-07-30,414.5820833333334
2017-07-29,414.33375
2017-07-28,414.26833333333315
2017-07-27,414.0983333333333
2017-07-26,413.8454166666667
2017-07-25,413.63499999999993
2017-07-24,413.3383333333333
2017-07-23,413.3008333333335
2017-07-22,413.23875000000015
2017-07-21,413.1862499999999
2017-07-20,413.14541666666673
2017-07-19,412.9925
2017-07-18,412.89333333333343
2017-07-17,412.84458333333345
2017-07-16,412.82374999999985
2017-07-15,412.76375
2017-07-14,412.30791666666664
2017-07-13,412.17208333333315
2017-07-12,411.95583333333343
2017-07-11,411.8287499999999
2017-07-10,411.73666666666685
2017-07-09,411.66333333333324
2017-07-08,411.5287500000001
2017-07-07,411.3166666666668
2017-07-06,411.20125
2017-07-05,411.09458333333345
2017-07-04,410.99
2017-07-03,410.87791666666675
2017-07-02,410.8279166666667
2017-07-01,410.6820833333334
2017-06-30,410.3733333333334
2017-06-29,410.31125000000014
2017-06-28,410.23208333333355
2017-06-27,410.15916666666675
2017-06-26,410.07125000000013
2017-06-25,409.9275
2017-06-24,409.81833333333344
2017-06-23,409.6679166666667
2017-06-22,409.50333333333333
2017-06-21,409.43541666666664
2017-06-20,409.33916666666664
2017-06-19,409.24958333333325
2017-06-18,409.07791666666657
2017-06-17,408.8916666666667
2017-06-16,408.84583333333336
2017-06-15,408.77333333333337
2017-06-14,408.7033333333333
2017-06-13,408.6679166666665
2017-06-12,408.6054166666667
2017-06-11,408.49208333333326
2017-06-10,408.3787500000001
2017-06-09,408.3454166666667
2017-06-08,408.33583333333337
2017-06-07,408.28041666666655
2017-06-06,408.16166666666663
2017-06-05,408.07875000000007
2017-06-04,407.9524999999999
2017-06-03,407.8775
2017-06-02,407.8525000000002
2017-06-01,407.83291666666656
2017-05-31,407.80250000000007
2017-05-30,407.7170833333333
2017-05-29,407.63125000000014
2017-05-28,407.3591666666666
2017-05-27,407.2308333333333
2017-05-26,407.03999999999996
2017-05-25,406.8170833333334
2017-05-24,406.7374999999999
2017-05-23,406.50749999999994
2017-05-22,406.3712500000001
2017-05-21,406.31458333333336
2017-05-20,406.21250000000003
2017-05-19,405.86416666666673
2017-05-18,405.8170000000001
2017-05-17,405.7362499999999
2017-05-16,405.6745833333334
2017-05-15,405.5158333333333
2017-05-14,405.3620833333334
2017-05-13,405.2079166666667
2017-05-12,404.97999999999996
2017-05-11,404.6916666666666
2017-05-10,404.64791666666656
2017-05-09,404.5758333333334
2017-05-08,404.44916666666654
2017-05-07,404.32333333333327
2017-05-06,404.1283333333331
2017-05-05,403.8012499999999
2017-05-04,403.7012500000001
2017-05-03,403.6429166666667
2017-05-02,403.6033333333333
2017-05-01,403.56875000000014
2017-04-30,403.51833333333326
2017-04-29,403.45374999999996
2017-04-28,403.45
2017-04-27,403.45
2017-04-26,403.45
2017-04-25,403.45
2017-04-24,403.45
2017-04-23,403.4362499999999
2017-04-22,403.3929166666667
2017-04-21,403.39000000000004
2017-04-20,403.39500000000004
2017-04-19,404.1437499999998
2017-04-18,404.23791666666654
2017-04-17,404.2741666666668
2017-04-16,404.295
2017-04-15,404.3062500000001
2017-04-14,404.3100000000001
2017-04-13,404.3100000000001
2017-04-12,404.3100000000001
2017-04-11,404.3100000000001
2017-04-10,404.3170833333332
2017-04-09,404.35458333333344
2017-04-08,404.38375
2017-04-07,404.39000000000004
2017-04-06,404.39000000000004
2017-04-05,404.39000000000004
2017-04-04,404.4129166666667
2017-04-03,404.4479166666667
2017-04-02,404.45
2017-04-01,404.45
2017-03-31,404.4554166666665
2017-03-30,404.45999999999987
2017-03-29,404.47291666666644
2017-03-28,404.59874999999994
2017-03-27,404.6670833333333
2017-03-26,404.71041666666656
2017-03-25,404.74708333333336
2017-03-24,404.75
2017-03-23,404.82958333333335
2017-03-22,404.9362499999999
2017-03-21,405.0249999999999
2017-03-20,405.0979166666666
2017-03-19,405.10999999999996
2017-03-18,405.10999999999996
2017-03-17,404.5391666666665
2017-03-16,404.58750000000003
2017-03-15,404.6899999999999
2017-03-14,404.6970833333333
2017-03-13,404.7
2017-03-12,404.7
2017-03-11,404.7
2017-03-10,404.7
2017-03-09,404.7
2017-03-08,404.5026666666666
2017-03-07,403.87999999999994
2017-03-06,404.19
2017-03-02,404.64000000000004
2017-03-01,404.63999999999993
2017-02-28,404.7825
2017-02-27,404.92083333333335
2017-02-26,404.95
2017-02-25,404.95
2017-02-24,404.96
2017-02-23,405.1829166666668
2017-02-22,405.4399999999999
2017-02-21,405.45166666666654
2017-02-20,405.45999999999987
2017-02-19,405.5133333333334
2017-02-18,405.7675
2017-02-17,405.9433333333332
2017-02-16,405.97791666666643
2017-02-15,405.9799999999998
2017-02-14,405.98583333333323
2017-02-13,406.1166666666666
2017-02-12,406.24500000000006
2017-02-11,406.36583333333334
2017-02-10,406.4270833333335
2017-02-09,406.4300000000001
2017-02-08,406.4358333333334
2017-02-07,406.51541666666657
2017-02-06,406.8108333333332
2017-02-05,407.1283333333334
2017-02-04,407.40916666666675
2017-02-03,407.4404166666666
2017-02-02,407.45
2017-02-01,407.5120833333333
2017-01-31,407.8816666666666
2017-01-30,407.9991666666667
2017-01-29,408.0483333333334
2017-01-28,408.0941666666666
2017-01-27,408.12708333333336
2017-01-26,408.14000000000004
2017-01-25,408.15049999999985
2017-01-24,408.3406249999999
2017-01-23,408.35999999999996
2017-01-22,408.36541666666653
2017-01-21,408.45666666666676
2017-01-20,408.7962499999998
2017-01-19,409.1516666666667
2017-01-18,409.4066666666667
2017-01-17,409.42
2017-01-16,409.42541666666676
2017-01-15,409.5429166666666
2017-01-14,409.87083333333345
2017-01-13,409.9520833333333
2017-01-12,410.09041666666684
2017-01-11,410.3391666666668
2017-01-10,410.54750000000007
2017-01-09,410.7616666666666
2017-01-08,410.83150000000006
2017-01-07,410.8400000000001
2017-01-06,410.8412500000001
2017-01-05,410.89333333333326
2017-01-04,410.94125
2017-01-03,410.95000000000005
2017-01-02,410.96208333333317
2017-01-01,411.1916666666666
2016-12-31,411.3999999999999
2016-12-30,411.495
2016-11-18,415.29
2016-11-17,415.2900000000002
2016-11-16,415.2900000000002
2016-11-15,415.2900000000002
2016-11-14,415.2066666666667
2016-11-13,415.20000000000005
2016-11-12,415.20000000000005
2016-11-11,415.20000000000005
2016-11-10,415.20000000000005
2016-11-09,415.2129166666666
2016-11-08,415.1704166666666
2016-11-07,415.1599999999999
2016-11-06,415.13250000000016
2016-11-05,415.11249999999995
2016-11-04,415.1000000000002
2016-11-03,415.09458333333345
2016-11-02,415.0900000000001
2016-11-01,415.08458333333334
2016-10-31,415.05833333333334
2016-10-30,415.04500000000024
2016-10-29,415.04
2016-10-28,415.0400000000002
2016-10-27,415.0400000000002
2016-10-26,415.0400000000002
2016-10-25,415.0354166666668
2016-10-24,415.01583333333343
2016-10-23,415.01000000000016
2016-10-22,415.01000000000016
2016-10-21,415.0020833333333
2016-10-20,415.0
2016-10-19,415.0
2016-10-18,415.0
2016-10-17,414.9679166666667
2016-10-16,414.92041666666665
2016-10-15,414.92
2016-10-14,414.92
2016-10-13,414.92
2016-10-12,414.92
2016-10-11,414.92
2016-10-10,414.64666666666676
2016-10-09,414.51000000000016
2016-10-08,414.51000000000016
2016-10-07,414.4541666666666
2016-10-06,414.4399999999999
2016-10-05,414.4399999999999
2016-10-04,414.4399999999999
2016-10-03,414.4399999999999
2016-10-02,414.4379166666665
2016-10-01,414.34541666666684
2016-09-30,414.2850000000001
2016-09-29,414.2654166666666
2016-09-28,414.24416666666656
2016-09-27,414.20708333333346
2016-09-26,414.1712499999998
2016-09-25,414.13666666666654
2016-09-24,414.1299999999999
2016-09-23,414.13000000000005
2016-09-13,412.31
2016-09-12,412.3100000000002
2016-09-11,412.3066666666667
2016-09-10,412.2829166666666
2016-09-09,412.28
2016-09-08,412.28
2016-09-07,412.2654166666668
2016-09-06,412.26000000000016
2016-09-05,412.2600000000001
2016-09-04,412.25
2016-09-03,412.25
2016-09-02,412.25
2016-09-01,412.25
2016-08-31,412.24708333333325
2016-08-30,412.22083333333336
2016-08-29,412.19749999999993
2016-08-28,412.15333333333314
2016-08-27,412.045
2016-08-26,411.8937500000001
2016-08-25,411.8700000000001
2016-08-24,411.8700000000001
2016-08-23,411.8312499999999
2016-08-22,411.8199999999999
2016-08-21,411.81250000000006
2016-08-20,411.79416666666674
2016-08-19,411.5595833333334
2016-08-18,411.34125
2016-08-17,411.30625000000003
2016-08-16,411.2324999999999
2016-08-15,411.15833333333313
2016-08-14,411.0554166666666
2016-08-13,410.8191666666665
2016-08-12,410.7608333333333
2016-08-11,410.4466666666667
2016-08-10,410.30166666666673
2016-08-09,410.16375
2016-08-08,409.8383333333333
2016-08-07,409.7925
2016-08-06,409.7029166666667
2016-08-05,409.4270833333333
2016-08-04,409.33958333333334
2016-08-03,409.32374999999985
2016-08-02,409.2983333333334
2016-08-01,409.25499999999994
2016-07-31,409.2004166666668
2016-07-30,409.1720833333334
2016-07-29,409.0812499999999
2016-07-28,408.86166666666674
2016-07-27,408.71250000000003
2016-07-26,408.60541666666654
2016-07-25,408.56458333333336
2016-07-24,408.1779166666666
2016-07-23,407.9620833333335
2016-07-22,407.9320833333332
2016-07-21,407.795
2016-07-20,407.57124999999996
2016-07-19,407.5320833333333
2016-07-18,407.44249999999994
2016-07-17,407.24791666666664
2016-07-16,407.01291666666674
2016-07-15,406.8958333333334
2016-07-14,406.7649999999999
2016-07-13,406.6154166666666
2016-07-12,406.5145833333334
2016-07-11,406.21166666666676
2016-07-10,406.0479166666667
2016-07-09,405.95458333333335
2016-07-08,405.83
2016-07-07,405.71291666666684
2016-07-06,405.64833333333326
2016-07-05,405.61375000000004
2016-07-04,405.57874999999996
2016-07-03,405.5325
2016-07-02,405.48874999999975
2016-07-01,405.47249999999985
2016-06-30,405.4516666666666
2016-06-29,405.4199999999999
2016-06-28,405.3958333333333
2016-06-27,405.36958333333337
2016-06-26,405.3241666666667
2016-06-25,405.3100000000001
2016-06-24,405.3100000000001
2016-06-23,403.96
2016-06-22,402.60999999999996
2016-06-21,402.60999999999996
2016-06-20,402.60999999999996
2016-06-19,402.60999999999996
2016-06-18,402.60999999999996
2016-06-17,402.60999999999996
2016-06-16,402.60999999999996
2016-06-15,402.60999999999996
2016-06-14,402.60999999999996
2016-06-13,402.60999999999996
2016-06-12,402.60999999999996
2016-06-11,402.60999999999996
2016-06-10,402.60999999999996
2016-06-09,402.60999999999996
2016-06-08,402.60999999999996
2016-06-07,402.60999999999996
2016-06-06,402.60999999999996
2016-06-05,402.60999999999996
2016-06-04,402.60999999999996
2016-06-03,402.60999999999996
2016-06-02,402.60999999999996
2016-06-01,402.60999999999996
2016-05-31,402.60999999999996
2016-05-30,402.60999999999996
2016-05-29,402.6075
2016-05-28,402.5870833333334
2016-05-27,402.58
2016-05-26,402.57458333333324
2016-05-25,402.55500000000023
2016-05-24,402.52916666666687
2016-05-23,402.5200000000002
2016-05-22,402.5150000000001
2016-05-21,402.4866666666667
2016-05-20,402.45625
2016-05-19,402.4399999999999
2016-05-18,402.4204166666666
2016-05-17,402.39500000000004
2016-05-16,402.39000000000004
2016-05-15,402.38583333333327
2016-05-14,402.36500000000007
2016-05-13,402.33541666666673
2016-05-12,402.32416666666654
2016-05-11,402.3199999999999
2016-05-10,402.3199999999999
2016-05-09,402.3199999999999
2016-05-08,402.3199999999999
2016-05-07,402.3199999999999
2016-05-06,402.32
2016-05-05,402.3199999999999
2016-05-04,402.3199999999999
2016-05-03,402.3199999999999
2016-05-02,402.3199999999999
2016-05-01,402.32625
2016-04-30,402.33125
2016-04-29,402.35083333333336
2016-04-28,402.3616666666667
2016-04-27,402.37000000000006
2016-04-26,402.3774999999999
2016-04-25,402.4204166666666
2016-04-24,402.46666666666647
2016-04-23,402.5158333333333
2016-04-22,402.53791666666683
2016-04-21,402.5604166666665
2016-04-20,402.58291666666673
2016-04-19,402.5900000000001
2016-04-18,402.5900000000001
2016-04-17,402.5900000000001
2016-04-16,402.665
2016-04-15,402.71041666666656
2016-04-14,402.7254166666665
2016-04-13,402.73791666666654
2016-04-12,402.76166666666694
2016-04-11,402.7854166666668
2016-04-10,402.83333333333354
2016-04-09,402.85000000000014
2016-04-08,402.85000000000014
2016-04-07,402.8566666666666
2016-04-06,402.8683333333334
2016-04-05,402.87000000000006
2016-04-04,402.87000000000006
2016-04-03,402.87000000000006
2016-04-02,402.87000000000006
2016-04-01,402.87124999999986
2016-03-31,402.9324999999999
2016-03-30,403.06916666666666
2016-03-29,403.2825
2016-03-28,403.35875000000004
2016-03-27,403.37499999999994
2016-03-26,403.3866666666667
2016-03-25,403.4383333333332
2016-03-24,403.46083333333326
2016-03-23,403.76500000000004
2016-03-22,403.97916666666674
2016-03-21,404.03708333333344
2016-03-20,404.04000000000013
2016-03-19,404.04000000000013
2016-03-18,404.2129166666668
2016-03-17,404.3416666666667
2016-03-16,404.36041666666665
2016-03-15,404.4041666666665
2016-03-14,404.5183333333334
2016-03-13,404.5470833333334
2016-03-12,404.5600000000001
2016-03-11,404.5600000000001
2016-03-10,404.5600000000001
2016-03-09,404.5600000000001
2016-03-08,404.7662500000002
2016-03-07,404.8733333333334
2016-03-06,404.9875
2016-03-05,405.06583333333316
2016-03-04,405.0699999999999
2016-03-03,405.25041666666675
2016-03-02,405.38208333333336
2016-03-01,405.4354166666665
2016-02-29,405.47874999999993
2016-02-28,405.55458333333314
2016-02-27,405.6449999999998
2016-02-26,405.6599999999999
2016-02-25,405.6599999999999
2016-02-24,405.66124999999994
2016-02-23,405.8291666666667
2016-02-22,406.2162500000001
2016-02-21,406.3604166666666
2016-02-20,406.3912499999999
2016-02-19,406.4120833333334
2016-02-18,406.4904166666666
2016-02-17,406.5429166666666
2016-02-16,406.77875
2016-02-15,406.8587499999999
2016-02-14,407.08250000000004
2016-02-13,407.28375000000005
2016-02-12,407.3433333333335
2016-02-11,407.4312500000001
2016-02-10,407.61083333333335
2016-02-09,407.6474999999998
2016-02-08,407.6508333333332
2016-02-07,407.7745833333335
2016-02-06,407.85833333333335
2016-02-05,407.94583333333344
2016-02-04,408.0116666666668
2016-02-03,408.0200000000002
2016-02-02,408.0200000000002
2016-02-01,408.33
2016-01-31,408.5329166666667
2016-01-30,408.5958333333335
2016-01-29,408.8487500000001
2016-01-28,408.96916666666675
2016-01-27,409.0620833333334
2016-01-26,409.1091666666667
2016-01-25,409.2141666666666
2016-01-24,409.3791666666666
2016-01-23,409.55916666666684
2016-01-22,409.60000000000014
2016-01-21,409.7395833333333
2016-01-20,409.9604166666666
2016-01-19,410.05166666666673
2016-01-18,410.0900000000001
2016-01-17,410.0900000000001
2016-01-16,410.25666666666666
2016-01-15,410.47416666666686
2016-01-14,410.7120833333334
2016-01-13,411.2900000000002
2016-01-12,411.3037500000001
2016-01-11,411.3241666666667
2016-01-10,411.3400000000001
2016-01-09,411.34708333333356
2016-01-08,411.4187499999998
2016-01-07,411.6383333333335
2016-01-06,411.8995833333334
2016-01-05,411.9574999999999
2016-01-04,411.9895833333333
2016-01-03,412.35625000000005
2016-01-02,412.79541666666654
2016-01-01,412.9741666666666
2015-12-31,413.00583333333344
2015-12-30,413.01000000000016
2015-12-29,413.01000000000016
2015-12-28,413.01000000000016
2015-12-27,413.0141666666669
2015-12-26,413.2033333333334
2015-12-25,413.3400000000001
2015-12-24,413.3400000000001
2015-12-23,413.36333333333323
2015-12-22,413.54291666666677
2015-12-21,413.8637499999998
2015-12-20,414.12708333333353
2015-12-19,414.3666666666668
2015-12-18,414.3745833333332
2015-12-17,414.3799999999999
2015-12-16,414.38750000000005
2015-12-15,414.4524999999999
2015-12-14,414.50750000000016
2015-12-13,414.7200000000001
2015-12-12,414.85208333333327
2015-12-11,414.89750000000004
2015-12-10,415.0179166666667
2015-12-09,415.0600000000001
2015-12-08,415.1970833333334
2015-12-07,415.6695833333334
2015-12-06,415.8845833333334
2015-12-05,415.9320833333332
2015-12-04,416.01499999999993
2015-12-03,416.0562500000001
2015-12-02,416.06583333333316
2015-12-01,416.1304166666668
2015-11-30,416.2850000000001
2015-11-29,416.3500000000002
2015-11-28,416.3500000000002
2015-11-27,416.3554166666667
2015-11-26,416.555
2015-11-25,416.5699999999999
2015-11-24,416.5758333333333
2015-11-23,416.58
2015-11-22,416.58
2015-11-21,416.58
2015-11-20,416.58
2015-11-19,416.6012500000001
2015-11-18,416.6200000000001
2015-11-17,416.6374999999998
2015-11-16,416.6499999999998
2015-11-15,416.6499999999998
2015-11-14,416.6441666666664
2015-11-13,416.6299999999999
2015-11-12,416.6299999999999
2015-11-11,416.6299999999999
2015-11-10,416.6299999999999
2015-11-09,416.6299999999999
2015-11-08,416.6287500000001
2015-11-07,416.6200000000001
2015-11-06,416.6200000000001
2015-11-05,416.6200000000001
2015-11-04,416.6200000000001
2015-11-03,416.61666666666673
2015-11-02,416.6075
2015-11-01,416.6000000000002
2015-10-31,416.59375000000006
2015-10-30,416.5900000000001
2015-10-29,416.5900000000001
2015-10-28,416.56625000000014
2015-10-27,416.5058333333334
2015-10-26,416.4912499999998
2015-10-25,416.4454166666667
2015-10-24,416.3045833333333
2015-10-23,416.28458333333333
2015-10-22,416.28
2015-10-21,416.28
2015-10-20,416.28
2015-10-19,416.28
2015-10-18,416.2341666666664
2015-10-17,416.2099999999998
2015-10-16,415.8520833333334
2015-10-15,415.2129166666668
2015-10-14,415.08833333333337
2015-10-13,415.0558333333334
2015-10-12,415.0200000000002
2015-10-11,415.0200000000002
2015-10-10,415.0200000000002
2015-10-09,415.0200000000002
2015-10-08,414.60458333333344
2015-10-07,414.0620833333333
2015-10-06,413.9545833333334
2015-10-05,413.7804166666668
2015-10-04,413.5024999999999
2015-10-03,413.14666666666653
2015-10-02,413.12125
2015-10-01,413.05750000000006
2015-09-30,412.56583333333333
2015-09-29,412.2791666666665
2015-09-28,412.0062499999999
2015-09-27,411.73833333333346
2015-09-26,411.49
2015-09-25,411.4320833333333
2015-09-24,411.2062500000002
2015-09-23,411.01500000000004
2015-09-22,410.7229166666666
2015-09-21,410.4937500000001
2015-09-20,410.1933333333333
2015-09-19,410.0608333333332
2015-09-18,409.90749999999997
2015-09-17,409.7291666666665
2015-09-16,409.6095833333332
2015-09-15,409.5366666666667
2015-09-14,409.14208333333346
2015-09-13,408.97583333333324
2015-09-12,408.65124999999995
2015-09-11,408.4066666666666
2015-09-10,408.17875000000004
2015-09-09,407.96958333333333
2015-09-08,407.6762499999999
2015-09-07,407.5075000000001
2015-09-06,407.38375000000013
2015-09-05,407.28
2015-09-04,407.28
2015-09-03,407.28
2015-09-02,407.28
2015-09-01,407.28
2015-08-31,407.28
2015-08-30,407.3866666666667
2015-08-29,407.7141666666667
2015-08-28,408.3458333333333
2015-08-04,402.7435
2015-08-03,402.4512500000001
2015-08-02,402.33083333333326
2015-08-01,402.3100000000001
2015-07-31,402.2995833333334
2015-07-30,402.161
2015-07-29,401.999375
2015-07-28,401.89500000000004
2015-07-27,401.8016666666668
2015-07-26,401.7833333333335
2015-07-25,401.80458333333326
2015-07-24,401.7516666666666
2015-07-23,401.6933333333332
2015-07-22,401.6170833333333
2015-07-21,401.5991666666668
2015-07-20,401.60499999999996
2015-07-19,401.60166666666674
2015-07-18,401.57874999999996
2015-07-17,401.54666666666685
2015-07-16,401.54625000000016
2015-07-15,401.5208333333334
2015-07-14,401.5095833333333
2015-07-13,401.5158333333334
2015-07-12,401.55833333333334
2015-07-11,401.59666666666664
2015-07-10,401.5941666666667
2015-07-09,401.86916666666656
2015-07-08,402.17833333333334
2015-07-07,402.23458333333343
2015-07-06,402.2700000000002
2015-07-05,402.2925
2015-07-04,402.33750000000015
2015-07-03,402.3716666666667
2015-07-02,402.42124999999993
2015-07-01,402.4795833333332
2015-06-30,402.5070833333336
2015-06-29,402.50625000000014
2015-06-28,402.54291666666654
2015-06-27,402.58916666666664
2015-06-26,402.62333333333345
2015-06-25,402.7533333333334
2015-06-24,402.8579166666666
2015-06-23,402.9108333333334
2015-06-22,402.93458333333325
2015-06-21,402.99875000000026
2015-06-20,403.05541666666676
2015-06-19,403.10416666666674
2015-06-18,403.1774999999998
2015-06-17,403.2333333333333
2015-06-16,403.1220833333334
2015-06-15,403.14750000000004
2015-06-14,403.2054166666666
2015-06-13,403.2820833333332
2015-06-12,403.34999999999985
2015-06-11,403.42374999999987
2015-06-10,403.53
2015-06-09,403.6566666666666
2015-06-08,403.78249999999997
2015-06-07,403.8479166666666
2015-06-06,403.96166666666676
2015-06-05,404.07958333333346
2015-06-04,404.1499999999999
2015-06-03,404.2524999999999
2015-06-02,404.38249999999994
2015-06-01,404.5033333333333
2015-05-31,404.57
2015-05-30,404.6500000000001
2015-05-29,404.69958333333346
2015-05-28,404.86375
2015-05-27,404.95374999999973
2015-05-26,404.97625
2015-05-25,405.0199999999999
2015-05-24,405.1433333333334
2015-05-23,405.40833333333325
2015-05-22,405.52833333333325
2015-05-21,405.57041666666663
2015-05-20,405.59958333333356
2015-05-19,405.673333333333
2015-05-18,405.7616666666666
2015-05-17,405.78416666666675
2015-05-16,405.84541666666655
2015-05-15,405.97416666666663
2015-05-14,406.13458333333324
2015-05-13,406.295
2015-05-12,406.3820833333334
2015-05-11,406.3529166666669
2015-05-10,406.36083333333335
2015-05-09,406.4262499999998
2015-05-08,406.52875
2015-05-07,406.5870833333335
2015-05-06,406.67124999999993
2015-05-05,406.7745833333334
2015-05-04,406.8754166666667
2015-05-03,406.94750000000005
2015-05-02,407.0508333333333
2015-05-01,407.12624999999997
2015-04-30,407.18541666666664
2015-04-29,407.3029166666668
2015-04-28,407.31333333333333
2015-04-27,407.20541666666674
2015-04-26,407.3133333333333
2015-04-25,407.4308333333331
2015-04-24,407.56125000000003
2015-04-23,407.71999999999986
2015-04-22,407.805
2015-04-21,407.8662499999998
2015-04-20,407.89208333333323
2015-04-19,407.88333333333316
2015-04-18,407.9683333333333
2015-04-17,408.1054166666666
2015-04-16,408.2108333333333
2015-04-15,408.3154166666668
2015-04-14,408.38166666666666
2015-04-13,408.40749999999986
2015-04-12,408.44041666666664
2015-04-11,408.4887499999999
2015-04-10,408.49291666666653
2015-04-09,408.5062500000002
2015-04-08,408.5883333333333
2015-04-07,408.64874999999984
2015-04-06,408.685
2015-04-05,408.8045833333333
2015-04-04,409.0066666666667
2015-04-03,408.9849999999999
2015-04-02,409.0362500000001
2015-04-01,409.12749999999977
2015-03-31,409.2920833333333
2015-03-30,409.4279166666666
2015-03-29,409.54000000000025
2015-03-28,409.6933333333332
2015-03-27,409.8825
2015-03-26,409.91958333333326
2015-03-25,410.04249999999996
2015-03-24,410.10291666666666
2015-03-23,410.1958333333332
2015-03-22,410.31250000000017
2015-03-21,410.43250000000006
2015-03-20,410.5704166666667
2015-03-19,410.6554166666667
2015-03-18,410.80500000000023
2015-03-17,410.9404166666668
2015-03-16,411.11083333333323
2015-03-15,411.2691666666667
2015-03-14,411.36625000000004
2015-03-13,411.5058333333334
2015-03-12,411.4845833333333
2015-03-11,411.5699999999999
2015-03-10,411.57708333333335
2015-03-09,411.6624999999999
2015-03-08,411.8975
2015-03-07,412.1195833333333
2015-03-06,412.2904166666667
2015-03-05,412.3108333333333
2015-03-04,412.07375
2015-03-03,412.2691666666665
2015-03-02,412.46500000000015
2015-03-01,412.5495833333336
2015-02-28,412.68250000000006
2015-02-27,412.8524999999999
2015-02-26,412.82125000000013
2015-02-25,412.86000000000007
2015-02-24,413.13833333333326
2015-02-23,413.3562500000001
2015-02-22,413.32249999999993
2015-02-21,413.33958333333356
2015-02-20,413.4874999999999
2015-02-19,413.7954166666666
2015-02-18,413.97583333333336
2015-02-17,414.10083333333336
2015-02-16,414.21083333333314
2015-02-15,414.3108333333334
2015-02-14,414.4649999999999
2015-02-13,414.64916666666664
2015-02-12,414.76749999999987
2015-02-11,414.7850000000001
2015-02-10,414.92916666666673
2015-02-09,415.10375000000016
2015-02-08,415.18791666666647
2015-02-07,415.4208333333333
2015-02-06,415.66624999999993
2015-02-05,415.79833333333335
2015-02-04,415.85583333333324
2015-02-03,416.03291666666684
2015-02-02,416.1908333333331
2015-02-01,416.16291666666666
2015-01-31,416.3758333333333
2015-01-30,416.6708333333332
2015-01-29,416.7395833333332
2015-01-28,416.8616666666669
2015-01-27,417.035
2015-01-26,417.2162500000001
2015-01-25,417.30750000000006
2015-01-24,417.51749999999987
2015-01-23,417.6920833333332
2015-01-22,417.71916666666675
2015-01-21,417.86958333333354
2015-01-20,417.97374999999994
2015-01-19,418.2154166666667
2015-01-18,418.48083333333335
2015-01-17,418.5329166666667
2015-01-16,418.7725000000001
2015-01-15,418.93125000000003
2015-01-14,419.08750000000015
2015-01-13,419.2333333333334
2015-01-12,419.2795833333332
2015-01-11,419.3895833333333
2015-01-10,419.64791666666673
2015-01-09,419.7854166666668
2015-01-08,420.0170833333336
2015-01-07,420.09958333333316
2015-01-06,420.2504166666666
2015-01-05,420.4650000000001
2015-01-04,420.4691666666666
2015-01-03,420.3824999999999
2015-01-02,420.5629166666666
2015-01-01,420.77874999999995
2014-12-31,421.0120833333333
2014-12-30,421.0558333333334
2014-12-29,421.13541666666646
2014-12-28,421.30708333333354
2014-12-27,421.33375
2014-12-26,421.4016666666666
2014-12-25,421.5983333333333
2014-12-24,421.81458333333353
2014-12-23,421.7266666666665
2014-12-22,421.8383333333332
2014-12-21,422.09791666666666
2014-12-20,422.2891666666667
2014-12-19,422.35791666666654
2014-12-18,422.4633333333334
2014-12-17,422.6308333333334
2014-12-16,422.8083333333332
2014-12-15,422.8179166666667
2014-12-14,422.9079166666666
2014-12-13,423.14208333333335
2014-12-12,423.31583333333316
2014-12-11,423.43249999999995
2014-12-10,423.5583333333332
2014-12-09,423.73416666666685
2014-12-08,423.8400000000001
2014-12-07,423.94833333333344
2014-12-06,424.04041666666654
2014-12-05,424.08666666666676
2014-12-04,424.2345833333334
2014-12-03,424.3595833333334
2014-12-02,424.53083333333325
2014-12-01,424.5845833333332
2014-11-30,424.63250000000016
2014-11-29,424.7654166666668
2014-11-28,424.99291666666676
2014-11-27,425.13958333333335
2014-11-26,425.1862499999999
2014-11-25,425.2537500000001
2014-11-24,425.2191666666667
2014-11-23,425.175
2014-11-22,425.36208333333326
2014-11-21,425.5145833333335
2014-11-20,425.5783333333333
2014-11-19,425.7395833333333
2014-11-18,425.9025000000001
2014-11-17,425.92666666666656
2014-11-16,425.83541666666673
2014-11-15,426.0033333333333
2014-11-14,426.16583333333324
2014-11-13,426.2525000000001
2014-11-12,426.20583333333343
2014-11-11,426.07416666666654
2014-11-10,426.1025
2014-11-09,426.28375000000005
2014-11-08,426.30333333333346
2014-11-07,426.37416666666667
2014-11-06,426.38499999999993
2014-11-05,426.38041666666663
2014-11-04,426.4016666666665
2014-11-03,426.4012499999999
2014-11-02,426.4404166666666
2014-11-01,426.4570833333332
2014-10-31,426.3808333333333
2014-10-30,426.3145833333333
2014-10-29,426.2670833333332
2014-10-28,426.19
2014-10-27,426.1208333333334
2014-10-26,426.11333333333323
2014-10-25,426.13708333333335
2014-10-24,426.09958333333356
2014-10-23,426.0629166666666
2014-10-22,426.00291666666664
2014-10-21,425.96041666666684
2014-10-20,425.935
2014-10-19,425.91166666666663
2014-10-18,425.8629166666667
2014-10-17,425.8291666666666
2014-10-16,425.8199999999999
2014-10-15,425.80250000000007
2014-10-14,425.7508333333333
2014-10-13,425.54874999999987
2014-10-12,425.5116666666667
2014-10-11,425.48875
2014-10-10,425.40083333333314
2014-10-09,425.3654166666667
2014-10-08,425.3120833333333
2014-10-07,425.24208333333326
2014-10-06,425.13000000000005
2014-10-05,425.10666666666657
2014-10-04,425.1412500000001
2014-10-03,425.0325000000002
2014-10-02,424.8516666666667
2014-10-01,424.7033333333332
2014-09-30,424.62291666666675
2014-09-29,424.5604166666667
2014-09-28,424.4554166666667
2014-09-27,424.3725
2014-09-26,424.3258333333333
2014-09-25,424.1929166666666
2014-09-24,424.04875
2014-09-23,423.9149999999999
2014-09-22,423.8083333333334
2014-09-21,423.6508333333333
2014-09-20,423.48375000000004
2014-09-19,423.2949999999999
2014-09-18,423.1241666666667
2014-09-17,423.0112499999998
2014-09-16,422.9129166666667
2014-09-15,422.77416666666653
2014-09-14,422.60666666666674
2014-09-13,422.43000000000006
2014-09-12,422.1824999999999
2014-09-11,421.9674999999999
2014-09-10,421.78041666666655
2014-09-09,421.60499999999996
2014-09-08,421.4266666666668
2014-09-07,421.2475
2014-09-06,421.0391666666665
2014-09-05,420.88583333333327
2014-09-04,420.7166666666667
2014-09-03,420.49
2014-09-02,420.3475000000001
2014-09-01,420.19041666666675
2014-08-31,419.9429166666667
2014-08-30,419.60875000000004
2014-08-29,419.1691666666666
2014-08-28,418.95750000000015
2014-08-27,418.77916666666664
2014-08-26,418.5395833333332
2014-08-25,418.30208333333326
2014-08-24,418.06958333333336
2014-08-23,417.89625
2014-08-22,417.7108333333333
2014-08-21,417.4941666666666
2014-08-20,417.25374999999985
2014-08-19,417.0133333333333
2014-08-18,416.8358333333333
2014-08-17,416.6266666666667
2014-08-16,416.45000000000005
2014-08-15,416.3129166666666
2014-08-14,416.14750000000004
2014-08-13,416.01166666666654
2014-08-12,415.88250000000016
2014-08-11,415.7220833333334
2014-08-10,415.5679166666668
2014-08-09,415.42541666666676
2014-08-08,415.2687500000001
2014-08-07,415.1283333333334
2014-08-06,415.3041666666666
2014-08-05,415.24083333333346
2014-08-04,415.0383333333334
2014-08-03,414.9016666666667
2014-08-02,414.7870833333334
2014-08-01,414.6633333333332
2014-07-31,414.5266666666667
2014-07-30,414.3191666666669
2014-07-29,414.24499999999995
2014-07-28,414.1666666666666
2014-07-27,414.085
2014-07-26,414.01208333333324
2014-07-25,413.96708333333316
2014-07-24,413.86958333333354
2014-07-23,413.72749999999996
2014-07-22,413.63249999999994
2014-07-21,413.4958333333334
2014-07-20,413.3354166666668
2014-07-19,413.2016666666666
2014-07-18,413.0974999999999
2014-07-17,413.0475000000001
2014-07-16,412.93833333333333
2014-07-15,412.7966666666667
2014-07-14,412.7
2014-07-13,412.6195833333333
2014-07-12,412.4950000000001
2014-07-11,412.3370833333335
2014-07-10,412.1787500000001
2014-07-09,412.05041666666654
2014-07-08,411.9120833333333
2014-07-07,411.78541666666666
2014-07-06,411.6933333333333
2014-07-05,411.6454166666667
2014-07-04,411.5537500000001
2014-07-03,411.37833333333333
2014-07-02,411.23625
2014-07-01,411.0933333333332
2014-06-30,411.0162499999999
2014-06-29,410.91124999999994
2014-06-28,410.76375000000013
2014-06-27,410.6483333333335
2014-06-26,410.59791666666666
2014-06-25,410.52083333333326
2014-06-24,410.4254166666667
2014-06-23,410.2654166666667
2014-06-22,410.15541666666644
2014-06-21,410.1225000000001
2014-06-20,410.06374999999997
2014-06-19,409.93541666666687
2014-06-18,409.8245833333335
2014-06-17,409.7495833333335
2014-06-16,409.66791666666677
2014-06-15,409.5058333333333
2014-06-14,409.3870833333333
2014-06-13,409.3145833333335
2014-06-12,409.2149999999999
2014-06-11,409.1099999999999
2014-06-10,409.0274999999999
2014-06-09,408.8804166666666
2014-06-08,408.8258333333334
2014-06-07,408.7445833333334
2014-06-06,408.63999999999993
2014-06-05,408.55250000000007
2014-06-04,408.4645833333332
2014-06-03,408.39625
2014-06-02,408.2941666666666
2014-06-01,408.1904166666666
2014-05-31,408.0879166666668
2014-05-30,407.9770833333334
2014-05-29,408.3570833333333
2014-05-28,408.43333333333334
2014-05-27,408.3374999999999
2014-05-26,408.29500000000013
2014-05-25,408.2116666666666
2014-05-24,408.0608333333334
2014-05-23,407.9812499999998
2014-05-22,407.8858333333333
2014-05-21,407.76083333333327
2014-05-20,407.62083333333345
2014-05-19,407.49875000000014
2014-05-18,407.38124999999997
2014-05-17,407.25624999999974
2014-05-16,407.18666666666655
2014-05-15,407.1154166666666
2014-05-14,406.97
2014-05-13,406.7137499999999
2014-05-12,406.41499999999996
2014-05-11,406.2491666666667
2014-05-10,406.1075
2014-05-09,405.9416666666666
2014-05-08,405.68791666666675
2014-05-07,405.4966666666667
2014-05-06,405.3583333333333
2014-05-05,405.2670833333334
2014-05-04,405.1466666666666
2014-05-03,404.98916666666673
2014-05-02,404.8279166666668
2014-05-01,404.71750000000014
2014-04-30,404.5158333333333
2014-04-29,404.2325000000001
2014-04-28,404.03416666666664
2014-04-27,403.8595833333334
2014-04-26,403.8408333333334
2014-04-25,403.81708333333336
2014-04-24,403.67083333333335
2014-04-23,403.53875
2014-04-22,403.4841666666667
2014-04-21,403.38999999999993
2014-04-20,403.3262499999999
2014-04-19,403.2970833333334
2014-04-18,403.2433333333333
2014-04-17,403.09041666666684
2014-04-16,403.04666666666645
2014-04-15,403.07541666666674
2014-04-14,402.80708333333337
2014-04-13,402.68666666666667
2014-04-12,402.7120833333331
2014-04-11,402.72666666666663
2014-04-10,402.73791666666676
2014-04-09,402.77208333333346
2014-04-08,402.7204166666666
2014-04-07,402.52874999999995
2014-04-06,402.465
2014-04-05,402.4929166666666
2014-04-04,402.4574999999999
2014-04-03,402.3241666666666
2014-04-02,402.3366666666668
2014-04-01,402.35208333333344
2014-03-31,402.3483333333333
2014-03-30,402.4179166666666
2014-03-29,402.4079166666667
2014-03-28,402.2054166666667
2014-03-27,402.14625000000007
2014-03-26,402.26291666666657
2014-03-25,402.3166666666668
2014-03-24,402.285
2014-03-23,402.2445833333334
2014-03-22,402.1800000000001
2014-03-21,402.21750000000003
2014-03-20,402.3191666666667
2014-03-19,402.2820833333333
2014-03-18,402.14416666666665
2014-03-17,402.2666666666667
2014-03-16,402.2566666666667
2014-03-15,402.2637500000001
2014-03-14,402.38208333333324
2014-03-13,402.51083333333327
2014-03-12,402.4483333333335
2014-03-11,402.3208333333334
2014-03-10,402.49166666666656
2014-03-09,402.5945833333332
2014-03-08,402.4974999999998
2014-03-07,402.5608333333333
2014-03-06,402.6799999999999
2014-03-05,402.71083333333326
2014-03-04,402.8120833333335
2014-03-03,402.9170833333333
2014-03-02,402.8141666666667
2014-03-01,402.86499999999984
2014-02-28,402.91416666666663
2014-02-27,403.07749999999993
2014-02-26,403.13624999999985
2014-02-25,403.0841666666667
2014-02-24,403.2279166666668
2014-02-23,403.2841666666666
2014-02-22,403.3729166666667
2014-02-21,403.49125000000004
2014-02-20,403.4199999999999
2014-02-19,403.51
2014-02-18,403.65125000000006
2014-02-17,403.70708333333323
2014-02-16,403.8149999999999
2014-02-15,403.9470833333332
2014-02-14,403.96999999999997
2014-02-13,404.1291666666666
2014-02-12,404.3116666666667
2014-02-11,404.43791666666647
2014-02-10,404.4766666666665
2014-02-09,404.5920833333333
2014-02-08,404.77458333333334
2014-02-07,404.94416666666666
2014-02-06,405.0045833333336
2014-02-05,405.00416666666655
2014-02-04,405.0083333333334
2014-02-03,405.2300000000001
2014-02-02,405.2412500000002
2014-02-01,405.2879166666669
2014-01-31,405.44041666666664
2014-01-30,405.69250000000005
2014-01-29,405.9933333333335
2014-01-28,406.06125
2014-01-27,406.02124999999995
2014-01-26,406.1241666666667
2014-01-25,406.4670833333334
2014-01-24,406.66291666666666
2014-01-23,406.5566666666669
2014-01-22,406.6441666666667
2014-01-21,406.8395833333332
2014-01-20,406.875
2014-01-19,407.1137499999999
2014-01-18,407.25666666666683
2014-01-17,407.4433333333332
2014-01-16,407.5062499999999
2014-01-15,407.76916666666665
2014-01-14,407.81999999999994
2014-01-13,407.89708333333334
2014-01-12,408.0375000000001
2014-01-11,408.19041666666675
2014-01-10,408.25583333333344
2014-01-09,408.47375000000005
2014-01-08,408.6854166666667
2014-01-07,409.0175000000001
2014-01-06,409.17833333333334
2014-01-05,409.02874999999995
2014-01-04,409.18583333333345
2014-01-03,409.53583333333336
2014-01-02,409.6470833333332
2014-01-01,409.7508333333333
2013-12-31,410.01125
2013-12-30,410.1079166666664
2013-12-29,410.15708333333333
2013-12-28,410.39208333333323
2013-12-27,410.67375
2013-12-26,410.82250000000005
2013-12-25,410.9279166666666
2013-12-24,411.1816666666667
2013-12-23,411.3241666666667
2013-12-22,411.2829166666667
2013-12-21,411.27958333333345
2013-12-20,411.4941666666668
2013-12-19,411.73833333333323
2013-12-18,412.0462500000001
2013-12-17,412.25624999999997
2013-12-16,412.395
2013-12-15,412.5929166666668
2013-12-14,412.6183333333335
2013-12-13,412.7916666666666
2013-12-12,413.1804166666668
2013-12-11,413.2995833333335
2013-12-10,413.46541666666667
2013-12-09,413.4995833333332
2013-12-08,413.69208333333336
2013-12-07,413.97583333333347
2013-12-06,414.04624999999993
2013-12-05,414.07166666666666
2013-12-04,414.16125000000005
2013-12-03,414.31166666666655
2013-12-02,414.53249999999997
2013-12-01,414.83374999999995
2013-11-30,415.08541666666656
2013-11-29,415.32250000000005
2013-11-28,415.46250000000003
2013-11-27,415.6491666666666
2013-11-26,415.7216666666666
2013-11-25,415.85125
2013-11-24,416.12416666666655
2013-11-23,416.2375
2013-11-22,416.2437499999999
2013-11-21,416.2829166666667
2013-11-20,416.39750000000004
2013-11-19,416.5625000000002
2013-11-18,416.6483333333333
2013-11-17,416.68458333333336
2013-11-16,416.78999999999996
2013-11-15,416.96791666666667
2013-11-14,417.23375000000004
2013-11-13,417.50708333333324
2013-11-12,417.5354166666668
2013-11-11,417.5995833333333
2013-11-10,417.7670833333334
2013-11-09,417.8370833333333
2013-11-08,417.9995833333333
2013-11-07,418.0941666666668
2013-11-06,418.03624999999994
2013-11-05,418.0899999999999
2013-11-04,418.23
2013-11-03,418.39958333333334
2013-11-02,418.5116666666668
2013-11-01,418.45583333333326
2013-10-31,418.5170833333334
2013-10-30,418.6320833333334
2013-10-29,418.80333333333334
2013-10-28,418.90958333333316
2013-10-27,419.03208333333345
2013-10-26,419.1416666666668
2013-10-25,419.2412500000001
2013-10-24,419.32041666666674
2013-10-23,419.4249999999999
2013-10-22,419.4145833333332
2013-10-21,419.3891666666666
2013-10-20,419.73999999999984
2013-10-19,419.74749999999995
2013-10-18,419.75
2013-10-17,419.78000000000014
2013-10-16,419.7900000000002
2013-10-15,419.8054166666668
2013-10-14,419.8808333333333
2013-10-13,419.9520833333333
2013-10-12,419.94166666666666
2013-10-11,419.9545833333331
2013-10-10,420.0566666666667
2013-10-09,420.15250000000015
2013-10-08,420.2470833333334
2013-10-07,420.2841666666668
2013-10-06,420.2895833333335
2013-10-05,420.25458333333336
2013-10-04,420.2495833333333
2013-10-03,420.2483333333333
2013-10-02,420.24875
2013-10-01,420.2429166666666
2013-09-30,420.26083333333355
2013-09-29,420.28541666666666
2013-09-28,420.2758333333333
2013-09-27,420.2349999999999
2013-09-26,420.1845833333332
2013-09-25,420.13624999999996
2013-09-24,420.1091666666666
2013-09-23,420.01583333333343
2013-09-22,420.0091666666668
2013-09-21,419.9704166666667
2013-09-20,419.84375
2013-09-19,419.8100000000001
2013-09-18,419.78166666666675
2013-09-17,419.69166666666655
2013-09-16,419.57375
2013-09-15,419.39874999999984
2013-09-14,419.24052631578934
2013-09-13,419.04470588235296
2013-09-12,418.9279166666668
2013-09-11,418.8037500000001
2013-09-10,418.6345833333333
2013-09-09,418.41458333333344
2013-09-08,418.2708333333334
2013-09-07,418.11208333333326
2013-09-06,417.9841666666667
2013-09-05,417.8391666666668
2013-09-04,417.62166666666684
2013-09-03,417.4529166666666
2013-09-02,417.26874999999995
2013-09-01,417.07458333333324
2013-08-31,416.93833333333345
2013-08-30,416.8320833333334
2013-08-29,416.71166666666676
2013-08-28,416.5308333333334
2013-08-27,416.37083333333334
2013-08-26,416.2062499999999
2013-08-25,416.03473684210525
2013-08-24,415.8288235294119
2013-08-23,415.7070833333333
2013-08-22,415.53083333333325
2013-08-21,415.3379166666668
2013-08-20,415.09833333333336
2013-08-19,414.9178947368421
2013-08-18,414.6623529411765
2013-08-17,414.44875
2013-08-16,414.19374999999997
2013-08-15,414.0024999999999
2013-08-14,413.80916666666684
2013-08-13,413.69416666666683
2013-08-12,413.48916666666656
2013-08-11,413.3070833333334
2013-08-10,413.10208333333344
2013-08-09,412.88958333333335
2013-08-08,412.68875
2013-08-07,412.52708333333334
2013-08-06,412.40749999999997
2013-08-05,412.3400000000001
2013-08-04,412.28208333333333
2013-08-03,412.15916666666664
2013-08-02,411.9975
2013-08-01,411.91624999999993
2013-07-31,411.8466666666665
2013-07-30,411.7979166666667
2013-07-29,411.69374999999997
2013-07-28,411.5829166666669
2013-07-27,411.53000000000003
2013-07-26,411.49875
2013-07-25,411.45666666666654
2013-07-24,411.3570833333333
2013-07-23,411.31708333333336
2013-07-22,411.2733333333333
2013-07-21,411.17499999999995
2013-07-20,411.1020833333334
2013-07-19,411.01124999999996
2013-07-18,410.9591666666666
2013-07-17,410.87210526315795
2013-07-16,410.6994117647059
2013-07-15,410.51000000000005
2013-07-14,410.4020833333334
2013-07-13,410.32421052631577
2013-07-12,410.18294117647054
2013-07-11,410.11249999999995
2013-07-10,410.01291666666674
2013-07-09,409.9162499999998
2013-07-08,409.9029166666665
2013-07-07,409.73708333333326
2013-07-06,409.62375000000003
2013-07-05,409.5520833333334
2013-07-04,409.45249999999993
2013-07-03,409.4029166666667
2013-07-02,409.2866666666667
2013-07-01,409.1724999999999
2013-06-30,409.12208333333325
2013-06-29,409.06666666666666
2013-06-28,408.9420833333333
2013-06-27,408.76250000000005
2013-06-26,408.5566666666666
2013-06-25,408.4091666666668
2013-06-24,408.3200000000001
2013-06-23,408.2241666666667
2013-06-22,408.1708333333331
2013-06-21,408.12500000000006
2013-06-20,408.02041666666656
2013-06-19,407.89875
2013-06-18,407.8012499999999
2013-06-17,407.6679166666667
2013-06-16,407.5791666666667
2013-06-15,407.45625
2013-06-14,407.35374999999993
2013-06-13,407.2895833333334
2013-06-12,407.1325
2013-06-11,407.01416666666677
2013-06-10,406.85375000000016
2013-06-09,406.6354166666667
2013-06-08,406.4966666666666
2013-06-07,406.42250000000007
2013-06-06,406.19208333333313
2013-06-05,406.0591666666666
2013-06-04,405.92125000000004
2013-06-03,405.7941666666666
2013-06-02,405.5991666666667
2013-06-01,405.37750000000005
2013-05-31,405.19789473684204
2013-05-30,404.9723529411763
2013-05-29,404.8325
2013-05-28,404.64875000000006
2013-05-27,404.52916666666664
2013-05-26,404.41458333333327
2013-05-25,404.26958333333323
2013-05-24,404.13624999999996
2013-05-23,403.91708333333327
2013-05-22,403.65208333333334
2013-05-21,403.3774999999999
2013-05-20,403.1816666666668
2013-05-19,403.0416666666666
2013-05-18,402.92958333333337
2013-05-17,402.78958333333344
2013-05-16,402.6270833333333
2013-05-15,402.565
2013-05-14,402.55125000000004
2013-05-13,402.46
2013-05-12,402.2845833333335
2013-05-11,402.0554166666666
2013-05-10,401.8937500000001
2013-05-09,401.75541666666686
2013-05-08,401.64416666666676
2013-05-07,401.56166666666667
2013-05-06,401.44874999999996
2013-05-05,401.3066666666668
2013-05-04,401.16333333333324
2013-05-03,401.1695833333333
2013-05-02,400.9591666666666
2013-05-01,400.6566666666667
2013-04-30,400.5116666666666
2013-04-29,400.44749999999993
2013-04-28,400.38499999999993
2013-04-27,400.30916666666684
2013-04-26,400.2295833333332
2013-04-25,400.1812500000001
2013-04-24,400.0233333333333
2013-04-23,399.75958333333324
2013-04-22,399.6729166666666
2013-04-21,399.5820833333334
2013-04-20,399.51125
2013-04-19,399.4445833333334
2013-04-18,399.10791666666665
2013-04-17,399.01291666666685
2013-04-16,398.9704166666667
2013-04-15,398.87291666666664
2013-04-14,398.82749999999993
2013-04-13,398.8316666666667
2013-04-12,398.78375000000005
2013-04-11,398.67916666666673
2013-04-10,398.4845833333334
2013-04-09,398.32374999999996
2013-04-08,398.2741666666668
2013-04-07,398.20875
2013-04-06,398.1758333333334
2013-04-05,398.15833333333336
2013-04-04,398.00125
2013-04-03,397.78375
2013-04-02,397.63124999999997
2013-04-01,397.53458333333333
2013-03-31,397.38500000000005
2013-03-30,397.355
2013-03-29,397.2858333333334
2013-03-28,397.1899999999998
2013-03-27,397.13124999999997
2013-03-26,397.0770833333335
2013-03-25,396.92947368421045
2013-03-24,396.66823529411766
2013-03-23,396.45736842105254
2013-03-21,396.5170588235294
2013-03-20,396.55999999999995
2013-03-19,396.40333333333336
2013-03-18,396.28958333333327
2013-03-17,396.2333333333331
2013-03-16,396.27666666666664
2013-03-15,396.38791666666657
2013-03-14,396.4479166666666
2013-03-13,396.4312499999999
2013-03-12,396.3324999999999
2013-03-11,396.3399999999999
2013-03-10,396.19173913043477
2013-03-09,396.12708333333336
2013-03-08,396.27124999999984
2013-03-07,396.33375
2013-03-06,396.46333333333314
2013-03-05,396.37500000000006
2013-03-04,396.24999999999994
2013-03-03,396.4375
2013-03-02,396.55916666666667
2013-03-01,396.5549999999999
2013-02-28,396.6187500000001
2013-02-27,396.5850000000001
2013-02-26,396.5887500000001
2013-02-25,396.54916666666674
2013-02-24,396.66125000000005
2013-02-23,396.81958333333347
2013-02-22,396.86208333333343
2013-02-21,396.8404166666667
2013-02-20,396.9545
2013-02-19,397.18625000000003
2013-02-18,397.1624999999999
2013-02-17,397.3733333333332
2013-02-16,397.56791666666686
2013-02-15,397.5920833333335
2013-02-14,397.6587499999999
2013-02-13,397.7558333333334
2013-02-12,397.78333333333336
2013-02-11,397.9312499999999
2013-02-10,397.9675
2013-02-09,398.1466666666666
2013-02-08,398.3504166666667
2013-02-07,398.36958333333337
2013-02-06,398.4616666666668
2013-02-05,398.5687500000001
2013-02-04,398.7112499999999
2013-02-03,399.0075
2013-02-02,399.13499999999993
2013-02-01,399.29916666666674
2013-01-31,399.4283333333332
2013-01-30,399.4300000000001
2013-01-29,399.3645833333333
2013-01-28,399.65625000000006
2013-01-27,399.82666666666665
2013-01-26,399.98041666666654
2013-01-25,400.1366666666666
2013-01-24,400.3179166666667
2013-01-23,400.46333333333337
2013-01-22,400.61999999999995
2013-01-21,400.73666666666674
2013-01-20,400.87166666666667
2013-01-19,401.0325000000002
2013-01-18,401.27500000000003
2013-01-17,401.42333333333335
2013-01-16,401.4983333333334
2013-01-15,401.5608333333334
2013-01-14,401.6858333333332
2013-01-13,401.7391666666667
2013-01-12,401.74541666666687
2013-01-11,401.93666666666667
2013-01-10,402.0804166666665
2013-01-09,402.1595833333335
2013-01-08,402.33499999999987
2013-01-07,402.6095833333333
2013-01-06,402.80041666666654
2013-01-05,402.88499999999993
2013-01-04,403.03208333333345
2013-01-03,403.09708333333333
2013-01-02,403.1637500000001
2013-01-01,403.2
2012-12-31,403.2908333333334
2012-12-30,403.5712499999999
2012-12-29,403.72541666666666
2012-12-28,403.6570833333332
2012-12-27,403.8645833333333
2012-12-26,404.11375000000004
2012-12-25,404.0591666666666
2012-12-24,404.2520833333335
2012-12-23,404.44458333333336
2012-12-22,404.7129166666667
2012-12-21,404.87916666666666
2012-12-20,404.90708333333333
2012-12-19,404.78958333333344
2012-12-18,404.9841666666667
2012-12-17,405.1666666666667
2012-12-16,405.2579166666667
2012-12-15,405.399
2012-12-14,405.7575
2012-12-13,405.8395833333334
2012-12-12,406.00416666666666
2012-12-11,406.0966666666666
2012-12-10,406.1410000000001
2012-12-05,406.92
2012-12-04,406.93499999999995
2012-12-03,407.0275000000002
2012-12-02,407.20208333333335
2012-12-01,407.3158333333334
2012-11-30,407.4591666666665
2012-11-29,407.6670833333333
2012-11-28,407.87125
2012-11-27,407.9437500000001
2012-11-26,407.9366666666665
2012-11-25,408.1329166666667
2012-11-24,408.43899999999996
2012-11-23,408.35
2012-11-22,408.4129166666666
2012-11-21,408.55150000000015
2012-11-19,408.84
2012-11-18,408.90625
2012-11-17,409.02350000000007
2012-11-16,409.13
2012-11-15,409.1558333333332
2012-11-14,409.26416666666665
2012-11-13,409.3774999999999
2012-11-12,409.46166666666664
2012-11-11,409.32333333333344
2012-11-10,409.4037499999999
2012-11-09,409.47749999999996
2012-11-08,409.60541666666677
2012-11-07,409.73583333333346
2012-11-06,409.7841666666668
2012-11-05,409.83791666666656
2012-11-04,409.9104166666666
2012-11-03,409.92666666666656
2012-11-02,409.97749999999996
2012-11-01,410.06125000000014
2012-10-31,410.1058333333331
2012-10-30,410.1749999999999
2012-10-29,410.29166666666674
2012-10-28,410.31958333333336
2012-10-27,410.37125
2012-10-26,410.35249999999996
2012-10-25,410.3066666666669
2012-10-24,410.3845833333332
2012-10-23,410.4079166666667
2012-10-22,410.43875
2012-10-21,410.45874999999995
2012-10-20,410.5254166666667
2012-10-19,410.6395833333332
2012-10-18,410.60125
2012-10-17,410.64375
2012-10-16,410.78500000000014
2012-10-15,410.92333333333335
2012-10-14,410.9449999999999
2012-10-13,410.99625
2012-10-12,411.1129166666667
2012-10-11,411.1675
2012-10-10,411.20374999999984
2012-10-09,411.2679166666666
2012-10-08,411.3866666666667
2012-10-07,411.41708333333344
2012-10-06,411.3679166666666
2012-10-05,411.41041666666666
2012-10-04,411.39999999999986
2012-10-03,411.38291666666674
2012-10-02,411.36125
2012-10-01,411.31874999999985
2012-09-30,411.29000000000013
2012-09-29,411.24999999999994
2012-09-28,411.3491666666666
2012-09-27,411.35625000000005
2012-09-26,411.26708333333346
2012-09-25,411.23208333333326
2012-09-24,411.20958333333334
2012-09-23,411.13791666666657
2012-09-22,410.98833333333346
2012-09-21,410.8454166666668
2012-09-20,410.74916666666695
2012-09-19,410.59125
2012-09-18,410.37958333333336
2012-09-17,410.1770833333333
2012-09-16,410.085
2012-09-15,409.97916666666674
2012-09-14,409.8116666666669
2012-09-13,409.6458333333333
2012-09-12,409.3874999999999
2012-09-11,409.2216666666668
2012-09-10,409.04
2012-09-09,408.80916666666667
2012-09-08,408.5470833333332
2012-09-07,408.3020833333333
2012-09-06,408.1075000000001
2012-09-05,407.90208333333334
2012-09-04,407.7083333333333
2012-09-03,407.535
2012-09-02,407.3387500000001
2012-09-01,407.1320833333334
2012-08-31,406.8725
2012-08-30,406.61583333333346
2012-08-29,406.4204166666666
2012-08-28,406.29041666666654
2012-08-27,406.1605263157894
2012-08-25,405.6447058823529
2012-08-24,405.4620833333333
2012-08-23,405.2979166666667
2012-08-22,405.12916666666666
2012-08-21,404.91625
2012-08-20,404.7516666666667
2012-08-19,404.5287499999999
2012-08-18,404.3533333333334
2012-08-17,404.1954166666667
2012-08-16,403.98583333333323
2012-08-15,403.79249999999996
2012-08-14,403.6591666666665
2012-08-13,403.49500000000006
2012-08-12,403.30208333333326
2012-08-11,403.12958333333336
2012-08-10,402.9670833333333
2012-08-09,402.8454166666667
2012-08-08,402.6900000000001
2012-08-07,402.5125
2012-08-06,402.435
2012-08-05,402.26708333333335
2012-08-04,402.08375000000007
2012-08-03,401.9883333333333
2012-08-02,401.9436842105262
2012-08-01,401.9229411764705
2012-07-31,401.8795833333334
2012-07-30,401.79916666666674
2012-07-29,401.7225
2012-07-28,401.68
2012-07-27,401.5850000000001
2012-07-26,401.5208333333333
2012-07-25,401.51833333333343
2012-07-24,401.54083333333324
2012-07-23,401.5629166666667
2012-07-22,401.52583333333337
2012-07-21,401.50875
2012-07-20,401.52166666666676
2012-07-19,401.47833333333324
2012-07-18,401.4179166666666
2012-07-17,401.3645833333334
2012-07-16,401.32875000000007
2012-07-15,401.3354166666666
2012-07-14,401.27791666666667
2012-07-13,401.18541666666687
2012-07-12,401.07250000000005
2012-07-11,400.9554166666665
2012-07-10,400.81916666666666
2012-07-09,400.7195833333333
2012-07-08,400.53124999999994
2012-07-07,400.3983333333333
2012-07-06,400.2937500000001
2012-07-05,400.1800000000001
2012-07-04,400.02291666666656
2012-07-03,399.9399999999998
2012-07-02,399.7933333333333
2012-07-01,399.5920833333332
2012-06-30,399.36583333333334
2012-06-29,399.25124999999997
2012-06-28,399.11625
2012-06-27,398.88999999999993
2012-06-26,398.7304166666666
2012-06-25,398.608947368421
2012-06-24,398.4599999999999
2012-06-23,398.29458333333326
2012-06-22,398.17666666666673
2012-06-21,398.0304166666667
2012-06-20,397.82750000000004
2012-06-19,397.6429166666666
2012-06-18,397.4912499999998
2012-06-17,397.38750000000005
2012-06-16,397.2266666666667
2012-06-15,397.0133333333334
2012-06-14,396.8375000000001
2012-06-13,396.7133333333333
2012-06-12,396.5970833333334
2012-06-11,396.44250000000005
2012-06-10,396.25708333333347
2012-06-09,396.15625000000006
2012-06-08,396.0933333333335
2012-06-07,395.9804166666666
2012-06-06,395.87416666666667
2012-06-05,395.81083333333345
2012-06-04,395.7545833333332
2012-06-03,395.6812500000001
2012-06-02,395.5537500000001
2012-06-01,395.47375000000005
2012-05-31,395.3141666666668
2012-05-30,395.25999999999993
2012-05-29,395.20124999999985
2012-05-28,395.12708333333336
2012-05-27,395.0929166666667
2012-05-26,395.0550000000001
2012-05-25,394.9179166666666
2012-05-24,394.77874999999995
2012-05-23,394.76315789473693
2012-05-22,394.86117647058813
2012-05-21,394.83666666666676
2012-05-20,394.6733333333332
2012-05-19,394.4658333333334
2012-05-18,394.4008333333333
2012-05-17,394.35125
2012-05-16,394.2757894736842
2012-05-15,394.04599999999994
2012-05-14,394.0073684210526
2012-05-13,393.79200000000003
2012-05-12,393.63124999999997
2012-05-11,393.3045833333333
2012-05-10,393.1345833333333
2012-05-09,393.0058333333334
2012-05-08,392.8062499999999
2012-05-07,392.5795833333332
2012-05-06,392.3562500000001
2012-05-05,392.14916666666676
2012-05-04,391.965
2012-05-03,391.7545833333333
2012-05-02,391.53999999999996
2012-05-01,391.3708333333332
2012-04-30,391.19958333333346
2012-04-29,390.9650000000001
2012-04-28,390.75791666666663
2012-04-27,390.5808333333334
2012-04-26,390.45458333333335
2012-04-25,390.3279166666667
2012-04-24,390.25125
2012-04-23,390.16333333333336
2012-04-22,389.93083333333334
2012-04-21,389.8104166666667
2012-04-20,389.59250000000003
2012-04-19,389.5354166666668
2012-04-18,389.5649999999999
2012-04-17,389.5366666666667
2012-04-16,389.4316666666668
2012-04-15,389.26416666666665
2012-04-14,389.24125000000004
2012-04-13,389.2591666666669
2012-04-12,389.2708333333332
2012-04-11,389.34374999999994
2012-04-10,389.37958333333336
2012-04-09,389.4120833333333
2012-04-08,389.43916666666655
2012-04-07,389.40208333333334
2012-04-06,389.3842105263158
2012-04-05,389.41647058823526
2012-04-04,389.44333333333316
2012-04-03,389.4458333333334
2012-04-02,389.46166666666664
2012-04-01,389.6354166666665
2012-03-31,389.7545833333335
2012-03-30,389.78999999999996
2012-03-29,389.8554166666666
2012-03-28,389.94583333333327
2012-03-27,390.0616666666668
2012-03-26,390.14583333333326
2012-03-25,390.19958333333346
2012-03-24,390.24625000000015
2012-03-23,390.29791666666665
2012-03-22,390.35208333333327
2012-03-21,390.4079166666667
2012-03-20,390.40749999999997
2012-03-19,390.53333333333325
2012-03-18,390.7345833333336
2012-03-17,390.80708333333354
2012-03-16,390.8958333333333
2012-03-15,390.9830434782608
2012-03-14,391.11791666666664
2012-03-13,391.2350000000002
2012-03-12,391.3341666666668
2012-03-11,391.4154166666668
2012-03-10,391.57666666666677
2012-03-09,391.70750000000004
2012-03-08,391.61749999999984
2012-03-07,391.75458333333336
2012-03-06,391.9608333333335
2012-03-05,392.19874999999985
2012-03-04,392.3150000000002
2012-03-03,392.3275000000001
2012-03-02,392.31666666666666
2012-03-01,392.5445833333333
2012-02-29,392.75708333333336
2012-02-28,392.89250000000004
2012-02-27,393.18
2012-02-26,393.29875
2012-02-25,393.56458333333336
2012-02-24,393.5608333333333
2012-02-23,393.50666666666666
2012-02-22,393.7795833333334
2012-02-21,394.02208333333334
2012-02-20,394.1579166666666
2012-02-19,394.3283333333332
2012-02-18,394.35833333333335
2012-02-17,394.5866666666666
2012-02-16,394.82416666666677
2012-02-15,394.89166666666665
2012-02-14,395.03208333333333
2012-02-13,395.23166666666674
2012-02-12,395.61291666666654
2012-02-11,395.76
2012-02-10,395.7761904761906
2012-02-09,396.00384615384615
2012-02-08,396.238
2012-02-07,396.2461904761906
2012-02-06,396.51
2012-02-05,396.66600000000005
2012-02-04,396.66200000000003
2012-02-03,396.7684615384615
2012-02-02,396.95307692307694
2012-02-01,397.11437500000005
2012-01-31,397.2361538461538
2012-01-30,397.411
2012-01-29,397.78
2012-01-28,397.775
2012-01-27,397.86
2012-01-26,397.9746153846154
2012-01-25,398.002
2012-01-24,398.16428571428577
2012-01-23,398.43692307692305
2012-01-22,398.45461538461535
2012-01-21,398.71000000000004
2012-01-20,398.86
2012-01-19,399.0261538461537
2012-01-18,399.35875
2012-01-17,399.37199999999996
2012-01-16,399.632
2012-01-15,399.83125
2012-01-14,400.06523809523804
2012-01-13,400.27153846153846
2012-01-12,400.353125
2012-01-11,400.278
2012-01-10,400.68
2012-01-09,400.7753846153846
2012-01-08,400.9241666666666
2012-01-07,401.11999999999995
2012-01-06,401.3180952380952
2012-01-05,401.6856250000001
2012-01-04,401.80583333333334
2012-01-03,402.0953846153846
2012-01-02,402.3999999999999
2012-01-01,402.425625
2011-12-31,402.39
2011-12-30,402.61846153846153
2011-12-29,402.8960000000001
2011-12-28,403.0019047619047
2011-12-27,403.305
2011-12-26,403.49062499999997
2011-12-25,403.6891666666668
2011-12-24,403.8379166666668
2011-12-23,403.9837500000001
2011-12-22,404.00923076923084
2011-12-21,404.17923076923086
2011-12-20,404.33076923076925
2011-12-19,404.4307692307692
2011-12-18,404.8061538461539
2011-12-17,405.015
2011-12-16,405.092
2011-12-15,405.1107692307692
2011-12-14,405.262380952381
2011-12-13,405.56
2011-12-12,405.765
2011-12-11,406.03
2011-12-10,406.08299999999997
2011-12-09,406.1353846153847
2011-12-08,406.32846153846157
2011-12-07,406.596
2011-12-06,406.602
2011-12-05,406.6423076923078
2011-12-04,406.756
2011-12-03,406.78000000000003
2011-12-02,407.03499999999997
2011-12-01,407.12
2011-11-30,407.3415384615385
2011-11-29,407.4
2011-11-28,407.58000000000004
2011-11-27,407.73458333333355
2011-11-26,407.6214285714285
2011-11-25,407.7774999999999
2011-11-24,407.9046153846154
2011-11-23,408.01238095238097
2011-11-22,407.96187499999996
2011-11-21,408.00307692307683
2011-11-20,408.1028571428572
2011-11-19,408.185
2011-11-18,408.358125
2011-11-17,408.46666666666664
2011-11-16,408.265
2011-11-15,408.27
2011-11-14,408.4
2011-11-13,408.45
2011-11-12,408.56
2011-11-11,408.682
2011-11-10,408.7128571428571
2011-11-09,408.6571428571429
2011-11-08,408.47
2011-11-07,408.4714285714285
2011-11-06,408.43800000000005
2011-11-05,408.46600000000007
2011-11-04,408.63
2011-11-03,408.63
2011-11-02,408.46307692307704
2011-11-01,408.48049999999995
2011-10-31,408.495
2011-10-30,408.4533333333333
2011-10-29,408.48600000000016
2011-10-28,408.41294117647055
2011-10-27,408.2133333333332
2011-10-26,408.04538461538465
2011-10-25,407.86416666666673
2011-10-24,407.8810000000001
2011-10-23,407.77
2011-10-22,407.73444444444453
2011-10-21,407.6566666666666
2011-10-20,407.6299999999999
2011-10-19,407.625
2011-10-18,407.3671428571428
2011-10-17,407.2953846153847
2011-10-16,407.29600000000005
2011-10-15,407.21
2011-10-13,406.85599999999994
2011-10-12,406.7025000000001
2011-10-11,406.62307692307695
2011-10-10,406.51708333333335
2011-10-09,406.3944444444444
2011-10-08,406.2616666666666
2011-10-07,406.16666666666674
2011-10-06,405.945
2011-10-05,405.8638461538463
2011-10-04,405.74384615384616
2011-10-03,405.62299999999993
2011-10-02,405.4338461538461
2011-10-01,405.205
2011-09-30,405.00352941176465
2011-09-29,404.8075
2011-09-28,404.6223076923078
2011-09-27,404.4435294117647
2011-09-26,404.2408333333333
2011-09-25,404.083076923077
2011-09-24,404.003
2011-09-23,403.87470588235306
2011-09-22,403.69874999999996
2011-09-21,403.4505882352941
2011-09-20,403.30050000000006
2011-09-19,403.12
2011-09-18,402.91999999999996
2011-09-17,402.73764705882354
2011-09-16,402.58083333333343
2011-09-15,402.38349999999997
2011-09-14,402.105
2011-09-13,401.9315384615384
2011-09-12,401.73294117647066
2011-09-11,401.57149999999996
2011-09-10,401.30499999999995
2011-09-09,401.105
2011-09-08,400.9233333333334
2011-09-07,400.7476923076923
2011-09-06,400.52307692307687
2011-09-05,400.2495833333334
2011-09-04,399.9570833333333
2011-09-03,399.74800000000005
2011-09-02,399.55538461538464
2011-09-01,399.34833333333336
2011-08-31,399.1860000000001
2011-08-30,398.92411764705884
2011-08-29,398.7107692307692
2011-08-28,398.5199999999999
2011-08-27,398.32076923076926
2011-08-26,398.13000000000005
2011-08-25,397.86499999999995
2011-08-24,397.72791666666654
2011-08-23,397.5755555555555
2011-08-22,397.34666666666664
2011-08-21,397.19230769230774
2011-08-20,396.9875
2011-08-19,396.81888888888886
2011-08-18,396.62166666666667
2011-08-17,396.50499999999994
2011-08-16,396.21000000000004
2011-08-15,396.0364705882354
2011-08-14,395.91333333333336
2011-08-13,395.73499999999984
2011-08-12,395.5158823529412
2011-08-11,395.32541666666674
2011-08-10,395.1391666666666
2011-08-09,395.0045
2011-08-08,394.8
2011-08-07,394.7355555555556
2011-08-06,394.5711764705883
2011-08-05,394.43476190476184
2011-08-04,394.27291666666673
2011-08-03,394.1295652173912
2011-08-02,394.0124999999999
2011-08-01,393.9341666666666
2011-07-31,393.82708333333335
2011-07-30,393.66124999999994
2011-07-29,393.53000000000003
